ablated_mean_logprob,ablated_sum_logprob,clean_mean_logprob,clean_sum_logprob,condition,gold,idx,mean_logprob_rescue,num_answer_tokens,patched_mean_logprob,patched_sum_logprob,sum_logprob_rescue,task
-1.0402021408081055,-3.1206061840057373,-0.31206074357032776,-0.9361822009086609,patch_qr,Gressette,754737_1993.txt_ceo_lastname_200,1.2213362346208643,3,-0.15089666843414307,-0.4526900053024292,1.2213362421157528,ceo_lastname
-1.0402021408081055,-3.1206061840057373,-0.31206074357032776,-0.9361822009086609,patch_bottom,Gressette,754737_1993.txt_ceo_lastname_200,0.029231055798882556,3,-1.0189177989959717,-3.056753158569336,0.029231058590498786,ceo_lastname
-1.0402021408081055,-3.1206061840057373,-0.31206074357032776,-0.9361822009086609,patch_same_layer,Gressette,754737_1993.txt_ceo_lastname_200,0.08876436920510089,3,-0.9755691289901733,-2.9267072677612305,0.08876432310983738,ceo_lastname
-1.0402021408081055,-3.1206061840057373,-0.31206074357032776,-0.9361822009086609,patch_random_00,Gressette,754737_1993.txt_ceo_lastname_200,0.02610503908932948,3,-1.0211939811706543,-3.063581943511963,0.026104932437578096,ceo_lastname
-1.0402021408081055,-3.1206061840057373,-0.31206074357032776,-0.9361822009086609,patch_random_01,Gressette,754737_1993.txt_ceo_lastname_200,0.011688100184791725,3,-1.031691551208496,-3.0950746536254883,0.011687992156197818,ceo_lastname
-1.0402021408081055,-3.1206061840057373,-0.31206074357032776,-0.9361822009086609,patch_random_02,Gressette,754737_1993.txt_ceo_lastname_200,-0.29380153076424714,3,-1.2541311979293823,-3.7623934745788574,-0.2938016133952137,ceo_lastname
-1.0402021408081055,-3.1206061840057373,-0.31206074357032776,-0.9361822009086609,patch_random_03,Gressette,754737_1993.txt_ceo_lastname_200,0.1485149353699647,3,-0.9320622682571411,-2.796186685562134,0.14851489498098328,ceo_lastname
-1.0402021408081055,-3.1206061840057373,-0.31206074357032776,-0.9361822009086609,patch_random_04,Gressette,754737_1993.txt_ceo_lastname_200,-0.17625763786903859,3,-1.1685426235198975,-3.5056278705596924,-0.17625776384677452,ceo_lastname
-1.0402021408081055,-3.1206061840057373,-0.31206074357032776,-0.9361822009086609,patch_random_05,Gressette,754737_1993.txt_ceo_lastname_200,-0.022900601828614996,3,-1.0568770170211792,-3.170630931854248,-0.02290065858807577,ceo_lastname
-1.0402021408081055,-3.1206061840057373,-0.31206074357032776,-0.9361822009086609,patch_random_06,Gressette,754737_1993.txt_ceo_lastname_200,0.5107730232157984,3,-0.6682871580123901,-2.004861354827881,0.510773017423089,ceo_lastname
-1.0402021408081055,-3.1206061840057373,-0.31206074357032776,-0.9361822009086609,patch_random_07,Gressette,754737_1993.txt_ceo_lastname_200,0.32531701487342346,3,-0.803325355052948,-2.409976005554199,0.32531696408313854,ceo_lastname
-1.0402021408081055,-3.1206061840057373,-0.31206074357032776,-0.9361822009086609,patch_random_08,Gressette,754737_1993.txt_ceo_lastname_200,0.15724859449784878,3,-0.9257029294967651,-2.777108669281006,0.15724855494294687,ceo_lastname
-1.0402021408081055,-3.1206061840057373,-0.31206074357032776,-0.9361822009086609,patch_random_09,Gressette,754737_1993.txt_ceo_lastname_200,0.2519960097200554,3,-0.8567134141921997,-2.5701401233673096,0.251995979213695,ceo_lastname
-1.0402021408081055,-3.1206061840057373,-0.31206074357032776,-0.9361822009086609,patch_random_10,Gressette,754737_1993.txt_ceo_lastname_200,-0.007012336215752454,3,-1.0453081130981445,-3.1359243392944336,-0.007012446030270281,ceo_lastname
-1.0402021408081055,-3.1206061840057373,-0.31206074357032776,-0.9361822009086609,patch_random_11,Gressette,754737_1993.txt_ceo_lastname_200,0.002010283815680435,3,-1.0387383699417114,-3.1162149906158447,0.002010229435252191,ceo_lastname
-1.0402021408081055,-3.1206061840057373,-0.31206074357032776,-0.9361822009086609,patch_random_12,Gressette,754737_1993.txt_ceo_lastname_200,0.0005057225105168877,3,-1.039833903312683,-3.1195015907287598,0.0005056679864004454,ceo_lastname
-1.0402021408081055,-3.1206061840057373,-0.31206074357032776,-0.9361822009086609,patch_random_13,Gressette,754737_1993.txt_ceo_lastname_200,0.04795146570097515,3,-1.005286693572998,-3.015860080718994,0.04795136113559518,ceo_lastname
-1.0402021408081055,-3.1206061840057373,-0.31206074357032776,-0.9361822009086609,patch_random_14,Gressette,754737_1993.txt_ceo_lastname_200,0.18568103766924626,3,-0.9050000905990601,-2.7150001525878906,0.1856810008296917,ceo_lastname
-1.0402021408081055,-3.1206061840057373,-0.31206074357032776,-0.9361822009086609,patch_random_15,Gressette,754737_1993.txt_ceo_lastname_200,0.07931821271050607,3,-0.9824472665786743,-2.9473416805267334,0.07931816571311834,ceo_lastname
-1.0402021408081055,-3.1206061840057373,-0.31206074357032776,-0.9361822009086609,patch_random_16,Gressette,754737_1993.txt_ceo_lastname_200,-0.49689815204590665,3,-1.4020142555236816,-4.206042766571045,-0.49689830864536455,ceo_lastname
-1.0402021408081055,-3.1206061840057373,-0.31206074357032776,-0.9361822009086609,patch_random_17,Gressette,754737_1993.txt_ceo_lastname_200,0.2582862711113874,3,-0.8521332144737244,-2.5563995838165283,0.2582862139195509,ceo_lastname
-1.0402021408081055,-3.1206061840057373,-0.31206074357032776,-0.9361822009086609,patch_random_18,Gressette,754737_1993.txt_ceo_lastname_200,0.32472198461622903,3,-0.8037586212158203,-2.411275863647461,0.32472190648291077,ceo_lastname
-1.0402021408081055,-3.1206061840057373,-0.31206074357032776,-0.9361822009086609,patch_random_19,Gressette,754737_1993.txt_ceo_lastname_200,0.058384591491345644,3,-0.9976899027824402,-2.993069648742676,0.058384515208554075,ceo_lastname
-1.0402021408081055,-3.1206061840057373,-0.31206074357032776,-0.9361822009086609,patch_matched_layer_random_00,Gressette,754737_1993.txt_ceo_lastname_200,-0.09745857248156554,3,-1.1111657619476318,-3.3334970474243164,-0.09745858178902725,ceo_lastname
-1.0402021408081055,-3.1206061840057373,-0.31206074357032776,-0.9361822009086609,patch_matched_layer_random_01,Gressette,754737_1993.txt_ceo_lastname_200,-0.16216420420269487,3,-1.158280611038208,-3.474841594696045,-0.16216421968965597,ceo_lastname
-1.0402021408081055,-3.1206061840057373,-0.31206074357032776,-0.9361822009086609,patch_matched_layer_random_02,Gressette,754737_1993.txt_ceo_lastname_200,-0.2284153265354394,3,-1.2065207958221436,-3.6195623874664307,-0.22841545749432454,ceo_lastname
-1.0402021408081055,-3.1206061840057373,-0.31206074357032776,-0.9361822009086609,patch_matched_layer_random_03,Gressette,754737_1993.txt_ceo_lastname_200,0.08224547670792982,3,-0.9803158044815063,-2.9409472942352295,0.08224542999010084,ceo_lastname
-1.0402021408081055,-3.1206061840057373,-0.31206074357032776,-0.9361822009086609,patch_matched_layer_random_04,Gressette,754737_1993.txt_ceo_lastname_200,0.009003792550465118,3,-1.0336461067199707,-3.100938081741333,0.00900379341034283,ceo_lastname
-1.0402021408081055,-3.1206061840057373,-0.31206074357032776,-0.9361822009086609,patch_matched_layer_random_05,Gressette,754737_1993.txt_ceo_lastname_200,-0.033653058067921446,3,-1.0647063255310059,-3.1941187381744385,-0.033653061281846516,ceo_lastname
-1.0402021408081055,-3.1206061840057373,-0.31206074357032776,-0.9361822009086609,patch_matched_layer_random_06,Gressette,754737_1993.txt_ceo_lastname_200,0.2690152339287906,3,-0.8443210124969482,-2.5329630374908447,0.26901515047538166,ceo_lastname
-1.0402021408081055,-3.1206061840057373,-0.31206074357032776,-0.9361822009086609,patch_matched_layer_random_07,Gressette,754737_1993.txt_ceo_lastname_200,0.04764875255045857,3,-1.0055071115493774,-3.0165212154388428,0.047648702528582776,ceo_lastname
-1.0402021408081055,-3.1206061840057373,-0.31206074357032776,-0.9361822009086609,patch_matched_layer_random_08,Gressette,754737_1993.txt_ceo_lastname_200,0.0699560431527501,3,-0.9892642498016357,-2.9677927494049072,0.06995594068884521,ceo_lastname
-1.0402021408081055,-3.1206061840057373,-0.31206074357032776,-0.9361822009086609,patch_matched_layer_random_09,Gressette,754737_1993.txt_ceo_lastname_200,-0.2734225016475069,3,-1.2392923831939697,-3.717877149581909,-0.27342263690465485,ceo_lastname
-1.0402021408081055,-3.1206061840057373,-0.31206074357032776,-0.9361822009086609,patch_matched_layer_random_10,Gressette,754737_1993.txt_ceo_lastname_200,0.13471864846846016,3,-0.9421079158782959,-2.8263237476348877,0.13471855218949572,ceo_lastname
-1.0402021408081055,-3.1206061840057373,-0.31206074357032776,-0.9361822009086609,patch_matched_layer_random_11,Gressette,754737_1993.txt_ceo_lastname_200,-0.02433934880900425,3,-1.0579246282577515,-3.173773765563965,-0.02433940570586784,ceo_lastname
-1.0402021408081055,-3.1206061840057373,-0.31206074357032776,-0.9361822009086609,patch_matched_layer_random_12,Gressette,754737_1993.txt_ceo_lastname_200,-0.06836602145571545,3,-1.089982271194458,-3.269946575164795,-0.06836602798478837,ceo_lastname
-1.0402021408081055,-3.1206061840057373,-0.31206074357032776,-0.9361822009086609,patch_matched_layer_random_13,Gressette,754737_1993.txt_ceo_lastname_200,0.33192390537946564,3,-0.7985146045684814,-2.3955438137054443,0.33192382793394326,ceo_lastname
-1.0402021408081055,-3.1206061840057373,-0.31206074357032776,-0.9361822009086609,patch_matched_layer_random_14,Gressette,754737_1993.txt_ceo_lastname_200,-0.0881828456190355,3,-1.1044117212295532,-3.31323504447937,-0.08818290861306312,ceo_lastname
-1.0402021408081055,-3.1206061840057373,-0.31206074357032776,-0.9361822009086609,patch_matched_layer_random_15,Gressette,754737_1993.txt_ceo_lastname_200,0.3538214936241759,3,-0.7825700640678406,-2.347710132598877,0.3538214455561179,ceo_lastname
-1.0402021408081055,-3.1206061840057373,-0.31206074357032776,-0.9361822009086609,patch_matched_layer_random_16,Gressette,754737_1993.txt_ceo_lastname_200,-0.2512450388052801,3,-1.2231440544128418,-3.6694321632385254,-0.2512451719444421,ceo_lastname
-1.0402021408081055,-3.1206061840057373,-0.31206074357032776,-0.9361822009086609,patch_matched_layer_random_17,Gressette,754737_1993.txt_ceo_lastname_200,-0.1839467810962759,3,-1.1741414070129395,-3.5224242210388184,-0.1839469078083383,ceo_lastname
-1.0402021408081055,-3.1206061840057373,-0.31206074357032776,-0.9361822009086609,patch_matched_layer_random_18,Gressette,754737_1993.txt_ceo_lastname_200,0.2818857817769712,3,-0.8349494338035583,-2.5048482418060303,0.28188572683892865,ceo_lastname
-1.0402021408081055,-3.1206061840057373,-0.31206074357032776,-0.9361822009086609,patch_matched_layer_random_19,Gressette,754737_1993.txt_ceo_lastname_200,-0.04192012310225643,3,-1.070725917816162,-3.2121775150299072,-0.041920127105700464,ceo_lastname
-0.775365948677063,-1.550731897354126,-0.026395339518785477,-0.05279067903757095,patch_qr,Beard,764764_1993.txt_ceo_lastname_45,0.9725339136207165,2,-0.04696663096547127,-0.09393326193094254,0.9725339136207165,ceo_lastname
-0.775365948677063,-1.550731897354126,-0.026395339518785477,-0.05279067903757095,patch_bottom,Beard,764764_1993.txt_ceo_lastname_45,-0.020128856630665406,2,-0.7904418706893921,-1.5808837413787842,-0.020128856630665406,ceo_lastname
-0.775365948677063,-1.550731897354126,-0.026395339518785477,-0.05279067903757095,patch_same_layer,Beard,764764_1993.txt_ceo_lastname_45,-0.18830347536917222,2,-0.9163997173309326,-1.8327994346618652,-0.18830347536917222,ceo_lastname
-0.775365948677063,-1.550731897354126,-0.026395339518785477,-0.05279067903757095,patch_random_00,Beard,764764_1993.txt_ceo_lastname_45,0.20002933893144245,2,-0.625549852848053,-1.251099705696106,0.20002933893144245,ceo_lastname
-0.775365948677063,-1.550731897354126,-0.026395339518785477,-0.05279067903757095,patch_random_01,Beard,764764_1993.txt_ceo_lastname_45,0.04838041821650503,2,-0.739130437374115,-1.47826087474823,0.04838041821650503,ceo_lastname
-0.775365948677063,-1.550731897354126,-0.026395339518785477,-0.05279067903757095,patch_random_02,Beard,764764_1993.txt_ceo_lastname_45,-0.191870662872584,2,-0.9190714359283447,-1.8381428718566895,-0.191870662872584,ceo_lastname
-0.775365948677063,-1.550731897354126,-0.026395339518785477,-0.05279067903757095,patch_random_03,Beard,764764_1993.txt_ceo_lastname_45,0.06484857839059721,2,-0.7267962694168091,-1.4535925388336182,0.06484857839059721,ceo_lastname
-0.775365948677063,-1.550731897354126,-0.026395339518785477,-0.05279067903757095,patch_random_04,Beard,764764_1993.txt_ceo_lastname_45,-0.7319207589015537,2,-1.3235530853271484,-2.647106170654297,-0.7319207589015537,ceo_lastname
-0.775365948677063,-1.550731897354126,-0.026395339518785477,-0.05279067903757095,patch_random_05,Beard,764764_1993.txt_ceo_lastname_45,0.06313016236879705,2,-0.7280833125114441,-1.4561666250228882,0.06313016236879705,ceo_lastname
-0.775365948677063,-1.550731897354126,-0.026395339518785477,-0.05279067903757095,patch_random_06,Beard,764764_1993.txt_ceo_lastname_45,0.5329082800969371,2,-0.37623330950737,-0.75246661901474,0.5329082800969371,ceo_lastname
-0.775365948677063,-1.550731897354126,-0.026395339518785477,-0.05279067903757095,patch_random_07,Beard,764764_1993.txt_ceo_lastname_45,0.3481882667681312,2,-0.514583170413971,-1.029166340827942,0.3481882667681312,ceo_lastname
-0.775365948677063,-1.550731897354126,-0.026395339518785477,-0.05279067903757095,patch_random_08,Beard,764764_1993.txt_ceo_lastname_45,0.29031481962667577,2,-0.5579286813735962,-1.1158573627471924,0.29031481962667577,ceo_lastname
-0.775365948677063,-1.550731897354126,-0.026395339518785477,-0.05279067903757095,patch_random_09,Beard,764764_1993.txt_ceo_lastname_45,0.23142964540305733,2,-0.602031946182251,-1.204063892364502,0.23142964540305733,ceo_lastname
-0.775365948677063,-1.550731897354126,-0.026395339518785477,-0.05279067903757095,patch_random_10,Beard,764764_1993.txt_ceo_lastname_45,-0.3506773557281573,2,-1.038012981414795,-2.07602596282959,-0.3506773557281573,ceo_lastname
-0.775365948677063,-1.550731897354126,-0.026395339518785477,-0.05279067903757095,patch_random_11,Beard,764764_1993.txt_ceo_lastname_45,0.15597062599275235,2,-0.6585485339164734,-1.3170970678329468,0.15597062599275235,ceo_lastname
-0.775365948677063,-1.550731897354126,-0.026395339518785477,-0.05279067903757095,patch_random_12,Beard,764764_1993.txt_ceo_lastname_45,0.07360109598859672,2,-0.7202408909797668,-1.4404817819595337,0.07360109598859672,ceo_lastname
-0.775365948677063,-1.550731897354126,-0.026395339518785477,-0.05279067903757095,patch_random_13,Beard,764764_1993.txt_ceo_lastname_45,0.11381790405679988,2,-0.6901196837425232,-1.3802393674850464,0.11381790405679988,ceo_lastname
-0.775365948677063,-1.550731897354126,-0.026395339518785477,-0.05279067903757095,patch_random_14,Beard,764764_1993.txt_ceo_lastname_45,0.13323107897190706,2,-0.6755797863006592,-1.3511595726013184,0.13323107897190706,ceo_lastname
-0.775365948677063,-1.550731897354126,-0.026395339518785477,-0.05279067903757095,patch_random_15,Beard,764764_1993.txt_ceo_lastname_45,0.055259653049851455,2,-0.7339780926704407,-1.4679561853408813,0.055259653049851455,ceo_lastname
-0.775365948677063,-1.550731897354126,-0.026395339518785477,-0.05279067903757095,patch_random_16,Beard,764764_1993.txt_ceo_lastname_45,-0.9025057599152554,2,-1.451316237449646,-2.902632474899292,-0.9025057599152554,ceo_lastname
-0.775365948677063,-1.550731897354126,-0.026395339518785477,-0.05279067903757095,patch_random_17,Beard,764764_1993.txt_ceo_lastname_45,0.13251308937580272,2,-0.6761175394058228,-1.3522350788116455,0.13251308937580272,ceo_lastname
-0.775365948677063,-1.550731897354126,-0.026395339518785477,-0.05279067903757095,patch_random_18,Beard,764764_1993.txt_ceo_lastname_45,0.3015344615284694,2,-0.5495254993438721,-1.0990509986877441,0.3015344615284694,ceo_lastname
-0.775365948677063,-1.550731897354126,-0.026395339518785477,-0.05279067903757095,patch_random_19,Beard,764764_1993.txt_ceo_lastname_45,0.0043295043224190295,2,-0.7721232771873474,-1.5442465543746948,0.0043295043224190295,ceo_lastname
-0.775365948677063,-1.550731897354126,-0.026395339518785477,-0.05279067903757095,patch_matched_layer_random_00,Beard,764764_1993.txt_ceo_lastname_45,0.09251863366090432,2,-0.706072211265564,-1.412144422531128,0.09251863366090432,ceo_lastname
-0.775365948677063,-1.550731897354126,-0.026395339518785477,-0.05279067903757095,patch_matched_layer_random_01,Beard,764764_1993.txt_ceo_lastname_45,0.19234393754871262,2,-0.631305992603302,-1.262611985206604,0.19234393754871262,ceo_lastname
-0.775365948677063,-1.550731897354126,-0.026395339518785477,-0.05279067903757095,patch_matched_layer_random_02,Beard,764764_1993.txt_ceo_lastname_45,-0.2744876135877004,2,-0.9809491038322449,-1.9618982076644897,-0.2744876135877004,ceo_lastname
-0.775365948677063,-1.550731897354126,-0.026395339518785477,-0.05279067903757095,patch_matched_layer_random_03,Beard,764764_1993.txt_ceo_lastname_45,0.066966576075226,2,-0.7252099514007568,-1.4504199028015137,0.066966576075226,ceo_lastname
-0.775365948677063,-1.550731897354126,-0.026395339518785477,-0.05279067903757095,patch_matched_layer_random_04,Beard,764764_1993.txt_ceo_lastname_45,-0.011977502123884272,2,-0.7843367457389832,-1.5686734914779663,-0.011977502123884272,ceo_lastname
-0.775365948677063,-1.550731897354126,-0.026395339518785477,-0.05279067903757095,patch_matched_layer_random_05,Beard,764764_1993.txt_ceo_lastname_45,0.1434215653143102,2,-0.6679474115371704,-1.3358948230743408,0.1434215653143102,ceo_lastname
-0.775365948677063,-1.550731897354126,-0.026395339518785477,-0.05279067903757095,patch_matched_layer_random_06,Beard,764764_1993.txt_ceo_lastname_45,0.39353501579781536,2,-0.48061978816986084,-0.9612395763397217,0.39353501579781536,ceo_lastname
-0.775365948677063,-1.550731897354126,-0.026395339518785477,-0.05279067903757095,patch_matched_layer_random_07,Beard,764764_1993.txt_ceo_lastname_45,0.6407975175680816,2,-0.29542744159698486,-0.5908548831939697,0.6407975175680816,ceo_lastname
-0.775365948677063,-1.550731897354126,-0.026395339518785477,-0.05279067903757095,patch_matched_layer_random_08,Beard,764764_1993.txt_ceo_lastname_45,0.26746242520533436,2,-0.5750444531440735,-1.150088906288147,0.26746242520533436,ceo_lastname
-0.775365948677063,-1.550731897354126,-0.026395339518785477,-0.05279067903757095,patch_matched_layer_random_09,Beard,764764_1993.txt_ceo_lastname_45,-0.5362489371874348,2,-1.177000641822815,-2.35400128364563,-0.5362489371874348,ceo_lastname
-0.775365948677063,-1.550731897354126,-0.026395339518785477,-0.05279067903757095,patch_matched_layer_random_10,Beard,764764_1993.txt_ceo_lastname_45,0.24219288403133532,2,-0.5939705967903137,-1.1879411935806274,0.24219288403133532,ceo_lastname
-0.775365948677063,-1.550731897354126,-0.026395339518785477,-0.05279067903757095,patch_matched_layer_random_11,Beard,764764_1993.txt_ceo_lastname_45,0.10956758391173885,2,-0.6933030486106873,-1.3866060972213745,0.10956758391173885,ceo_lastname
-0.775365948677063,-1.550731897354126,-0.026395339518785477,-0.05279067903757095,patch_matched_layer_random_12,Beard,764764_1993.txt_ceo_lastname_45,0.01586349547101074,2,-0.7634846568107605,-1.526969313621521,0.01586349547101074,ceo_lastname
-0.775365948677063,-1.550731897354126,-0.026395339518785477,-0.05279067903757095,patch_matched_layer_random_13,Beard,764764_1993.txt_ceo_lastname_45,0.014899756387789329,2,-0.7642064690589905,-1.528412938117981,0.014899756387789329,ceo_lastname
-0.775365948677063,-1.550731897354126,-0.026395339518785477,-0.05279067903757095,patch_matched_layer_random_14,Beard,764764_1993.txt_ceo_lastname_45,0.12966062860289562,2,-0.6782539486885071,-1.3565078973770142,0.12966062860289562,ceo_lastname
-0.775365948677063,-1.550731897354126,-0.026395339518785477,-0.05279067903757095,patch_matched_layer_random_15,Beard,764764_1993.txt_ceo_lastname_45,0.3315148643896106,2,-0.5270710587501526,-1.0541421175003052,0.3315148643896106,ceo_lastname
-0.775365948677063,-1.550731897354126,-0.026395339518785477,-0.05279067903757095,patch_matched_layer_random_16,Beard,764764_1993.txt_ceo_lastname_45,0.09894146522073508,2,-0.7012616991996765,-1.402523398399353,0.09894146522073508,ceo_lastname
-0.775365948677063,-1.550731897354126,-0.026395339518785477,-0.05279067903757095,patch_matched_layer_random_17,Beard,764764_1993.txt_ceo_lastname_45,-0.06429890491018349,2,-0.8235239386558533,-1.6470478773117065,-0.06429890491018349,ceo_lastname
-0.775365948677063,-1.550731897354126,-0.026395339518785477,-0.05279067903757095,patch_matched_layer_random_18,Beard,764764_1993.txt_ceo_lastname_45,0.36662401448091586,2,-0.5007753372192383,-1.0015506744384766,0.36662401448091586,ceo_lastname
-0.775365948677063,-1.550731897354126,-0.026395339518785477,-0.05279067903757095,patch_matched_layer_random_19,Beard,764764_1993.txt_ceo_lastname_45,0.0674987414963244,2,-0.7248113751411438,-1.4496227502822876,0.0674987414963244,ceo_lastname
-1.4293326139450073,-2.8586652278900146,-1.0510826110839844,-2.1021652221679688,patch_qr,Goldsmith,201461_1993.txt_ceo_lastname_77,3.7057776233449764,2,-0.027622217312455177,-0.055244434624910355,3.7057776233449764,ceo_lastname
-1.4293326139450073,-2.8586652278900146,-1.0510826110839844,-2.1021652221679688,patch_bottom,Goldsmith,201461_1993.txt_ceo_lastname_77,0.03576341691482894,2,-1.4158051013946533,-2.8316102027893066,0.03576341691482894,ceo_lastname
-1.4293326139450073,-2.8586652278900146,-1.0510826110839844,-2.1021652221679688,patch_same_layer,Goldsmith,201461_1993.txt_ceo_lastname_77,-0.16519712788343868,2,-1.4918184280395508,-2.9836368560791016,-0.16519712788343868,ceo_lastname
-1.4293326139450073,-2.8586652278900146,-1.0510826110839844,-2.1021652221679688,patch_random_00,Goldsmith,201461_1993.txt_ceo_lastname_77,2.7253195013789826,2,-0.39848050475120544,-0.7969610095024109,2.7253195013789826,ceo_lastname
-1.4293326139450073,-2.8586652278900146,-1.0510826110839844,-2.1021652221679688,patch_random_01,Goldsmith,201461_1993.txt_ceo_lastname_77,-0.006416658603822072,2,-1.4317597150802612,-2.8635194301605225,-0.006416658603822072,ceo_lastname
-1.4293326139450073,-2.8586652278900146,-1.0510826110839844,-2.1021652221679688,patch_random_02,Goldsmith,201461_1993.txt_ceo_lastname_77,-0.40102887149695665,2,-1.581021785736084,-3.162043571472168,-0.40102887149695665,ceo_lastname
-1.4293326139450073,-2.8586652278900146,-1.0510826110839844,-2.1021652221679688,patch_random_03,Goldsmith,201461_1993.txt_ceo_lastname_77,0.30101535113084155,2,-1.3154735565185547,-2.6309471130371094,0.30101535113084155,ceo_lastname
-1.4293326139450073,-2.8586652278900146,-1.0510826110839844,-2.1021652221679688,patch_random_04,Goldsmith,201461_1993.txt_ceo_lastname_77,-2.544343491677096,2,-2.391730546951294,-4.783461093902588,-2.544343491677096,ceo_lastname
-1.4293326139450073,-2.8586652278900146,-1.0510826110839844,-2.1021652221679688,patch_random_05,Goldsmith,201461_1993.txt_ceo_lastname_77,0.17770803636064522,2,-1.3621145486831665,-2.724229097366333,0.17770803636064522,ceo_lastname
-1.4293326139450073,-2.8586652278900146,-1.0510826110839844,-2.1021652221679688,patch_random_06,Goldsmith,201461_1993.txt_ceo_lastname_77,1.4982226549019522,2,-0.8626298904418945,-1.725259780883789,1.4982226549019522,ceo_lastname
-1.4293326139450073,-2.8586652278900146,-1.0510826110839844,-2.1021652221679688,patch_random_07,Goldsmith,201461_1993.txt_ceo_lastname_77,2.0714757779016706,2,-0.6457968950271606,-1.2915937900543213,2.0714757779016706,ceo_lastname
-1.4293326139450073,-2.8586652278900146,-1.0510826110839844,-2.1021652221679688,patch_random_08,Goldsmith,201461_1993.txt_ceo_lastname_77,1.3390108890948635,2,-0.9228517413139343,-1.8457034826278687,1.3390108890948635,ceo_lastname
-1.4293326139450073,-2.8586652278900146,-1.0510826110839844,-2.1021652221679688,patch_random_09,Goldsmith,201461_1993.txt_ceo_lastname_77,0.852558674134279,2,-1.1068522930145264,-2.2137045860290527,0.852558674134279,ceo_lastname
-1.4293326139450073,-2.8586652278900146,-1.0510826110839844,-2.1021652221679688,patch_random_10,Goldsmith,201461_1993.txt_ceo_lastname_77,-1.0928023432779985,2,-1.8426851034164429,-3.6853702068328857,-1.0928023432779985,ceo_lastname
-1.4293326139450073,-2.8586652278900146,-1.0510826110839844,-2.1021652221679688,patch_random_11,Goldsmith,201461_1993.txt_ceo_lastname_77,0.8413613527425701,2,-1.111087679862976,-2.222175359725952,0.8413613527425701,ceo_lastname
-1.4293326139450073,-2.8586652278900146,-1.0510826110839844,-2.1021652221679688,patch_random_12,Goldsmith,201461_1993.txt_ceo_lastname_77,0.37997271344293126,2,-1.285607933998108,-2.571215867996216,0.37997271344293126,ceo_lastname
-1.4293326139450073,-2.8586652278900146,-1.0510826110839844,-2.1021652221679688,patch_random_13,Goldsmith,201461_1993.txt_ceo_lastname_77,0.5760287375539357,2,-1.2114497423171997,-2.4228994846343994,0.5760287375539357,ceo_lastname
-1.4293326139450073,-2.8586652278900146,-1.0510826110839844,-2.1021652221679688,patch_random_14,Goldsmith,201461_1993.txt_ceo_lastname_77,0.1578330981714099,2,-1.3696322441101074,-2.739264488220215,0.1578330981714099,ceo_lastname
-1.4293326139450073,-2.8586652278900146,-1.0510826110839844,-2.1021652221679688,patch_random_15,Goldsmith,201461_1993.txt_ceo_lastname_77,0.9308031444148439,2,-1.0772563219070435,-2.154512643814087,0.9308031444148439,ceo_lastname
-1.4293326139450073,-2.8586652278900146,-1.0510826110839844,-2.1021652221679688,patch_random_16,Goldsmith,201461_1993.txt_ceo_lastname_77,-1.9529418772382272,2,-2.1680328845977783,-4.336065769195557,-1.9529418772382272,ceo_lastname
-1.4293326139450073,-2.8586652278900146,-1.0510826110839844,-2.1021652221679688,patch_random_17,Goldsmith,201461_1993.txt_ceo_lastname_77,0.21683200488119883,2,-1.3473159074783325,-2.694631814956665,0.21683200488119883,ceo_lastname
-1.4293326139450073,-2.8586652278900146,-1.0510826110839844,-2.1021652221679688,patch_random_18,Goldsmith,201461_1993.txt_ceo_lastname_77,0.8528602823014626,2,-1.1067382097244263,-2.2134764194488525,0.8528602823014626,ceo_lastname
-1.4293326139450073,-2.8586652278900146,-1.0510826110839844,-2.1021652221679688,patch_random_19,Goldsmith,201461_1993.txt_ceo_lastname_77,0.6836896165164036,2,-1.170727014541626,-2.341454029083252,0.6836896165164036,ceo_lastname
-1.4293326139450073,-2.8586652278900146,-1.0510826110839844,-2.1021652221679688,patch_matched_layer_random_00,Goldsmith,201461_1993.txt_ceo_lastname_77,-0.5866625527774898,2,-1.6512377262115479,-3.3024754524230957,-0.5866625527774898,ceo_lastname
-1.4293326139450073,-2.8586652278900146,-1.0510826110839844,-2.1021652221679688,patch_matched_layer_random_01,Goldsmith,201461_1993.txt_ceo_lastname_77,-0.5568153203081887,2,-1.6399480104446411,-3.2798960208892822,-0.5568153203081887,ceo_lastname
-1.4293326139450073,-2.8586652278900146,-1.0510826110839844,-2.1021652221679688,patch_matched_layer_random_02,Goldsmith,201461_1993.txt_ceo_lastname_77,-0.9598205604743285,2,-1.7923847436904907,-3.5847694873809814,-0.9598205604743285,ceo_lastname
-1.4293326139450073,-2.8586652278900146,-1.0510826110839844,-2.1021652221679688,patch_matched_layer_random_03,Goldsmith,201461_1993.txt_ceo_lastname_77,1.3112128272661348,2,-0.9333663582801819,-1.8667327165603638,1.3112128272661348,ceo_lastname
-1.4293326139450073,-2.8586652278900146,-1.0510826110839844,-2.1021652221679688,patch_matched_layer_random_04,Goldsmith,201461_1993.txt_ceo_lastname_77,1.0399071412430732,2,-1.0359877347946167,-2.0719754695892334,1.0399071412430732,ceo_lastname
-1.4293326139450073,-2.8586652278900146,-1.0510826110839844,-2.1021652221679688,patch_matched_layer_random_05,Goldsmith,201461_1993.txt_ceo_lastname_77,-0.35817592927304237,2,-1.5648126602172852,-3.1296253204345703,-0.35817592927304237,ceo_lastname
-1.4293326139450073,-2.8586652278900146,-1.0510826110839844,-2.1021652221679688,patch_matched_layer_random_06,Goldsmith,201461_1993.txt_ceo_lastname_77,0.4299397634597766,2,-1.2667078971862793,-2.5334157943725586,0.4299397634597766,ceo_lastname
-1.4293326139450073,-2.8586652278900146,-1.0510826110839844,-2.1021652221679688,patch_matched_layer_random_07,Goldsmith,201461_1993.txt_ceo_lastname_77,1.1279073908498323,2,-1.0027016401290894,-2.0054032802581787,1.1279073908498323,ceo_lastname
-1.4293326139450073,-2.8586652278900146,-1.0510826110839844,-2.1021652221679688,patch_matched_layer_random_08,Goldsmith,201461_1993.txt_ceo_lastname_77,0.22910969492192068,2,-1.3426718711853027,-2.6853437423706055,0.22910969492192068,ceo_lastname
-1.4293326139450073,-2.8586652278900146,-1.0510826110839844,-2.1021652221679688,patch_matched_layer_random_09,Goldsmith,201461_1993.txt_ceo_lastname_77,-2.8699157986896275,2,-2.514878273010254,-5.029756546020508,-2.8699157986896275,ceo_lastname
-1.4293326139450073,-2.8586652278900146,-1.0510826110839844,-2.1021652221679688,patch_matched_layer_random_10,Goldsmith,201461_1993.txt_ceo_lastname_77,1.587070212301264,2,-0.8290233016014099,-1.6580466032028198,1.587070212301264,ceo_lastname
-1.4293326139450073,-2.8586652278900146,-1.0510826110839844,-2.1021652221679688,patch_matched_layer_random_11,Goldsmith,201461_1993.txt_ceo_lastname_77,-1.101279518284168,2,-1.8458915948867798,-3.6917831897735596,-1.101279518284168,ceo_lastname
-1.4293326139450073,-2.8586652278900146,-1.0510826110839844,-2.1021652221679688,patch_matched_layer_random_12,Goldsmith,201461_1993.txt_ceo_lastname_77,-0.22382446089509866,2,-1.5139942169189453,-3.0279884338378906,-0.22382446089509866,ceo_lastname
-1.4293326139450073,-2.8586652278900146,-1.0510826110839844,-2.1021652221679688,patch_matched_layer_random_13,Goldsmith,201461_1993.txt_ceo_lastname_77,0.2018319623345922,2,-1.352989673614502,-2.705979347229004,0.2018319623345922,ceo_lastname
-1.4293326139450073,-2.8586652278900146,-1.0510826110839844,-2.1021652221679688,patch_matched_layer_random_14,Goldsmith,201461_1993.txt_ceo_lastname_77,-0.1543531009069991,2,-1.4877166748046875,-2.975433349609375,-0.1543531009069991,ceo_lastname
-1.4293326139450073,-2.8586652278900146,-1.0510826110839844,-2.1021652221679688,patch_matched_layer_random_15,Goldsmith,201461_1993.txt_ceo_lastname_77,1.3930071027620312,2,-0.9024276733398438,-1.8048553466796875,1.3930071027620312,ceo_lastname
-1.4293326139450073,-2.8586652278900146,-1.0510826110839844,-2.1021652221679688,patch_matched_layer_random_16,Goldsmith,201461_1993.txt_ceo_lastname_77,-0.8197634345637917,2,-1.7394081354141235,-3.478816270828247,-0.8197634345637917,ceo_lastname
-1.4293326139450073,-2.8586652278900146,-1.0510826110839844,-2.1021652221679688,patch_matched_layer_random_17,Goldsmith,201461_1993.txt_ceo_lastname_77,-1.6352857603441044,2,-2.047879457473755,-4.09575891494751,-1.6352857603441044,ceo_lastname
-1.4293326139450073,-2.8586652278900146,-1.0510826110839844,-2.1021652221679688,patch_matched_layer_random_18,Goldsmith,201461_1993.txt_ceo_lastname_77,1.1503518289210402,2,-0.9942120313644409,-1.9884240627288818,1.1503518289210402,ceo_lastname
-1.4293326139450073,-2.8586652278900146,-1.0510826110839844,-2.1021652221679688,patch_matched_layer_random_19,Goldsmith,201461_1993.txt_ceo_lastname_77,-0.7413651661791666,2,-1.7097539901733398,-3.4195079803466797,-0.7413651661791666,ceo_lastname
-1.1450916528701782,-2.2901833057403564,-0.18288439512252808,-0.36576879024505615,patch_qr,Peterson,859257_1993.txt_ceo_lastname_146,0.9338430755715161,2,-0.2465410679578781,-0.4930821359157562,0.9338430755715161,ceo_lastname
-1.1450916528701782,-2.2901833057403564,-0.18288439512252808,-0.36576879024505615,patch_bottom,Peterson,859257_1993.txt_ceo_lastname_146,-0.009407700190526527,2,-1.1541438102722168,-2.3082876205444336,-0.009407700190526527,ceo_lastname
-1.1450916528701782,-2.2901833057403564,-0.18288439512252808,-0.36576879024505615,patch_same_layer,Peterson,859257_1993.txt_ceo_lastname_146,0.012680417754666233,2,-1.1328904628753662,-2.2657809257507324,0.012680417754666233,ceo_lastname
-1.1450916528701782,-2.2901833057403564,-0.18288439512252808,-0.36576879024505615,patch_random_00,Peterson,859257_1993.txt_ceo_lastname_146,0.21524640871095924,2,-0.9379799962043762,-1.8759599924087524,0.21524640871095924,ceo_lastname
-1.1450916528701782,-2.2901833057403564,-0.18288439512252808,-0.36576879024505615,patch_random_01,Peterson,859257_1993.txt_ceo_lastname_146,0.030824574050221522,2,-1.1154320240020752,-2.2308640480041504,0.030824574050221522,ceo_lastname
-1.1450916528701782,-2.2901833057403564,-0.18288439512252808,-0.36576879024505615,patch_random_02,Peterson,859257_1993.txt_ceo_lastname_146,-0.29328212650324514,2,-1.4272898435592651,-2.8545796871185303,-0.29328212650324514,ceo_lastname
-1.1450916528701782,-2.2901833057403564,-0.18288439512252808,-0.36576879024505615,patch_random_03,Peterson,859257_1993.txt_ceo_lastname_146,0.002379212148006471,2,-1.142802357673645,-2.28560471534729,0.002379212148006471,ceo_lastname
-1.1450916528701782,-2.2901833057403564,-0.18288439512252808,-0.36576879024505615,patch_random_04,Peterson,859257_1993.txt_ceo_lastname_146,-0.5774718566545742,2,-1.7007392644882202,-3.4014785289764404,-0.5774718566545742,ceo_lastname
-1.1450916528701782,-2.2901833057403564,-0.18288439512252808,-0.36576879024505615,patch_random_05,Peterson,859257_1993.txt_ceo_lastname_146,-0.002327053831285438,2,-1.1473307609558105,-2.294661521911621,-0.002327053831285438,ceo_lastname
-1.1450916528701782,-2.2901833057403564,-0.18288439512252808,-0.36576879024505615,patch_random_06,Peterson,859257_1993.txt_ceo_lastname_146,0.19091089916168205,2,-0.961395800113678,-1.922791600227356,0.19091089916168205,ceo_lastname
-1.1450916528701782,-2.2901833057403564,-0.18288439512252808,-0.36576879024505615,patch_random_07,Peterson,859257_1993.txt_ceo_lastname_146,0.22505588899917298,2,-0.9285412430763245,-1.857082486152649,0.22505588899917298,ceo_lastname
-1.1450916528701782,-2.2901833057403564,-0.18288439512252808,-0.36576879024505615,patch_random_08,Peterson,859257_1993.txt_ceo_lastname_146,0.14862890218698832,2,-1.0020798444747925,-2.004159688949585,0.14862890218698832,ceo_lastname
-1.1450916528701782,-2.2901833057403564,-0.18288439512252808,-0.36576879024505615,patch_random_09,Peterson,859257_1993.txt_ceo_lastname_146,0.13854549781737266,2,-1.011782169342041,-2.023564338684082,0.13854549781737266,ceo_lastname
-1.1450916528701782,-2.2901833057403564,-0.18288439512252808,-0.36576879024505615,patch_random_10,Peterson,859257_1993.txt_ceo_lastname_146,-0.33846522852187727,2,-1.4707653522491455,-2.941530704498291,-0.33846522852187727,ceo_lastname
-1.1450916528701782,-2.2901833057403564,-0.18288439512252808,-0.36576879024505615,patch_random_11,Peterson,859257_1993.txt_ceo_lastname_146,0.19189596038792656,2,-0.9604479670524597,-1.9208959341049194,0.19189596038792656,ceo_lastname
-1.1450916528701782,-2.2901833057403564,-0.18288439512252808,-0.36576879024505615,patch_random_12,Peterson,859257_1993.txt_ceo_lastname_146,0.04987685495757057,2,-1.097099781036377,-2.194199562072754,0.04987685495757057,ceo_lastname
-1.1450916528701782,-2.2901833057403564,-0.18288439512252808,-0.36576879024505615,patch_random_13,Peterson,859257_1993.txt_ceo_lastname_146,0.11726465681221376,2,-1.0322587490081787,-2.0645174980163574,0.11726465681221376,ceo_lastname
-1.1450916528701782,-2.2901833057403564,-0.18288439512252808,-0.36576879024505615,patch_random_14,Peterson,859257_1993.txt_ceo_lastname_146,0.07109277682267764,2,-1.0766856670379639,-2.1533713340759277,0.07109277682267764,ceo_lastname
-1.1450916528701782,-2.2901833057403564,-0.18288439512252808,-0.36576879024505615,patch_random_15,Peterson,859257_1993.txt_ceo_lastname_146,0.0322892192290245,2,-1.1140227317810059,-2.2280454635620117,0.0322892192290245,ceo_lastname
-1.1450916528701782,-2.2901833057403564,-0.18288439512252808,-0.36576879024505615,patch_random_16,Peterson,859257_1993.txt_ceo_lastname_146,-0.8642728477121485,2,-1.976701259613037,-3.953402519226074,-0.8642728477121485,ceo_lastname
-1.1450916528701782,-2.2901833057403564,-0.18288439512252808,-0.36576879024505615,patch_random_17,Peterson,859257_1993.txt_ceo_lastname_146,0.1077509055074041,2,-1.0414129495620728,-2.0828258991241455,0.1077509055074041,ceo_lastname
-1.1450916528701782,-2.2901833057403564,-0.18288439512252808,-0.36576879024505615,patch_random_18,Peterson,859257_1993.txt_ceo_lastname_146,0.22169762436212145,2,-0.9317725896835327,-1.8635451793670654,0.22169762436212145,ceo_lastname
-1.1450916528701782,-2.2901833057403564,-0.18288439512252808,-0.36576879024505615,patch_random_19,Peterson,859257_1993.txt_ceo_lastname_146,0.052550185499628664,2,-1.0945274829864502,-2.1890549659729004,0.052550185499628664,ceo_lastname
-1.1450916528701782,-2.2901833057403564,-0.18288439512252808,-0.36576879024505615,patch_matched_layer_random_00,Peterson,859257_1993.txt_ceo_lastname_146,-0.00864353748854236,2,-1.1534085273742676,-2.306817054748535,-0.00864353748854236,ceo_lastname
-1.1450916528701782,-2.2901833057403564,-0.18288439512252808,-0.36576879024505615,patch_matched_layer_random_01,Peterson,859257_1993.txt_ceo_lastname_146,0.20680419489147076,2,-0.9461031556129456,-1.8922063112258911,0.20680419489147076,ceo_lastname
-1.1450916528701782,-2.2901833057403564,-0.18288439512252808,-0.36576879024505615,patch_matched_layer_random_02,Peterson,859257_1993.txt_ceo_lastname_146,-0.34559530758508916,2,-1.4776259660720825,-2.955251932144165,-0.34559530758508916,ceo_lastname
-1.1450916528701782,-2.2901833057403564,-0.18288439512252808,-0.36576879024505615,patch_matched_layer_random_03,Peterson,859257_1993.txt_ceo_lastname_146,-0.010600279660257327,2,-1.1552913188934326,-2.3105826377868652,-0.010600279660257327,ceo_lastname
-1.1450916528701782,-2.2901833057403564,-0.18288439512252808,-0.36576879024505615,patch_matched_layer_random_04,Peterson,859257_1993.txt_ceo_lastname_146,0.023701432910373986,2,-1.1222859621047974,-2.2445719242095947,0.023701432910373986,ceo_lastname
-1.1450916528701782,-2.2901833057403564,-0.18288439512252808,-0.36576879024505615,patch_matched_layer_random_05,Peterson,859257_1993.txt_ceo_lastname_146,0.22401290850198527,2,-0.9295448064804077,-1.8590896129608154,0.22401290850198527,ceo_lastname
-1.1450916528701782,-2.2901833057403564,-0.18288439512252808,-0.36576879024505615,patch_matched_layer_random_06,Peterson,859257_1993.txt_ceo_lastname_146,0.14439342386456083,2,-1.006155252456665,-2.01231050491333,0.14439342386456083,ceo_lastname
-1.1450916528701782,-2.2901833057403564,-0.18288439512252808,-0.36576879024505615,patch_matched_layer_random_07,Peterson,859257_1993.txt_ceo_lastname_146,0.1025022425908089,2,-1.0464632511138916,-2.092926502227783,0.1025022425908089,ceo_lastname
-1.1450916528701782,-2.2901833057403564,-0.18288439512252808,-0.36576879024505615,patch_matched_layer_random_08,Peterson,859257_1993.txt_ceo_lastname_146,0.2126853238576167,2,-0.94044429063797,-1.88088858127594,0.2126853238576167,ceo_lastname
-1.1450916528701782,-2.2901833057403564,-0.18288439512252808,-0.36576879024505615,patch_matched_layer_random_09,Peterson,859257_1993.txt_ceo_lastname_146,-0.22915737867662705,2,-1.3655885457992554,-2.7311770915985107,-0.22915737867662705,ceo_lastname
-1.1450916528701782,-2.2901833057403564,-0.18288439512252808,-0.36576879024505615,patch_matched_layer_random_10,Peterson,859257_1993.txt_ceo_lastname_146,0.10100290779518432,2,-1.0479059219360352,-2.0958118438720703,0.10100290779518432,ceo_lastname
-1.1450916528701782,-2.2901833057403564,-0.18288439512252808,-0.36576879024505615,patch_matched_layer_random_11,Peterson,859257_1993.txt_ceo_lastname_146,-0.03186340418253949,2,-1.1757508516311646,-2.351501703262329,-0.03186340418253949,ceo_lastname
-1.1450916528701782,-2.2901833057403564,-0.18288439512252808,-0.36576879024505615,patch_matched_layer_random_12,Peterson,859257_1993.txt_ceo_lastname_146,0.011254426720321592,2,-1.1342625617980957,-2.2685251235961914,0.011254426720321592,ceo_lastname
-1.1450916528701782,-2.2901833057403564,-0.18288439512252808,-0.36576879024505615,patch_matched_layer_random_13,Peterson,859257_1993.txt_ceo_lastname_146,0.2164488994997819,2,-0.9368229508399963,-1.8736459016799927,0.2164488994997819,ceo_lastname
-1.1450916528701782,-2.2901833057403564,-0.18288439512252808,-0.36576879024505615,patch_matched_layer_random_14,Peterson,859257_1993.txt_ceo_lastname_146,-0.031908376792918906,2,-1.1757941246032715,-2.351588249206543,-0.031908376792918906,ceo_lastname
-1.1450916528701782,-2.2901833057403564,-0.18288439512252808,-0.36576879024505615,patch_matched_layer_random_15,Peterson,859257_1993.txt_ceo_lastname_146,0.13146943544321157,2,-1.0185908079147339,-2.0371816158294678,0.13146943544321157,ceo_lastname
-1.1450916528701782,-2.2901833057403564,-0.18288439512252808,-0.36576879024505615,patch_matched_layer_random_16,Peterson,859257_1993.txt_ceo_lastname_146,-0.18326636069185714,2,-1.3214318752288818,-2.6428637504577637,-0.18326636069185714,ceo_lastname
-1.1450916528701782,-2.2901833057403564,-0.18288439512252808,-0.36576879024505615,patch_matched_layer_random_17,Peterson,859257_1993.txt_ceo_lastname_146,-0.23994770788047123,2,-1.3759710788726807,-2.7519421577453613,-0.23994770788047123,ceo_lastname
-1.1450916528701782,-2.2901833057403564,-0.18288439512252808,-0.36576879024505615,patch_matched_layer_random_18,Peterson,859257_1993.txt_ceo_lastname_146,0.18816044616794025,2,-0.9640423059463501,-1.9280846118927002,0.18816044616794025,ceo_lastname
-1.1450916528701782,-2.2901833057403564,-0.18288439512252808,-0.36576879024505615,patch_matched_layer_random_19,Peterson,859257_1993.txt_ceo_lastname_146,-0.07625781298443508,2,-1.2184674739837646,-2.4369349479675293,-0.07625781298443508,ceo_lastname
-1.3589973449707031,-1.3589973449707031,-0.07809071987867355,-0.07809071987867355,patch_qr,Craig,40454_1993.txt_ceo_lastname_90,0.8817079664733402,1,-0.22961176931858063,-0.22961176931858063,0.8817079664733402,ceo_lastname
-1.3589973449707031,-1.3589973449707031,-0.07809071987867355,-0.07809071987867355,patch_bottom,Craig,40454_1993.txt_ceo_lastname_90,0.005144055727611625,1,-1.3524082899093628,-1.3524082899093628,0.005144055727611625,ceo_lastname
-1.3589973449707031,-1.3589973449707031,-0.07809071987867355,-0.07809071987867355,patch_same_layer,Craig,40454_1993.txt_ceo_lastname_90,-0.07005875749097502,1,-1.4487360715866089,-1.4487360715866089,-0.07005875749097502,ceo_lastname
-1.3589973449707031,-1.3589973449707031,-0.07809071987867355,-0.07809071987867355,patch_random_00,Craig,40454_1993.txt_ceo_lastname_90,0.08946597412359095,1,-1.2443997859954834,-1.2443997859954834,0.08946597412359095,ceo_lastname
-1.3589973449707031,-1.3589973449707031,-0.07809071987867355,-0.07809071987867355,patch_random_01,Craig,40454_1993.txt_ceo_lastname_90,0.013949806543293003,1,-1.341128945350647,-1.341128945350647,0.013949806543293003,ceo_lastname
-1.3589973449707031,-1.3589973449707031,-0.07809071987867355,-0.07809071987867355,patch_random_02,Craig,40454_1993.txt_ceo_lastname_90,-0.7039414996164184,1,-2.260680675506592,-2.260680675506592,-0.7039414996164184,ceo_lastname
-1.3589973449707031,-1.3589973449707031,-0.07809071987867355,-0.07809071987867355,patch_random_03,Craig,40454_1993.txt_ceo_lastname_90,0.10028884475980412,1,-1.230536699295044,-1.230536699295044,0.10028884475980412,ceo_lastname
-1.3589973449707031,-1.3589973449707031,-0.07809071987867355,-0.07809071987867355,patch_random_04,Craig,40454_1993.txt_ceo_lastname_90,-0.3556398902033585,1,-1.814538836479187,-1.814538836479187,-0.3556398902033585,ceo_lastname
-1.3589973449707031,-1.3589973449707031,-0.07809071987867355,-0.07809071987867355,patch_random_05,Craig,40454_1993.txt_ceo_lastname_90,0.08601619108827338,1,-1.2488186359405518,-1.2488186359405518,0.08601619108827338,ceo_lastname
-1.3589973449707031,-1.3589973449707031,-0.07809071987867355,-0.07809071987867355,patch_random_06,Craig,40454_1993.txt_ceo_lastname_90,0.644199145747569,1,-0.5338383913040161,-0.5338383913040161,0.644199145747569,ceo_lastname
-1.3589973449707031,-1.3589973449707031,-0.07809071987867355,-0.07809071987867355,patch_random_07,Craig,40454_1993.txt_ceo_lastname_90,0.36036551967309843,1,-0.8974027633666992,-0.8974027633666992,0.36036551967309843,ceo_lastname
-1.3589973449707031,-1.3589973449707031,-0.07809071987867355,-0.07809071987867355,patch_random_08,Craig,40454_1993.txt_ceo_lastname_90,0.25621870291733945,1,-1.0308051109313965,-1.0308051109313965,0.25621870291733945,ceo_lastname
-1.3589973449707031,-1.3589973449707031,-0.07809071987867355,-0.07809071987867355,patch_random_09,Craig,40454_1993.txt_ceo_lastname_90,0.2102014934506571,1,-1.0897488594055176,-1.0897488594055176,0.2102014934506571,ceo_lastname
-1.3589973449707031,-1.3589973449707031,-0.07809071987867355,-0.07809071987867355,patch_random_10,Craig,40454_1993.txt_ceo_lastname_90,-0.6237884878533043,1,-2.1580121517181396,-2.1580121517181396,-0.6237884878533043,ceo_lastname
-1.3589973449707031,-1.3589973449707031,-0.07809071987867355,-0.07809071987867355,patch_random_11,Craig,40454_1993.txt_ceo_lastname_90,0.26916916311787753,1,-1.0142167806625366,-1.0142167806625366,0.26916916311787753,ceo_lastname
-1.3589973449707031,-1.3589973449707031,-0.07809071987867355,-0.07809071987867355,patch_random_12,Craig,40454_1993.txt_ceo_lastname_90,0.1697583992617699,1,-1.1415526866912842,-1.1415526866912842,0.1697583992617699,ceo_lastname
-1.3589973449707031,-1.3589973449707031,-0.07809071987867355,-0.07809071987867355,patch_random_13,Craig,40454_1993.txt_ceo_lastname_90,0.156004683493685,1,-1.1591699123382568,-1.1591699123382568,0.156004683493685,ceo_lastname
-1.3589973449707031,-1.3589973449707031,-0.07809071987867355,-0.07809071987867355,patch_random_14,Craig,40454_1993.txt_ceo_lastname_90,0.1363612644939698,1,-1.1843312978744507,-1.1843312978744507,0.1363612644939698,ceo_lastname
-1.3589973449707031,-1.3589973449707031,-0.07809071987867355,-0.07809071987867355,patch_random_15,Craig,40454_1993.txt_ceo_lastname_90,0.03532286344393021,1,-1.3137520551681519,-1.3137520551681519,0.03532286344393021,ceo_lastname
-1.3589973449707031,-1.3589973449707031,-0.07809071987867355,-0.07809071987867355,patch_random_16,Craig,40454_1993.txt_ceo_lastname_90,-0.6048459514487919,1,-2.1337485313415527,-2.1337485313415527,-0.6048459514487919,ceo_lastname
-1.3589973449707031,-1.3589973449707031,-0.07809071987867355,-0.07809071987867355,patch_random_17,Craig,40454_1993.txt_ceo_lastname_90,0.2845223169793305,1,-0.9945508241653442,-0.9945508241653442,0.2845223169793305,ceo_lastname
-1.3589973449707031,-1.3589973449707031,-0.07809071987867355,-0.07809071987867355,patch_random_18,Craig,40454_1993.txt_ceo_lastname_90,0.3708185446801341,1,-0.8840134143829346,-0.8840134143829346,0.3708185446801341,ceo_lastname
-1.3589973449707031,-1.3589973449707031,-0.07809071987867355,-0.07809071987867355,patch_random_19,Craig,40454_1993.txt_ceo_lastname_90,0.007409383472908508,1,-1.3495066165924072,-1.3495066165924072,0.007409383472908508,ceo_lastname
-1.3589973449707031,-1.3589973449707031,-0.07809071987867355,-0.07809071987867355,patch_matched_layer_random_00,Craig,40454_1993.txt_ceo_lastname_90,-0.016189634111842367,1,-1.379734754562378,-1.379734754562378,-0.016189634111842367,ceo_lastname
-1.3589973449707031,-1.3589973449707031,-0.07809071987867355,-0.07809071987867355,patch_matched_layer_random_01,Craig,40454_1993.txt_ceo_lastname_90,0.20961740911026505,1,-1.0904970169067383,-1.0904970169067383,0.20961740911026505,ceo_lastname
-1.3589973449707031,-1.3589973449707031,-0.07809071987867355,-0.07809071987867355,patch_matched_layer_random_02,Craig,40454_1993.txt_ceo_lastname_90,0.07565744228213274,1,-1.2620872259140015,-1.2620872259140015,0.07565744228213274,ceo_lastname
-1.3589973449707031,-1.3589973449707031,-0.07809071987867355,-0.07809071987867355,patch_matched_layer_random_03,Craig,40454_1993.txt_ceo_lastname_90,0.2225575389472302,1,-1.0739219188690186,-1.0739219188690186,0.2225575389472302,ceo_lastname
-1.3589973449707031,-1.3589973449707031,-0.07809071987867355,-0.07809071987867355,patch_matched_layer_random_04,Craig,40454_1993.txt_ceo_lastname_90,0.08095645346333785,1,-1.255299687385559,-1.255299687385559,0.08095645346333785,ceo_lastname
-1.3589973449707031,-1.3589973449707031,-0.07809071987867355,-0.07809071987867355,patch_matched_layer_random_05,Craig,40454_1993.txt_ceo_lastname_90,0.13329863742678974,1,-1.1882542371749878,-1.1882542371749878,0.13329863742678974,ceo_lastname
-1.3589973449707031,-1.3589973449707031,-0.07809071987867355,-0.07809071987867355,patch_matched_layer_random_06,Craig,40454_1993.txt_ceo_lastname_90,0.5273370008954785,1,-0.6835278868675232,-0.6835278868675232,0.5273370008954785,ceo_lastname
-1.3589973449707031,-1.3589973449707031,-0.07809071987867355,-0.07809071987867355,patch_matched_layer_random_07,Craig,40454_1993.txt_ceo_lastname_90,0.5683794423042708,1,-0.6309563517570496,-0.6309563517570496,0.5683794423042708,ceo_lastname
-1.3589973449707031,-1.3589973449707031,-0.07809071987867355,-0.07809071987867355,patch_matched_layer_random_08,Craig,40454_1993.txt_ceo_lastname_90,0.2925083394855515,1,-0.9843214750289917,-0.9843214750289917,0.2925083394855515,ceo_lastname
-1.3589973449707031,-1.3589973449707031,-0.07809071987867355,-0.07809071987867355,patch_matched_layer_random_09,Craig,40454_1993.txt_ceo_lastname_90,-0.8540042696625776,1,-2.452897071838379,-2.452897071838379,-0.8540042696625776,ceo_lastname
-1.3589973449707031,-1.3589973449707031,-0.07809071987867355,-0.07809071987867355,patch_matched_layer_random_10,Craig,40454_1993.txt_ceo_lastname_90,0.3214220499295438,1,-0.9472857117652893,-0.9472857117652893,0.3214220499295438,ceo_lastname
-1.3589973449707031,-1.3589973449707031,-0.07809071987867355,-0.07809071987867355,patch_matched_layer_random_11,Craig,40454_1993.txt_ceo_lastname_90,0.035161486412980586,1,-1.313958764076233,-1.313958764076233,0.035161486412980586,ceo_lastname
-1.3589973449707031,-1.3589973449707031,-0.07809071987867355,-0.07809071987867355,patch_matched_layer_random_12,Craig,40454_1993.txt_ceo_lastname_90,-0.021181898641369313,1,-1.386129379272461,-1.386129379272461,-0.021181898641369313,ceo_lastname
-1.3589973449707031,-1.3589973449707031,-0.07809071987867355,-0.07809071987867355,patch_matched_layer_random_13,Craig,40454_1993.txt_ceo_lastname_90,0.28005513273159005,1,-1.0002728700637817,-1.0002728700637817,0.28005513273159005,ceo_lastname
-1.3589973449707031,-1.3589973449707031,-0.07809071987867355,-0.07809071987867355,patch_matched_layer_random_14,Craig,40454_1993.txt_ceo_lastname_90,0.0817215518321019,1,-1.254319667816162,-1.254319667816162,0.0817215518321019,ceo_lastname
-1.3589973449707031,-1.3589973449707031,-0.07809071987867355,-0.07809071987867355,patch_matched_layer_random_15,Craig,40454_1993.txt_ceo_lastname_90,0.5039870288325391,1,-0.713437020778656,-0.713437020778656,0.5039870288325391,ceo_lastname
-1.3589973449707031,-1.3589973449707031,-0.07809071987867355,-0.07809071987867355,patch_matched_layer_random_16,Craig,40454_1993.txt_ceo_lastname_90,-0.01836198858498315,1,-1.3825173377990723,-1.3825173377990723,-0.01836198858498315,ceo_lastname
-1.3589973449707031,-1.3589973449707031,-0.07809071987867355,-0.07809071987867355,patch_matched_layer_random_17,Craig,40454_1993.txt_ceo_lastname_90,-0.35211388583681386,1,-1.8100223541259766,-1.8100223541259766,-0.35211388583681386,ceo_lastname
-1.3589973449707031,-1.3589973449707031,-0.07809071987867355,-0.07809071987867355,patch_matched_layer_random_18,Craig,40454_1993.txt_ceo_lastname_90,0.3453642496374935,1,-0.9166179895401001,-0.9166179895401001,0.3453642496374935,ceo_lastname
-1.3589973449707031,-1.3589973449707031,-0.07809071987867355,-0.07809071987867355,patch_matched_layer_random_19,Craig,40454_1993.txt_ceo_lastname_90,-0.6221147828218175,1,-2.1558682918548584,-2.1558682918548584,-0.6221147828218175,ceo_lastname
-2.1669094562530518,-2.1669094562530518,-0.39095309376716614,-0.39095309376716614,patch_qr,Jones,310431_1993.txt_ceo_lastname_70,0.7852682359664237,1,-0.7723073363304138,-0.7723073363304138,0.7852682359664237,ceo_lastname
-2.1669094562530518,-2.1669094562530518,-0.39095309376716614,-0.39095309376716614,patch_bottom,Jones,310431_1993.txt_ceo_lastname_70,-0.021256558874533284,1,-2.204660177230835,-2.204660177230835,-0.021256558874533284,ceo_lastname
-2.1669094562530518,-2.1669094562530518,-0.39095309376716614,-0.39095309376716614,patch_same_layer,Jones,310431_1993.txt_ceo_lastname_70,0.09812561776102303,1,-1.9926426410675049,-1.9926426410675049,0.09812561776102303,ceo_lastname
-2.1669094562530518,-2.1669094562530518,-0.39095309376716614,-0.39095309376716614,patch_random_00,Jones,310431_1993.txt_ceo_lastname_70,0.11900406716044533,1,-1.9555634260177612,-1.9555634260177612,0.11900406716044533,ceo_lastname
-2.1669094562530518,-2.1669094562530518,-0.39095309376716614,-0.39095309376716614,patch_random_01,Jones,310431_1993.txt_ceo_lastname_70,-0.023047829858522585,1,-2.207841396331787,-2.207841396331787,-0.023047829858522585,ceo_lastname
-2.1669094562530518,-2.1669094562530518,-0.39095309376716614,-0.39095309376716614,patch_random_02,Jones,310431_1993.txt_ceo_lastname_70,0.0067248847636195725,1,-2.154966354370117,-2.154966354370117,0.0067248847636195725,ceo_lastname
-2.1669094562530518,-2.1669094562530518,-0.39095309376716614,-0.39095309376716614,patch_random_03,Jones,310431_1993.txt_ceo_lastname_70,-0.004493280359298646,1,-2.174889326095581,-2.174889326095581,-0.004493280359298646,ceo_lastname
-2.1669094562530518,-2.1669094562530518,-0.39095309376716614,-0.39095309376716614,patch_random_04,Jones,310431_1993.txt_ceo_lastname_70,-0.0027582592847968327,1,-2.1718080043792725,-2.1718080043792725,-0.0027582592847968327,ceo_lastname
-2.1669094562530518,-2.1669094562530518,-0.39095309376716614,-0.39095309376716614,patch_random_05,Jones,310431_1993.txt_ceo_lastname_70,0.04584824066409664,1,-2.0854849815368652,-2.0854849815368652,0.04584824066409664,ceo_lastname
-2.1669094562530518,-2.1669094562530518,-0.39095309376716614,-0.39095309376716614,patch_random_06,Jones,310431_1993.txt_ceo_lastname_70,0.26127525827761805,1,-1.702895998954773,-1.702895998954773,0.26127525827761805,ceo_lastname
-2.1669094562530518,-2.1669094562530518,-0.39095309376716614,-0.39095309376716614,patch_random_07,Jones,310431_1993.txt_ceo_lastname_70,0.12331597847984518,1,-1.9479056596755981,-1.9479056596755981,0.12331597847984518,ceo_lastname
-2.1669094562530518,-2.1669094562530518,-0.39095309376716614,-0.39095309376716614,patch_random_08,Jones,310431_1993.txt_ceo_lastname_70,0.0766627197197063,1,-2.030759811401367,-2.030759811401367,0.0766627197197063,ceo_lastname
-2.1669094562530518,-2.1669094562530518,-0.39095309376716614,-0.39095309376716614,patch_random_09,Jones,310431_1993.txt_ceo_lastname_70,0.03843023350743676,1,-2.098659038543701,-2.098659038543701,0.03843023350743676,ceo_lastname
-2.1669094562530518,-2.1669094562530518,-0.39095309376716614,-0.39095309376716614,patch_random_10,Jones,310431_1993.txt_ceo_lastname_70,-0.1434449213287457,1,-2.421661376953125,-2.421661376953125,-0.1434449213287457,ceo_lastname
-2.1669094562530518,-2.1669094562530518,-0.39095309376716614,-0.39095309376716614,patch_random_11,Jones,310431_1993.txt_ceo_lastname_70,0.00875471443295317,1,-2.1513614654541016,-2.1513614654541016,0.00875471443295317,ceo_lastname
-2.1669094562530518,-2.1669094562530518,-0.39095309376716614,-0.39095309376716614,patch_random_12,Jones,310431_1993.txt_ceo_lastname_70,-0.00915463920708973,1,-2.1831676959991455,-2.1831676959991455,-0.00915463920708973,ceo_lastname
-2.1669094562530518,-2.1669094562530518,-0.39095309376716614,-0.39095309376716614,patch_random_13,Jones,310431_1993.txt_ceo_lastname_70,0.1293186761597227,1,-1.9372451305389404,-1.9372451305389404,0.1293186761597227,ceo_lastname
-2.1669094562530518,-2.1669094562530518,-0.39095309376716614,-0.39095309376716614,patch_random_14,Jones,310431_1993.txt_ceo_lastname_70,0.06904401181201113,1,-2.04429030418396,-2.04429030418396,0.06904401181201113,ceo_lastname
-2.1669094562530518,-2.1669094562530518,-0.39095309376716614,-0.39095309376716614,patch_random_15,Jones,310431_1993.txt_ceo_lastname_70,0.05457543425827908,1,-2.069985866546631,-2.069985866546631,0.05457543425827908,ceo_lastname
-2.1669094562530518,-2.1669094562530518,-0.39095309376716614,-0.39095309376716614,patch_random_16,Jones,310431_1993.txt_ceo_lastname_70,-0.015140354515725785,1,-2.193798065185547,-2.193798065185547,-0.015140354515725785,ceo_lastname
-2.1669094562530518,-2.1669094562530518,-0.39095309376716614,-0.39095309376716614,patch_random_17,Jones,310431_1993.txt_ceo_lastname_70,0.17178480711088803,1,-1.8618271350860596,-1.8618271350860596,0.17178480711088803,ceo_lastname
-2.1669094562530518,-2.1669094562530518,-0.39095309376716614,-0.39095309376716614,patch_random_18,Jones,310431_1993.txt_ceo_lastname_70,0.11583118294616855,1,-1.961198329925537,-1.961198329925537,0.11583118294616855,ceo_lastname
-2.1669094562530518,-2.1669094562530518,-0.39095309376716614,-0.39095309376716614,patch_random_19,Jones,310431_1993.txt_ceo_lastname_70,0.03329511348880716,1,-2.107778787612915,-2.107778787612915,0.03329511348880716,ceo_lastname
-2.1669094562530518,-2.1669094562530518,-0.39095309376716614,-0.39095309376716614,patch_matched_layer_random_00,Jones,310431_1993.txt_ceo_lastname_70,0.05802453372021815,1,-2.0638604164123535,-2.0638604164123535,0.05802453372021815,ceo_lastname
-2.1669094562530518,-2.1669094562530518,-0.39095309376716614,-0.39095309376716614,patch_matched_layer_random_01,Jones,310431_1993.txt_ceo_lastname_70,0.11282141004460608,1,-1.9665435552597046,-1.9665435552597046,0.11282141004460608,ceo_lastname
-2.1669094562530518,-2.1669094562530518,-0.39095309376716614,-0.39095309376716614,patch_matched_layer_random_02,Jones,310431_1993.txt_ceo_lastname_70,-0.004422934410440789,1,-2.174764394760132,-2.174764394760132,-0.004422934410440789,ceo_lastname
-2.1669094562530518,-2.1669094562530518,-0.39095309376716614,-0.39095309376716614,patch_matched_layer_random_03,Jones,310431_1993.txt_ceo_lastname_70,0.10239309299440771,1,-1.9850637912750244,-1.9850637912750244,0.10239309299440771,ceo_lastname
-2.1669094562530518,-2.1669094562530518,-0.39095309376716614,-0.39095309376716614,patch_matched_layer_random_04,Jones,310431_1993.txt_ceo_lastname_70,-0.018257861432476104,1,-2.1993346214294434,-2.1993346214294434,-0.018257861432476104,ceo_lastname
-2.1669094562530518,-2.1669094562530518,-0.39095309376716614,-0.39095309376716614,patch_matched_layer_random_05,Jones,310431_1993.txt_ceo_lastname_70,0.05318194008052228,1,-2.072460651397705,-2.072460651397705,0.05318194008052228,ceo_lastname
-2.1669094562530518,-2.1669094562530518,-0.39095309376716614,-0.39095309376716614,patch_matched_layer_random_06,Jones,310431_1993.txt_ceo_lastname_70,0.13070404833384228,1,-1.9347847700119019,-1.9347847700119019,0.13070404833384228,ceo_lastname
-2.1669094562530518,-2.1669094562530518,-0.39095309376716614,-0.39095309376716614,patch_matched_layer_random_07,Jones,310431_1993.txt_ceo_lastname_70,0.3670246853701084,1,-1.5150896310806274,-1.5150896310806274,0.3670246853701084,ceo_lastname
-2.1669094562530518,-2.1669094562530518,-0.39095309376716614,-0.39095309376716614,patch_matched_layer_random_08,Jones,310431_1993.txt_ceo_lastname_70,0.09293169712101988,1,-2.0018668174743652,-2.0018668174743652,0.09293169712101988,ceo_lastname
-2.1669094562530518,-2.1669094562530518,-0.39095309376716614,-0.39095309376716614,patch_matched_layer_random_09,Jones,310431_1993.txt_ceo_lastname_70,-0.1080241251028864,1,-2.358755588531494,-2.358755588531494,-0.1080241251028864,ceo_lastname
-2.1669094562530518,-2.1669094562530518,-0.39095309376716614,-0.39095309376716614,patch_matched_layer_random_10,Jones,310431_1993.txt_ceo_lastname_70,0.12289303017473702,1,-1.9486567974090576,-1.9486567974090576,0.12289303017473702,ceo_lastname
-2.1669094562530518,-2.1669094562530518,-0.39095309376716614,-0.39095309376716614,patch_matched_layer_random_11,Jones,310431_1993.txt_ceo_lastname_70,-0.0010076654429906076,1,-2.168699026107788,-2.168699026107788,-0.0010076654429906076,ceo_lastname
-2.1669094562530518,-2.1669094562530518,-0.39095309376716614,-0.39095309376716614,patch_matched_layer_random_12,Jones,310431_1993.txt_ceo_lastname_70,-0.08877967516247826,1,-2.324578285217285,-2.324578285217285,-0.08877967516247826,ceo_lastname
-2.1669094562530518,-2.1669094562530518,-0.39095309376716614,-0.39095309376716614,patch_matched_layer_random_13,Jones,310431_1993.txt_ceo_lastname_70,-0.019900788383091485,1,-2.2022523880004883,-2.2022523880004883,-0.019900788383091485,ceo_lastname
-2.1669094562530518,-2.1669094562530518,-0.39095309376716614,-0.39095309376716614,patch_matched_layer_random_14,Jones,310431_1993.txt_ceo_lastname_70,0.038113139745600384,1,-2.099222183227539,-2.099222183227539,0.038113139745600384,ceo_lastname
-2.1669094562530518,-2.1669094562530518,-0.39095309376716614,-0.39095309376716614,patch_matched_layer_random_15,Jones,310431_1993.txt_ceo_lastname_70,0.13492802721716982,1,-1.9272831678390503,-1.9272831678390503,0.13492802721716982,ceo_lastname
-2.1669094562530518,-2.1669094562530518,-0.39095309376716614,-0.39095309376716614,patch_matched_layer_random_16,Jones,310431_1993.txt_ceo_lastname_70,0.018739811730948828,1,-2.1336283683776855,-2.1336283683776855,0.018739811730948828,ceo_lastname
-2.1669094562530518,-2.1669094562530518,-0.39095309376716614,-0.39095309376716614,patch_matched_layer_random_17,Jones,310431_1993.txt_ceo_lastname_70,-0.04599134902570441,1,-2.2485880851745605,-2.2485880851745605,-0.04599134902570441,ceo_lastname
-2.1669094562530518,-2.1669094562530518,-0.39095309376716614,-0.39095309376716614,patch_matched_layer_random_18,Jones,310431_1993.txt_ceo_lastname_70,0.08222340587932712,1,-2.0208842754364014,-2.0208842754364014,0.08222340587932712,ceo_lastname
-2.1669094562530518,-2.1669094562530518,-0.39095309376716614,-0.39095309376716614,patch_matched_layer_random_19,Jones,310431_1993.txt_ceo_lastname_70,0.028178251197362055,1,-2.116866111755371,-2.116866111755371,0.028178251197362055,ceo_lastname
-1.9224555492401123,-3.8449110984802246,-0.3296787142753601,-0.6593574285507202,patch_qr,Allender,34501_1993.txt_ceo_lastname_220,1.0791346524358383,2,-0.20363487303256989,-0.40726974606513977,1.0791346524358383,ceo_lastname
-1.9224555492401123,-3.8449110984802246,-0.3296787142753601,-0.6593574285507202,patch_bottom,Allender,34501_1993.txt_ceo_lastname_220,-0.000284480851074499,2,-1.9229086637496948,-3.8458173274993896,-0.000284480851074499,ceo_lastname
-1.9224555492401123,-3.8449110984802246,-0.3296787142753601,-0.6593574285507202,patch_same_layer,Allender,34501_1993.txt_ceo_lastname_220,0.27550844029088595,2,-1.4836320877075195,-2.967264175415039,0.27550844029088595,ceo_lastname
-1.9224555492401123,-3.8449110984802246,-0.3296787142753601,-0.6593574285507202,patch_random_00,Allender,34501_1993.txt_ceo_lastname_220,0.12881309402264268,2,-1.7172850370407104,-3.434570074081421,0.12881309402264268,ceo_lastname
-1.9224555492401123,-3.8449110984802246,-0.3296787142753601,-0.6593574285507202,patch_random_01,Allender,34501_1993.txt_ceo_lastname_220,0.011211883560737766,2,-1.904597520828247,-3.809195041656494,0.011211883560737766,ceo_lastname
-1.9224555492401123,-3.8449110984802246,-0.3296787142753601,-0.6593574285507202,patch_random_02,Allender,34501_1993.txt_ceo_lastname_220,-0.2166440308174865,2,-2.2675211429595947,-4.5350422859191895,-0.2166440308174865,ceo_lastname
-1.9224555492401123,-3.8449110984802246,-0.3296787142753601,-0.6593574285507202,patch_random_03,Allender,34501_1993.txt_ceo_lastname_220,-0.04572485193205795,2,-1.9952850341796875,-3.990570068359375,-0.04572485193205795,ceo_lastname
-1.9224555492401123,-3.8449110984802246,-0.3296787142753601,-0.6593574285507202,patch_random_04,Allender,34501_1993.txt_ceo_lastname_220,-0.5253387602989122,2,-2.7592029571533203,-5.518405914306641,-0.5253387602989122,ceo_lastname
-1.9224555492401123,-3.8449110984802246,-0.3296787142753601,-0.6593574285507202,patch_random_05,Allender,34501_1993.txt_ceo_lastname_220,0.03226174513546913,2,-1.8710697889328003,-3.7421395778656006,0.03226174513546913,ceo_lastname
-1.9224555492401123,-3.8449110984802246,-0.3296787142753601,-0.6593574285507202,patch_random_06,Allender,34501_1993.txt_ceo_lastname_220,0.6604553392568868,2,-0.8704975843429565,-1.740995168685913,0.6604553392568868,ceo_lastname
-1.9224555492401123,-3.8449110984802246,-0.3296787142753601,-0.6593574285507202,patch_random_07,Allender,34501_1993.txt_ceo_lastname_220,0.42750706047268805,2,-1.2415322065353394,-2.4830644130706787,0.42750706047268805,ceo_lastname
-1.9224555492401123,-3.8449110984802246,-0.3296787142753601,-0.6593574285507202,patch_random_08,Allender,34501_1993.txt_ceo_lastname_220,0.17115815477532093,2,-1.6498388051986694,-3.299677610397339,0.17115815477532093,ceo_lastname
-1.9224555492401123,-3.8449110984802246,-0.3296787142753601,-0.6593574285507202,patch_random_09,Allender,34501_1993.txt_ceo_lastname_220,0.23595190559696427,2,-1.5466368198394775,-3.093273639678955,0.23595190559696427,ceo_lastname
-1.9224555492401123,-3.8449110984802246,-0.3296787142753601,-0.6593574285507202,patch_random_10,Allender,34501_1993.txt_ceo_lastname_220,-0.17258250496653346,2,-2.197340965270996,-4.394681930541992,-0.17258250496653346,ceo_lastname
-1.9224555492401123,-3.8449110984802246,-0.3296787142753601,-0.6593574285507202,patch_random_11,Allender,34501_1993.txt_ceo_lastname_220,0.17168752416749403,2,-1.6489956378936768,-3.2979912757873535,0.17168752416749403,ceo_lastname
-1.9224555492401123,-3.8449110984802246,-0.3296787142753601,-0.6593574285507202,patch_random_12,Allender,34501_1993.txt_ceo_lastname_220,0.1578594047135281,2,-1.671020746231079,-3.342041492462158,0.1578594047135281,ceo_lastname
-1.9224555492401123,-3.8449110984802246,-0.3296787142753601,-0.6593574285507202,patch_random_13,Allender,34501_1993.txt_ceo_lastname_220,0.07225342102069499,2,-1.807371973991394,-3.614743947982788,0.07225342102069499,ceo_lastname
-1.9224555492401123,-3.8449110984802246,-0.3296787142753601,-0.6593574285507202,patch_random_14,Allender,34501_1993.txt_ceo_lastname_220,0.050666780528861206,2,-1.841754674911499,-3.683509349822998,0.050666780528861206,ceo_lastname
-1.9224555492401123,-3.8449110984802246,-0.3296787142753601,-0.6593574285507202,patch_random_15,Allender,34501_1993.txt_ceo_lastname_220,0.025524615882556185,2,-1.8818005323410034,-3.763601064682007,0.025524615882556185,ceo_lastname
-1.9224555492401123,-3.8449110984802246,-0.3296787142753601,-0.6593574285507202,patch_random_16,Allender,34501_1993.txt_ceo_lastname_220,-0.6152820104481037,2,-2.9024624824523926,-5.804924964904785,-0.6152820104481037,ceo_lastname
-1.9224555492401123,-3.8449110984802246,-0.3296787142753601,-0.6593574285507202,patch_random_17,Allender,34501_1993.txt_ceo_lastname_220,0.2375533359496191,2,-1.5440860986709595,-3.088172197341919,0.2375533359496191,ceo_lastname
-1.9224555492401123,-3.8449110984802246,-0.3296787142753601,-0.6593574285507202,patch_random_18,Allender,34501_1993.txt_ceo_lastname_220,0.47312840358679387,2,-1.168867588043213,-2.337735176086426,0.47312840358679387,ceo_lastname
-1.9224555492401123,-3.8449110984802246,-0.3296787142753601,-0.6593574285507202,patch_random_19,Allender,34501_1993.txt_ceo_lastname_220,0.03544873897931399,2,-1.865993618965149,-3.731987237930298,0.03544873897931399,ceo_lastname
-1.9224555492401123,-3.8449110984802246,-0.3296787142753601,-0.6593574285507202,patch_matched_layer_random_00,Allender,34501_1993.txt_ceo_lastname_220,0.03603049895179546,2,-1.8650670051574707,-3.7301340103149414,0.03603049895179546,ceo_lastname
-1.9224555492401123,-3.8449110984802246,-0.3296787142753601,-0.6593574285507202,patch_matched_layer_random_01,Allender,34501_1993.txt_ceo_lastname_220,-0.21613748874959066,2,-2.266714334487915,-4.53342866897583,-0.21613748874959066,ceo_lastname
-1.9224555492401123,-3.8449110984802246,-0.3296787142753601,-0.6593574285507202,patch_matched_layer_random_02,Allender,34501_1993.txt_ceo_lastname_220,-0.290873849058472,2,-2.3857526779174805,-4.771505355834961,-0.290873849058472,ceo_lastname
-1.9224555492401123,-3.8449110984802246,-0.3296787142753601,-0.6593574285507202,patch_matched_layer_random_03,Allender,34501_1993.txt_ceo_lastname_220,0.016186444004704523,2,-1.8966741561889648,-3.7933483123779297,0.016186444004704523,ceo_lastname
-1.9224555492401123,-3.8449110984802246,-0.3296787142753601,-0.6593574285507202,patch_matched_layer_random_04,Allender,34501_1993.txt_ceo_lastname_220,-0.020949047129480813,2,-1.9558227062225342,-3.9116454124450684,-0.020949047129480813,ceo_lastname
-1.9224555492401123,-3.8449110984802246,-0.3296787142753601,-0.6593574285507202,patch_matched_layer_random_05,Allender,34501_1993.txt_ceo_lastname_220,0.12259141323627804,2,-1.7271947860717773,-3.4543895721435547,0.12259141323627804,ceo_lastname
-1.9224555492401123,-3.8449110984802246,-0.3296787142753601,-0.6593574285507202,patch_matched_layer_random_06,Allender,34501_1993.txt_ceo_lastname_220,0.4216091534726292,2,-1.2509262561798096,-2.501852512359619,0.4216091534726292,ceo_lastname
-1.9224555492401123,-3.8449110984802246,-0.3296787142753601,-0.6593574285507202,patch_matched_layer_random_07,Allender,34501_1993.txt_ceo_lastname_220,0.5183975323138551,2,-1.0967639684677124,-2.193527936935425,0.5183975323138551,ceo_lastname
-1.9224555492401123,-3.8449110984802246,-0.3296787142753601,-0.6593574285507202,patch_matched_layer_random_08,Allender,34501_1993.txt_ceo_lastname_220,0.4127348627615651,2,-1.2650610208511353,-2.5301220417022705,0.4127348627615651,ceo_lastname
-1.9224555492401123,-3.8449110984802246,-0.3296787142753601,-0.6593574285507202,patch_matched_layer_random_09,Allender,34501_1993.txt_ceo_lastname_220,-0.100263595720453,2,-2.082153081893921,-4.164306163787842,-0.100263595720453,ceo_lastname
-1.9224555492401123,-3.8449110984802246,-0.3296787142753601,-0.6593574285507202,patch_matched_layer_random_10,Allender,34501_1993.txt_ceo_lastname_220,0.30949144052054384,2,-1.4295047521591187,-2.8590095043182373,0.30949144052054384,ceo_lastname
-1.9224555492401123,-3.8449110984802246,-0.3296787142753601,-0.6593574285507202,patch_matched_layer_random_11,Allender,34501_1993.txt_ceo_lastname_220,-0.02999068832278705,2,-1.9702240228652954,-3.940448045730591,-0.02999068832278705,ceo_lastname
-1.9224555492401123,-3.8449110984802246,-0.3296787142753601,-0.6593574285507202,patch_matched_layer_random_12,Allender,34501_1993.txt_ceo_lastname_220,0.05106405081497103,2,-1.8411219120025635,-3.682243824005127,0.05106405081497103,ceo_lastname
-1.9224555492401123,-3.8449110984802246,-0.3296787142753601,-0.6593574285507202,patch_matched_layer_random_13,Allender,34501_1993.txt_ceo_lastname_220,0.18585446098868286,2,-1.626430869102478,-3.252861738204956,0.18585446098868286,ceo_lastname
-1.9224555492401123,-3.8449110984802246,-0.3296787142753601,-0.6593574285507202,patch_matched_layer_random_14,Allender,34501_1993.txt_ceo_lastname_220,0.1403675371349111,2,-1.6988813877105713,-3.3977627754211426,0.1403675371349111,ceo_lastname
-1.9224555492401123,-3.8449110984802246,-0.3296787142753601,-0.6593574285507202,patch_matched_layer_random_15,Allender,34501_1993.txt_ceo_lastname_220,0.3737870317671406,2,-1.3270962238311768,-2.6541924476623535,0.3737870317671406,ceo_lastname
-1.9224555492401123,-3.8449110984802246,-0.3296787142753601,-0.6593574285507202,patch_matched_layer_random_16,Allender,34501_1993.txt_ceo_lastname_220,0.05091174391364595,2,-1.8413645029067993,-3.6827290058135986,0.05091174391364595,ceo_lastname
-1.9224555492401123,-3.8449110984802246,-0.3296787142753601,-0.6593574285507202,patch_matched_layer_random_17,Allender,34501_1993.txt_ceo_lastname_220,-0.16140983949734083,2,-2.1795454025268555,-4.359090805053711,-0.16140983949734083,ceo_lastname
-1.9224555492401123,-3.8449110984802246,-0.3296787142753601,-0.6593574285507202,patch_matched_layer_random_18,Allender,34501_1993.txt_ceo_lastname_220,0.2990436361517607,2,-1.44614577293396,-2.89229154586792,0.2990436361517607,ceo_lastname
-1.9224555492401123,-3.8449110984802246,-0.3296787142753601,-0.6593574285507202,patch_matched_layer_random_19,Allender,34501_1993.txt_ceo_lastname_220,-0.0010996782806728792,2,-1.924207091331482,-3.848414182662964,-0.0010996782806728792,ceo_lastname
-6.65240478515625,-6.65240478515625,-0.8249900937080383,-0.8249900937080383,patch_qr,Will,7383_1993.txt_ceo_lastname_24,0.7370413948683204,1,-2.357358932495117,-2.357358932495117,0.7370413948683204,ceo_lastname
-6.65240478515625,-6.65240478515625,-0.8249900937080383,-0.8249900937080383,patch_bottom,Will,7383_1993.txt_ceo_lastname_24,0.005914340197608016,1,-6.617939472198486,-6.617939472198486,0.005914340197608016,ceo_lastname
-6.65240478515625,-6.65240478515625,-0.8249900937080383,-0.8249900937080383,patch_same_layer,Will,7383_1993.txt_ceo_lastname_24,-0.08747297614720675,1,-7.162146091461182,-7.162146091461182,-0.08747297614720675,ceo_lastname
-6.65240478515625,-6.65240478515625,-0.8249900937080383,-0.8249900937080383,patch_random_00,Will,7383_1993.txt_ceo_lastname_24,0.007819425609424863,1,-6.606837749481201,-6.606837749481201,0.007819425609424863,ceo_lastname
-6.65240478515625,-6.65240478515625,-0.8249900937080383,-0.8249900937080383,patch_random_01,Will,7383_1993.txt_ceo_lastname_24,-0.015113361204474336,1,-6.740476608276367,-6.740476608276367,-0.015113361204474336,ceo_lastname
-6.65240478515625,-6.65240478515625,-0.8249900937080383,-0.8249900937080383,patch_random_02,Will,7383_1993.txt_ceo_lastname_24,-0.2723205120868278,1,-8.23932933807373,-8.23932933807373,-0.2723205120868278,ceo_lastname
-6.65240478515625,-6.65240478515625,-0.8249900937080383,-0.8249900937080383,patch_random_03,Will,7383_1993.txt_ceo_lastname_24,-0.02125059688622414,1,-6.776240825653076,-6.776240825653076,-0.02125059688622414,ceo_lastname
-6.65240478515625,-6.65240478515625,-0.8249900937080383,-0.8249900937080383,patch_random_04,Will,7383_1993.txt_ceo_lastname_24,-0.051168260468592956,1,-6.950583457946777,-6.950583457946777,-0.051168260468592956,ceo_lastname
-6.65240478515625,-6.65240478515625,-0.8249900937080383,-0.8249900937080383,patch_random_05,Will,7383_1993.txt_ceo_lastname_24,0.0019048399322087605,1,-6.6413044929504395,-6.6413044929504395,0.0019048399322087605,ceo_lastname
-6.65240478515625,-6.65240478515625,-0.8249900937080383,-0.8249900937080383,patch_random_06,Will,7383_1993.txt_ceo_lastname_24,0.5275885377183764,1,-3.577927589416504,-3.577927589416504,0.5275885377183764,ceo_lastname
-6.65240478515625,-6.65240478515625,-0.8249900937080383,-0.8249900937080383,patch_random_07,Will,7383_1993.txt_ceo_lastname_24,0.27796106069488424,1,-5.0326104164123535,-5.0326104164123535,0.27796106069488424,ceo_lastname
-6.65240478515625,-6.65240478515625,-0.8249900937080383,-0.8249900937080383,patch_random_08,Will,7383_1993.txt_ceo_lastname_24,0.11111258057932062,1,-6.004905700683594,-6.004905700683594,0.11111258057932062,ceo_lastname
-6.65240478515625,-6.65240478515625,-0.8249900937080383,-0.8249900937080383,patch_random_09,Will,7383_1993.txt_ceo_lastname_24,0.08968024695657706,1,-6.129800796508789,-6.129800796508789,0.08968024695657706,ceo_lastname
-6.65240478515625,-6.65240478515625,-0.8249900937080383,-0.8249900937080383,patch_random_10,Will,7383_1993.txt_ceo_lastname_24,-0.09435573339871274,1,-7.202254772186279,-7.202254772186279,-0.09435573339871274,ceo_lastname
-6.65240478515625,-6.65240478515625,-0.8249900937080383,-0.8249900937080383,patch_random_11,Will,7383_1993.txt_ceo_lastname_24,0.024191115284946337,1,-6.511433124542236,-6.511433124542236,0.024191115284946337,ceo_lastname
-6.65240478515625,-6.65240478515625,-0.8249900937080383,-0.8249900937080383,patch_random_12,Will,7383_1993.txt_ceo_lastname_24,0.0183718575222035,1,-6.545344352722168,-6.545344352722168,0.0183718575222035,ceo_lastname
-6.65240478515625,-6.65240478515625,-0.8249900937080383,-0.8249900937080383,patch_random_13,Will,7383_1993.txt_ceo_lastname_24,0.017769777870105388,1,-6.548852920532227,-6.548852920532227,0.017769777870105388,ceo_lastname
-6.65240478515625,-6.65240478515625,-0.8249900937080383,-0.8249900937080383,patch_random_14,Will,7383_1993.txt_ceo_lastname_24,0.04636537010986082,1,-6.382214546203613,-6.382214546203613,0.04636537010986082,ceo_lastname
-6.65240478515625,-6.65240478515625,-0.8249900937080383,-0.8249900937080383,patch_random_15,Will,7383_1993.txt_ceo_lastname_24,0.03328687120334462,1,-6.458428382873535,-6.458428382873535,0.03328687120334462,ceo_lastname
-6.65240478515625,-6.65240478515625,-0.8249900937080383,-0.8249900937080383,patch_random_16,Will,7383_1993.txt_ceo_lastname_24,-0.03819957277342708,1,-6.875009536743164,-6.875009536743164,-0.03819957277342708,ceo_lastname
-6.65240478515625,-6.65240478515625,-0.8249900937080383,-0.8249900937080383,patch_random_17,Will,7383_1993.txt_ceo_lastname_24,0.07459560686624875,1,-6.217705249786377,-6.217705249786377,0.07459560686624875,ceo_lastname
-6.65240478515625,-6.65240478515625,-0.8249900937080383,-0.8249900937080383,patch_random_18,Will,7383_1993.txt_ceo_lastname_24,0.37960819306602955,1,-4.44027042388916,-4.44027042388916,0.37960819306602955,ceo_lastname
-6.65240478515625,-6.65240478515625,-0.8249900937080383,-0.8249900937080383,patch_random_19,Will,7383_1993.txt_ceo_lastname_24,0.0060698106160622725,1,-6.6170334815979,-6.6170334815979,0.0060698106160622725,ceo_lastname
-6.65240478515625,-6.65240478515625,-0.8249900937080383,-0.8249900937080383,patch_matched_layer_random_00,Will,7383_1993.txt_ceo_lastname_24,-0.005236407346611427,1,-6.682919502258301,-6.682919502258301,-0.005236407346611427,ceo_lastname
-6.65240478515625,-6.65240478515625,-0.8249900937080383,-0.8249900937080383,patch_matched_layer_random_01,Will,7383_1993.txt_ceo_lastname_24,0.1622565385667131,1,-5.706868648529053,-5.706868648529053,0.1622565385667131,ceo_lastname
-6.65240478515625,-6.65240478515625,-0.8249900937080383,-0.8249900937080383,patch_matched_layer_random_02,Will,7383_1993.txt_ceo_lastname_24,0.04835342762921062,1,-6.37062931060791,-6.37062931060791,0.04835342762921062,ceo_lastname
-6.65240478515625,-6.65240478515625,-0.8249900937080383,-0.8249900937080383,patch_matched_layer_random_03,Will,7383_1993.txt_ceo_lastname_24,-0.012488120449070167,1,-6.725178241729736,-6.725178241729736,-0.012488120449070167,ceo_lastname
-6.65240478515625,-6.65240478515625,-0.8249900937080383,-0.8249900937080383,patch_matched_layer_random_04,Will,7383_1993.txt_ceo_lastname_24,-0.010197550226022792,1,-6.711830139160156,-6.711830139160156,-0.010197550226022792,ceo_lastname
-6.65240478515625,-6.65240478515625,-0.8249900937080383,-0.8249900937080383,patch_matched_layer_random_05,Will,7383_1993.txt_ceo_lastname_24,0.11617551566955152,1,-5.975401878356934,-5.975401878356934,0.11617551566955152,ceo_lastname
-6.65240478515625,-6.65240478515625,-0.8249900937080383,-0.8249900937080383,patch_matched_layer_random_06,Will,7383_1993.txt_ceo_lastname_24,0.5560856926352896,1,-3.411862850189209,-3.411862850189209,0.5560856926352896,ceo_lastname
-6.65240478515625,-6.65240478515625,-0.8249900937080383,-0.8249900937080383,patch_matched_layer_random_07,Will,7383_1993.txt_ceo_lastname_24,0.2016026647629723,1,-5.4775824546813965,-5.4775824546813965,0.2016026647629723,ceo_lastname
-6.65240478515625,-6.65240478515625,-0.8249900937080383,-0.8249900937080383,patch_matched_layer_random_08,Will,7383_1993.txt_ceo_lastname_24,0.030111183340076352,1,-6.476934432983398,-6.476934432983398,0.030111183340076352,ceo_lastname
-6.65240478515625,-6.65240478515625,-0.8249900937080383,-0.8249900937080383,patch_matched_layer_random_09,Will,7383_1993.txt_ceo_lastname_24,-0.08471100325009887,1,-7.146050930023193,-7.146050930023193,-0.08471100325009887,ceo_lastname
-6.65240478515625,-6.65240478515625,-0.8249900937080383,-0.8249900937080383,patch_matched_layer_random_10,Will,7383_1993.txt_ceo_lastname_24,0.06674975128568666,1,-6.263426303863525,-6.263426303863525,0.06674975128568666,ceo_lastname
-6.65240478515625,-6.65240478515625,-0.8249900937080383,-0.8249900937080383,patch_matched_layer_random_11,Will,7383_1993.txt_ceo_lastname_24,0.045965320175217206,1,-6.384545803070068,-6.384545803070068,0.045965320175217206,ceo_lastname
-6.65240478515625,-6.65240478515625,-0.8249900937080383,-0.8249900937080383,patch_matched_layer_random_12,Will,7383_1993.txt_ceo_lastname_24,0.02358167124460565,1,-6.514984607696533,-6.514984607696533,0.02358167124460565,ceo_lastname
-6.65240478515625,-6.65240478515625,-0.8249900937080383,-0.8249900937080383,patch_matched_layer_random_13,Will,7383_1993.txt_ceo_lastname_24,0.46574400087472567,1,-3.938321352005005,-3.938321352005005,0.46574400087472567,ceo_lastname
-6.65240478515625,-6.65240478515625,-0.8249900937080383,-0.8249900937080383,patch_matched_layer_random_14,Will,7383_1993.txt_ceo_lastname_24,0.01173130681734205,1,-6.584041595458984,-6.584041595458984,0.01173130681734205,ceo_lastname
-6.65240478515625,-6.65240478515625,-0.8249900937080383,-0.8249900937080383,patch_matched_layer_random_15,Will,7383_1993.txt_ceo_lastname_24,0.5820818194784898,1,-3.2603726387023926,-3.2603726387023926,0.5820818194784898,ceo_lastname
-6.65240478515625,-6.65240478515625,-0.8249900937080383,-0.8249900937080383,patch_matched_layer_random_16,Will,7383_1993.txt_ceo_lastname_24,-0.01999987828302766,1,-6.768952369689941,-6.768952369689941,-0.01999987828302766,ceo_lastname
-6.65240478515625,-6.65240478515625,-0.8249900937080383,-0.8249900937080383,patch_matched_layer_random_17,Will,7383_1993.txt_ceo_lastname_24,0.019391334334583284,1,-6.539403438568115,-6.539403438568115,0.019391334334583284,ceo_lastname
-6.65240478515625,-6.65240478515625,-0.8249900937080383,-0.8249900937080383,patch_matched_layer_random_18,Will,7383_1993.txt_ceo_lastname_24,0.4384036686109163,1,-4.097644805908203,-4.097644805908203,0.4384036686109163,ceo_lastname
-6.65240478515625,-6.65240478515625,-0.8249900937080383,-0.8249900937080383,patch_matched_layer_random_19,Will,7383_1993.txt_ceo_lastname_24,-0.09180282730115781,1,-7.1873779296875,-7.1873779296875,-0.09180282730115781,ceo_lastname
-1.5298830270767212,-3.0597660541534424,-0.2085600197315216,-0.4171200394630432,patch_qr,Peterson,865227_1993.txt_ceo_lastname_51,0.9347075032947649,2,-0.2948324978351593,-0.5896649956703186,0.9347075032947649,ceo_lastname
-1.5298830270767212,-3.0597660541534424,-0.2085600197315216,-0.4171200394630432,patch_bottom,Peterson,865227_1993.txt_ceo_lastname_51,-0.0024365618891072933,2,-1.5331025123596191,-3.0662050247192383,-0.0024365618891072933,ceo_lastname
-1.5298830270767212,-3.0597660541534424,-0.2085600197315216,-0.4171200394630432,patch_same_layer,Peterson,865227_1993.txt_ceo_lastname_51,0.16011225849695926,2,-1.318323016166687,-2.636646032333374,0.16011225849695926,ceo_lastname
-1.5298830270767212,-3.0597660541534424,-0.2085600197315216,-0.4171200394630432,patch_random_00,Peterson,865227_1993.txt_ceo_lastname_51,0.23279347327647948,2,-1.222287654876709,-2.444575309753418,0.23279347327647948,ceo_lastname
-1.5298830270767212,-3.0597660541534424,-0.2085600197315216,-0.4171200394630432,patch_random_01,Peterson,865227_1993.txt_ceo_lastname_51,0.0485564823343286,2,-1.465724229812622,-2.931448459625244,0.0485564823343286,ceo_lastname
-1.5298830270767212,-3.0597660541534424,-0.2085600197315216,-0.4171200394630432,patch_random_02,Peterson,865227_1993.txt_ceo_lastname_51,-0.5334839941219196,2,-2.234787702560425,-4.46957540512085,-0.5334839941219196,ceo_lastname
-1.5298830270767212,-3.0597660541534424,-0.2085600197315216,-0.4171200394630432,patch_random_03,Peterson,865227_1993.txt_ceo_lastname_51,-0.002857977839935603,2,-1.5336593389511108,-3.0673186779022217,-0.002857977839935603,ceo_lastname
-1.5298830270767212,-3.0597660541534424,-0.2085600197315216,-0.4171200394630432,patch_random_04,Peterson,865227_1993.txt_ceo_lastname_51,-0.8352912537041084,2,-2.633572578430176,-5.267145156860352,-0.8352912537041084,ceo_lastname
-1.5298830270767212,-3.0597660541534424,-0.2085600197315216,-0.4171200394630432,patch_random_05,Peterson,865227_1993.txt_ceo_lastname_51,0.025198797290965767,2,-1.4965872764587402,-2.9931745529174805,0.025198797290965767,ceo_lastname
-1.5298830270767212,-3.0597660541534424,-0.2085600197315216,-0.4171200394630432,patch_random_06,Peterson,865227_1993.txt_ceo_lastname_51,0.43025711492965246,2,-0.9613744020462036,-1.9227488040924072,0.43025711492965246,ceo_lastname
-1.5298830270767212,-3.0597660541534424,-0.2085600197315216,-0.4171200394630432,patch_random_07,Peterson,865227_1993.txt_ceo_lastname_51,0.31942102085645824,2,-1.107824683189392,-2.215649366378784,0.31942102085645824,ceo_lastname
-1.5298830270767212,-3.0597660541534424,-0.2085600197315216,-0.4171200394630432,patch_random_08,Peterson,865227_1993.txt_ceo_lastname_51,0.20702367586716808,2,-1.2563378810882568,-2.5126757621765137,0.20702367586716808,ceo_lastname
-1.5298830270767212,-3.0597660541534424,-0.2085600197315216,-0.4171200394630432,patch_random_09,Peterson,865227_1993.txt_ceo_lastname_51,0.20901365052514712,2,-1.2537084817886353,-2.5074169635772705,0.20901365052514712,ceo_lastname
-1.5298830270767212,-3.0597660541534424,-0.2085600197315216,-0.4171200394630432,patch_random_10,Peterson,865227_1993.txt_ceo_lastname_51,-0.24756675932148783,2,-1.8569986820220947,-3.7139973640441895,-0.24756675932148783,ceo_lastname
-1.5298830270767212,-3.0597660541534424,-0.2085600197315216,-0.4171200394630432,patch_random_11,Peterson,865227_1993.txt_ceo_lastname_51,0.3487139855309797,2,-1.0691192150115967,-2.1382384300231934,0.3487139855309797,ceo_lastname
-1.5298830270767212,-3.0597660541534424,-0.2085600197315216,-0.4171200394630432,patch_random_12,Peterson,865227_1993.txt_ceo_lastname_51,0.03075280871227632,2,-1.4892486333847046,-2.978497266769409,0.03075280871227632,ceo_lastname
-1.5298830270767212,-3.0597660541534424,-0.2085600197315216,-0.4171200394630432,patch_random_13,Peterson,865227_1993.txt_ceo_lastname_51,0.19214979492060255,2,-1.2759910821914673,-2.5519821643829346,0.19214979492060255,ceo_lastname
-1.5298830270767212,-3.0597660541534424,-0.2085600197315216,-0.4171200394630432,patch_random_14,Peterson,865227_1993.txt_ceo_lastname_51,0.08919664212414209,2,-1.4120254516601562,-2.8240509033203125,0.08919664212414209,ceo_lastname
-1.5298830270767212,-3.0597660541534424,-0.2085600197315216,-0.4171200394630432,patch_random_15,Peterson,865227_1993.txt_ceo_lastname_51,0.04920642463999487,2,-1.4648654460906982,-2.9297308921813965,0.04920642463999487,ceo_lastname
-1.5298830270767212,-3.0597660541534424,-0.2085600197315216,-0.4171200394630432,patch_random_16,Peterson,865227_1993.txt_ceo_lastname_51,-1.00517231466816,2,-2.8580403327941895,-5.716080665588379,-1.00517231466816,ceo_lastname
-1.5298830270767212,-3.0597660541534424,-0.2085600197315216,-0.4171200394630432,patch_random_17,Peterson,865227_1993.txt_ceo_lastname_51,0.14987999772556282,2,-1.3318431377410889,-2.6636862754821777,0.14987999772556282,ceo_lastname
-1.5298830270767212,-3.0597660541534424,-0.2085600197315216,-0.4171200394630432,patch_random_18,Peterson,865227_1993.txt_ceo_lastname_51,0.29656450592802824,2,-1.1380255222320557,-2.2760510444641113,0.29656450592802824,ceo_lastname
-1.5298830270767212,-3.0597660541534424,-0.2085600197315216,-0.4171200394630432,patch_random_19,Peterson,865227_1993.txt_ceo_lastname_51,0.054737881150642376,2,-1.4575566053390503,-2.9151132106781006,0.054737881150642376,ceo_lastname
-1.5298830270767212,-3.0597660541534424,-0.2085600197315216,-0.4171200394630432,patch_matched_layer_random_00,Peterson,865227_1993.txt_ceo_lastname_51,-0.05980055639806918,2,-1.6088988780975342,-3.2177977561950684,-0.05980055639806918,ceo_lastname
-1.5298830270767212,-3.0597660541534424,-0.2085600197315216,-0.4171200394630432,patch_matched_layer_random_01,Peterson,865227_1993.txt_ceo_lastname_51,-0.1363009490903413,2,-1.7099806070327759,-3.4199612140655518,-0.1363009490903413,ceo_lastname
-1.5298830270767212,-3.0597660541534424,-0.2085600197315216,-0.4171200394630432,patch_matched_layer_random_02,Peterson,865227_1993.txt_ceo_lastname_51,-0.45478973037927456,2,-2.1308071613311768,-4.2616143226623535,-0.45478973037927456,ceo_lastname
-1.5298830270767212,-3.0597660541534424,-0.2085600197315216,-0.4171200394630432,patch_matched_layer_random_03,Peterson,865227_1993.txt_ceo_lastname_51,0.032332193776545295,2,-1.4871617555618286,-2.9743235111236572,0.032332193776545295,ceo_lastname
-1.5298830270767212,-3.0597660541534424,-0.2085600197315216,-0.4171200394630432,patch_matched_layer_random_04,Peterson,865227_1993.txt_ceo_lastname_51,0.04920362783107265,2,-1.4648691415786743,-2.9297382831573486,0.04920362783107265,ceo_lastname
-1.5298830270767212,-3.0597660541534424,-0.2085600197315216,-0.4171200394630432,patch_matched_layer_random_05,Peterson,865227_1993.txt_ceo_lastname_51,0.2572779114369253,2,-1.1899358034133911,-2.3798716068267822,0.2572779114369253,ceo_lastname
-1.5298830270767212,-3.0597660541534424,-0.2085600197315216,-0.4171200394630432,patch_matched_layer_random_06,Peterson,865227_1993.txt_ceo_lastname_51,0.24585141325574203,2,-1.2050338983535767,-2.4100677967071533,0.24585141325574203,ceo_lastname
-1.5298830270767212,-3.0597660541534424,-0.2085600197315216,-0.4171200394630432,patch_matched_layer_random_07,Peterson,865227_1993.txt_ceo_lastname_51,0.12078398253095103,2,-1.370288372039795,-2.74057674407959,0.12078398253095103,ceo_lastname
-1.5298830270767212,-3.0597660541534424,-0.2085600197315216,-0.4171200394630432,patch_matched_layer_random_08,Peterson,865227_1993.txt_ceo_lastname_51,0.3411703603302607,2,-1.0790867805480957,-2.1581735610961914,0.3411703603302607,ceo_lastname
-1.5298830270767212,-3.0597660541534424,-0.2085600197315216,-0.4171200394630432,patch_matched_layer_random_09,Peterson,865227_1993.txt_ceo_lastname_51,-0.32292145277171996,2,-1.956566572189331,-3.913133144378662,-0.32292145277171996,ceo_lastname
-1.5298830270767212,-3.0597660541534424,-0.2085600197315216,-0.4171200394630432,patch_matched_layer_random_10,Peterson,865227_1993.txt_ceo_lastname_51,0.1574812732779365,2,-1.321799397468567,-2.643598794937134,0.1574812732779365,ceo_lastname
-1.5298830270767212,-3.0597660541534424,-0.2085600197315216,-0.4171200394630432,patch_matched_layer_random_11,Peterson,865227_1993.txt_ceo_lastname_51,-0.1855929019515704,2,-1.775111198425293,-3.550222396850586,-0.1855929019515704,ceo_lastname
-1.5298830270767212,-3.0597660541534424,-0.2085600197315216,-0.4171200394630432,patch_matched_layer_random_12,Peterson,865227_1993.txt_ceo_lastname_51,-0.022982822428143042,2,-1.5602507591247559,-3.1205015182495117,-0.022982822428143042,ceo_lastname
-1.5298830270767212,-3.0597660541534424,-0.2085600197315216,-0.4171200394630432,patch_matched_layer_random_13,Peterson,865227_1993.txt_ceo_lastname_51,0.3349352808265689,2,-1.0873253345489502,-2.1746506690979004,0.3349352808265689,ceo_lastname
-1.5298830270767212,-3.0597660541534424,-0.2085600197315216,-0.4171200394630432,patch_matched_layer_random_14,Peterson,865227_1993.txt_ceo_lastname_51,0.002865195411347777,2,-1.5260971784591675,-3.052194356918335,0.002865195411347777,ceo_lastname
-1.5298830270767212,-3.0597660541534424,-0.2085600197315216,-0.4171200394630432,patch_matched_layer_random_15,Peterson,865227_1993.txt_ceo_lastname_51,0.27329595789160577,2,-1.1687707901000977,-2.3375415802001953,0.27329595789160577,ceo_lastname
-1.5298830270767212,-3.0597660541534424,-0.2085600197315216,-0.4171200394630432,patch_matched_layer_random_16,Peterson,865227_1993.txt_ceo_lastname_51,-0.282243039853422,2,-1.9028172492980957,-3.8056344985961914,-0.282243039853422,ceo_lastname
-1.5298830270767212,-3.0597660541534424,-0.2085600197315216,-0.4171200394630432,patch_matched_layer_random_17,Peterson,865227_1993.txt_ceo_lastname_51,-0.40048183604551246,2,-2.059048891067505,-4.11809778213501,-0.40048183604551246,ceo_lastname
-1.5298830270767212,-3.0597660541534424,-0.2085600197315216,-0.4171200394630432,patch_matched_layer_random_18,Peterson,865227_1993.txt_ceo_lastname_51,0.28133155080370703,2,-1.1581531763076782,-2.3163063526153564,0.28133155080370703,ceo_lastname
-1.5298830270767212,-3.0597660541534424,-0.2085600197315216,-0.4171200394630432,patch_matched_layer_random_19,Peterson,865227_1993.txt_ceo_lastname_51,-0.11996893827923129,2,-1.6884007453918457,-3.3768014907836914,-0.11996893827923129,ceo_lastname
-0.8192517161369324,-2.4577550888061523,-0.10549672693014145,-0.31649017333984375,patch_qr,Lenzie,71180_1993.txt_ceo_lastname_215,0.9938330187861985,3,-0.10989844053983688,-0.32969531416893005,0.9938330186359914,ceo_lastname
-0.8192517161369324,-2.4577550888061523,-0.10549672693014145,-0.31649017333984375,patch_bottom,Lenzie,71180_1993.txt_ceo_lastname_215,-0.013179402995908926,3,-0.8286585807800293,-2.485975742340088,-0.013179431153099459,ceo_lastname
-0.8192517161369324,-2.4577550888061523,-0.10549672693014145,-0.31649017333984375,patch_same_layer,Lenzie,71180_1993.txt_ceo_lastname_215,-0.03419675155286499,3,-0.8436598181724548,-2.5309793949127197,-0.03419675238578368,ceo_lastname
-0.8192517161369324,-2.4577550888061523,-0.10549672693014145,-0.31649017333984375,patch_random_00,Lenzie,71180_1993.txt_ceo_lastname_215,-0.0022105548482439295,3,-0.8208295106887817,-2.4624884128570557,-0.0022105270659013867,ceo_lastname
-0.8192517161369324,-2.4577550888061523,-0.10549672693014145,-0.31649017333984375,patch_random_01,Lenzie,71180_1993.txt_ceo_lastname_215,0.02436203303362358,3,-0.8018631935119629,-2.4055895805358887,0.024362005790817088,ceo_lastname
-0.8192517161369324,-2.4577550888061523,-0.10549672693014145,-0.31649017333984375,patch_random_02,Lenzie,71180_1993.txt_ceo_lastname_215,-0.4180816346815521,3,-1.117659568786621,-3.352978467941284,-0.418081561356072,ceo_lastname
-0.8192517161369324,-2.4577550888061523,-0.10549672693014145,-0.31649017333984375,patch_random_03,Lenzie,71180_1993.txt_ceo_lastname_215,0.05548216255789113,3,-0.7796510457992554,-2.3389530181884766,0.055482191745435644,ceo_lastname
-0.8192517161369324,-2.4577550888061523,-0.10549672693014145,-0.31649017333984375,patch_random_04,Lenzie,71180_1993.txt_ceo_lastname_215,-0.3677924513551992,3,-1.0817654132843018,-3.245296001434326,-0.3677923768048425,ceo_lastname
-0.8192517161369324,-2.4577550888061523,-0.10549672693014145,-0.31649017333984375,patch_random_05,Lenzie,71180_1993.txt_ceo_lastname_215,0.07702160657445284,3,-0.7642771601676941,-2.2928314208984375,0.07702160845044202,ceo_lastname
-0.8192517161369324,-2.4577550888061523,-0.10549672693014145,-0.31649017333984375,patch_random_06,Lenzie,71180_1993.txt_ceo_lastname_215,0.571847014881944,3,-0.4110930562019348,-1.2332791090011597,0.5718470288102281,ceo_lastname
-0.8192517161369324,-2.4577550888061523,-0.10549672693014145,-0.31649017333984375,patch_random_07,Lenzie,71180_1993.txt_ceo_lastname_215,0.24584524865521745,3,-0.6437784433364868,-1.931335210800171,0.24584528247937115,ceo_lastname
-0.8192517161369324,-2.4577550888061523,-0.10549672693014145,-0.31649017333984375,patch_random_08,Lenzie,71180_1993.txt_ceo_lastname_215,0.08103469349172873,3,-0.7614127993583679,-2.284238338470459,0.08103469546546331,ceo_lastname
-0.8192517161369324,-2.4577550888061523,-0.10549672693014145,-0.31649017333984375,patch_random_09,Lenzie,71180_1993.txt_ceo_lastname_215,0.1286994535920697,3,-0.7273918390274048,-2.182175397872925,0.12869948456294295,ceo_lastname
-0.8192517161369324,-2.4577550888061523,-0.10549672693014145,-0.31649017333984375,patch_random_10,Lenzie,71180_1993.txt_ceo_lastname_215,-0.248447208081064,3,-0.9965821504592896,-2.989746332168579,-0.2484471862962242,ceo_lastname
-0.8192517161369324,-2.4577550888061523,-0.10549672693014145,-0.31649017333984375,patch_random_11,Lenzie,71180_1993.txt_ceo_lastname_215,0.15224610913567574,3,-0.7105852961540222,-2.131755828857422,0.15224611284388265,ceo_lastname
-0.8192517161369324,-2.4577550888061523,-0.10549672693014145,-0.31649017333984375,patch_random_12,Lenzie,71180_1993.txt_ceo_lastname_215,0.03923599154237924,3,-0.7912468314170837,-2.3737404346466064,0.03923599249803699,ceo_lastname
-0.8192517161369324,-2.4577550888061523,-0.10549672693014145,-0.31649017333984375,patch_random_13,Lenzie,71180_1993.txt_ceo_lastname_215,0.11149251669959635,3,-0.739673376083374,-2.219020128250122,0.11149249157899753,ceo_lastname
-0.8192517161369324,-2.4577550888061523,-0.10549672693014145,-0.31649017333984375,patch_random_14,Lenzie,71180_1993.txt_ceo_lastname_215,0.09355270876529653,3,-0.7524780035018921,-2.2574338912963867,0.09355273888011245,ceo_lastname
-0.8192517161369324,-2.4577550888061523,-0.10549672693014145,-0.31649017333984375,patch_random_15,Lenzie,71180_1993.txt_ceo_lastname_215,0.008061999002845273,3,-0.8134974241256714,-2.4404921531677246,0.00806202703539293,ceo_lastname
-0.8192517161369324,-2.4577550888061523,-0.10549672693014145,-0.31649017333984375,patch_random_16,Lenzie,71180_1993.txt_ceo_lastname_215,-0.33896763785823825,3,-1.0611915588378906,-3.183574676513672,-0.33896767395054245,ceo_lastname
-0.8192517161369324,-2.4577550888061523,-0.10549672693014145,-0.31649017333984375,patch_random_17,Lenzie,71180_1993.txt_ceo_lastname_215,0.17412401330863247,3,-0.6949698328971863,-2.084909439086914,0.17412401754971207,ceo_lastname
-0.8192517161369324,-2.4577550888061523,-0.10549672693014145,-0.31649017333984375,patch_random_18,Lenzie,71180_1993.txt_ceo_lastname_215,0.2274746201073371,3,-0.6568905711174011,-1.9706716537475586,0.22747462564785936,ceo_lastname
-0.8192517161369324,-2.4577550888061523,-0.10549672693014145,-0.31649017333984375,patch_random_19,Lenzie,71180_1993.txt_ceo_lastname_215,0.011606435933027938,3,-0.8109675645828247,-2.4329025745391846,0.011606464051906244,ceo_lastname
-0.8192517161369324,-2.4577550888061523,-0.10549672693014145,-0.31649017333984375,patch_matched_layer_random_00,Lenzie,71180_1993.txt_ceo_lastname_215,0.057818397775090034,3,-0.777983546257019,-2.3339505195617676,0.05781842701953744,ceo_lastname
-0.8192517161369324,-2.4577550888061523,-0.10549672693014145,-0.31649017333984375,patch_matched_layer_random_01,Lenzie,71180_1993.txt_ceo_lastname_215,0.10644776514572926,3,-0.7432740926742554,-2.2298221588134766,0.10644779557462569,ceo_lastname
-0.8192517161369324,-2.4577550888061523,-0.10549672693014145,-0.31649017333984375,patch_matched_layer_random_02,Lenzie,71180_1993.txt_ceo_lastname_215,-0.13043634794017234,3,-0.9123513102531433,-2.737053871154785,-0.13043635111716628,ceo_lastname
-0.8192517161369324,-2.4577550888061523,-0.10549672693014145,-0.31649017333984375,patch_matched_layer_random_03,Lenzie,71180_1993.txt_ceo_lastname_215,-0.017612370906610476,3,-0.8318226337432861,-2.4954679012298584,-0.017612399171773308,ceo_lastname
-0.8192517161369324,-2.4577550888061523,-0.10549672693014145,-0.31649017333984375,patch_matched_layer_random_04,Lenzie,71180_1993.txt_ceo_lastname_215,0.028686857371038293,3,-0.7987763285636902,-2.396328926086426,0.02868685806975436,ceo_lastname
-0.8192517161369324,-2.4577550888061523,-0.10549672693014145,-0.31649017333984375,patch_matched_layer_random_05,Lenzie,71180_1993.txt_ceo_lastname_215,0.0707821816928317,3,-0.7687305808067322,-2.3061916828155518,0.0707821834168493,ceo_lastname
-0.8192517161369324,-2.4577550888061523,-0.10549672693014145,-0.31649017333984375,patch_matched_layer_random_06,Lenzie,71180_1993.txt_ceo_lastname_215,0.3323592721991798,3,-0.5820286273956299,-1.7460857629776,0.33235930813052633,ceo_lastname
-0.8192517161369324,-2.4577550888061523,-0.10549672693014145,-0.31649017333984375,patch_matched_layer_random_07,Lenzie,71180_1993.txt_ceo_lastname_215,0.26269159562533356,3,-0.6317542791366577,-1.8952627182006836,0.2626916298598081,ceo_lastname
-0.8192517161369324,-2.4577550888061523,-0.10549672693014145,-0.31649017333984375,patch_matched_layer_random_08,Lenzie,71180_1993.txt_ceo_lastname_215,0.19463037304323938,3,-0.6803333163261414,-2.0409998893737793,0.19463037778378545,ceo_lastname
-0.8192517161369324,-2.4577550888061523,-0.10549672693014145,-0.31649017333984375,patch_matched_layer_random_09,Lenzie,71180_1993.txt_ceo_lastname_215,-0.2021712786890886,3,-0.9635524749755859,-2.890657424926758,-0.20217131144949024,ceo_lastname
-0.8192517161369324,-2.4577550888061523,-0.10549672693014145,-0.31649017333984375,patch_matched_layer_random_10,Lenzie,71180_1993.txt_ceo_lastname_215,0.07099930392491337,3,-0.7685756087303162,-2.3057267665863037,0.07099930565421936,ceo_lastname
-0.8192517161369324,-2.4577550888061523,-0.10549672693014145,-0.31649017333984375,patch_matched_layer_random_11,Lenzie,71180_1993.txt_ceo_lastname_215,-0.027543458293475834,3,-0.8389109969139099,-2.516732931137085,-0.027543458964342515,ceo_lastname
-0.8192517161369324,-2.4577550888061523,-0.10549672693014145,-0.31649017333984375,patch_matched_layer_random_12,Lenzie,71180_1993.txt_ceo_lastname_215,-0.06001016319940382,3,-0.8620842695236206,-2.5862526893615723,-0.06001013682486676,ceo_lastname
-0.8192517161369324,-2.4577550888061523,-0.10549672693014145,-0.31649017333984375,patch_matched_layer_random_13,Lenzie,71180_1993.txt_ceo_lastname_215,0.2980269027598146,3,-0.6065335273742676,-1.8196005821228027,0.2980268821825706,ceo_lastname
-0.8192517161369324,-2.4577550888061523,-0.10549672693014145,-0.31649017333984375,patch_matched_layer_random_14,Lenzie,71180_1993.txt_ceo_lastname_215,0.014999221334956628,3,-0.8085459470748901,-2.425637722015381,0.01499924953647186,ceo_lastname
-0.8192517161369324,-2.4577550888061523,-0.10549672693014145,-0.31649017333984375,patch_matched_layer_random_15,Lenzie,71180_1993.txt_ceo_lastname_215,0.3520878332916295,3,-0.567947268486023,-1.7038418054580688,0.3520878140311293,ceo_lastname
-0.8192517161369324,-2.4577550888061523,-0.10549672693014145,-0.31649017333984375,patch_matched_layer_random_16,Lenzie,71180_1993.txt_ceo_lastname_215,-0.11506509601139883,3,-0.9013800024986267,-2.7041399478912354,-0.1150650988140004,ceo_lastname
-0.8192517161369324,-2.4577550888061523,-0.10549672693014145,-0.31649017333984375,patch_matched_layer_random_17,Lenzie,71180_1993.txt_ceo_lastname_215,-0.29848837101153897,3,-1.032299280166626,-3.096897602081299,-0.2984882947731663,ceo_lastname
-0.8192517161369324,-2.4577550888061523,-0.10549672693014145,-0.31649017333984375,patch_matched_layer_random_18,Lenzie,71180_1993.txt_ceo_lastname_215,0.20791466277895393,3,-0.6708515882492065,-2.01255464553833,0.2079146956792452,ceo_lastname
-0.8192517161369324,-2.4577550888061523,-0.10549672693014145,-0.31649017333984375,patch_matched_layer_random_19,Lenzie,71180_1993.txt_ceo_lastname_215,0.007759029980540524,3,-0.8137136697769165,-2.44114089012146,0.0077590580057088675,ceo_lastname
-1.7088279724121094,-10.252967834472656,-0.7406673431396484,-4.444004058837891,patch_qr,35000,104669_1993.txt_employees_count_total_83,1.0284625291817295,6,-0.7131110429763794,-4.278666019439697,1.0284625702249497,employees_count_total
-1.7088279724121094,-10.252967834472656,-0.7406673431396484,-4.444004058837891,patch_bottom,35000,104669_1993.txt_employees_count_total_83,0.013152710330085993,6,-1.696094036102295,-10.17656421661377,0.013152710330085993,employees_count_total
-1.7088279724121094,-10.252967834472656,-0.7406673431396484,-4.444004058837891,patch_same_layer,35000,104669_1993.txt_employees_count_total_83,0.056088515450309795,6,-1.6545252799987793,-9.927151679992676,0.056088515450309795,employees_count_total
-1.7088279724121094,-10.252967834472656,-0.7406673431396484,-4.444004058837891,patch_random_00,35000,104669_1993.txt_employees_count_total_83,0.344621450171889,6,-1.3751790523529053,-8.251073837280273,0.3446215322583293,employees_count_total
-1.7088279724121094,-10.252967834472656,-0.7406673431396484,-4.444004058837891,patch_random_01,35000,104669_1993.txt_employees_count_total_83,0.11582523961031925,6,-1.5966905355453491,-9.580142974853516,0.1158252806535394,employees_count_total
-1.7088279724121094,-10.252967834472656,-0.7406673431396484,-4.444004058837891,patch_random_02,35000,104669_1993.txt_employees_count_total_83,-0.15075786306011682,6,-1.8547857999801636,-11.128714561462402,-0.15075782201689666,employees_count_total
-1.7088279724121094,-10.252967834472656,-0.7406673431396484,-4.444004058837891,patch_random_03,35000,104669_1993.txt_employees_count_total_83,0.0022429298948965217,6,-1.7066564559936523,-10.239938735961914,0.0022429298948965217,employees_count_total
-1.7088279724121094,-10.252967834472656,-0.7406673431396484,-4.444004058837891,patch_random_04,35000,104669_1993.txt_employees_count_total_83,0.30622100296496224,6,-1.4123568534851074,-8.474141120910645,0.30622100296496224,employees_count_total
-1.7088279724121094,-10.252967834472656,-0.7406673431396484,-4.444004058837891,patch_random_05,35000,104669_1993.txt_employees_count_total_83,0.04518033570070627,6,-1.6650861501693726,-9.990516662597656,0.04518037674392642,employees_count_total
-1.7088279724121094,-10.252967834472656,-0.7406673431396484,-4.444004058837891,patch_random_06,35000,104669_1993.txt_employees_count_total_83,0.05317292822033314,6,-1.6573480367660522,-9.944087982177734,0.05317296926355329,employees_count_total
-1.7088279724121094,-10.252967834472656,-0.7406673431396484,-4.444004058837891,patch_random_07,35000,104669_1993.txt_employees_count_total_83,0.0758878879815601,6,-1.6353563070297241,-9.812137603759766,0.07588792902478025,employees_count_total
-1.7088279724121094,-10.252967834472656,-0.7406673431396484,-4.444004058837891,patch_random_08,35000,104669_1993.txt_employees_count_total_83,0.11623193687881087,6,-1.596296787261963,-9.577780723571777,0.11623193687881087,employees_count_total
-1.7088279724121094,-10.252967834472656,-0.7406673431396484,-4.444004058837891,patch_random_09,35000,104669_1993.txt_employees_count_total_83,0.48297141421802814,6,-1.2412340641021729,-7.447403907775879,0.48297149630446845,employees_count_total
-1.7088279724121094,-10.252967834472656,-0.7406673431396484,-4.444004058837891,patch_random_10,35000,104669_1993.txt_employees_count_total_83,0.005101754351402201,6,-1.7038886547088623,-10.223331451416016,0.0051018364378425055,employees_count_total
-1.7088279724121094,-10.252967834472656,-0.7406673431396484,-4.444004058837891,patch_random_11,35000,104669_1993.txt_employees_count_total_83,0.09854337611678603,6,-1.613422155380249,-9.680532455444336,0.09854345820322633,employees_count_total
-1.7088279724121094,-10.252967834472656,-0.7406673431396484,-4.444004058837891,patch_random_12,35000,104669_1993.txt_employees_count_total_83,-0.011343073710339937,6,-1.719809889793396,-10.318859100341797,-0.011343032667119784,employees_count_total
-1.7088279724121094,-10.252967834472656,-0.7406673431396484,-4.444004058837891,patch_random_13,35000,104669_1993.txt_employees_count_total_83,0.038354150454594706,6,-1.6716949939727783,-10.030169486999512,0.03835423254103501,employees_count_total
-1.7088279724121094,-10.252967834472656,-0.7406673431396484,-4.444004058837891,patch_random_14,35000,104669_1993.txt_employees_count_total_83,0.015314620908401383,6,-1.6940009593963623,-10.164005279541016,0.015314702994841688,employees_count_total
-1.7088279724121094,-10.252967834472656,-0.7406673431396484,-4.444004058837891,patch_random_15,35000,104669_1993.txt_employees_count_total_83,0.06974802746283947,6,-1.6413006782531738,-9.847804069519043,0.06974802746283947,employees_count_total
-1.7088279724121094,-10.252967834472656,-0.7406673431396484,-4.444004058837891,patch_random_16,35000,104669_1993.txt_employees_count_total_83,-0.04224135383524266,6,-1.7497243881225586,-10.498346328735352,-0.04224135383524266,employees_count_total
-1.7088279724121094,-10.252967834472656,-0.7406673431396484,-4.444004058837891,patch_random_17,35000,104669_1993.txt_employees_count_total_83,0.010378599079975176,6,-1.698779821395874,-10.192678451538086,0.010378681166415483,employees_count_total
-1.7088279724121094,-10.252967834472656,-0.7406673431396484,-4.444004058837891,patch_random_18,35000,104669_1993.txt_employees_count_total_83,0.14875639042937774,6,-1.5648078918457031,-9.388847351074219,0.14875639042937774,employees_count_total
-1.7088279724121094,-10.252967834472656,-0.7406673431396484,-4.444004058837891,patch_random_19,35000,104669_1993.txt_employees_count_total_83,0.05989026684660014,6,-1.6508445739746094,-9.905067443847656,0.05989026684660014,employees_count_total
-1.7088279724121094,-10.252967834472656,-0.7406673431396484,-4.444004058837891,patch_matched_layer_random_00,35000,104669_1993.txt_employees_count_total_83,0.08018301992730424,6,-1.6311979293823242,-9.787187576293945,0.08018301992730424,employees_count_total
-1.7088279724121094,-10.252967834472656,-0.7406673431396484,-4.444004058837891,patch_matched_layer_random_01,35000,104669_1993.txt_employees_count_total_83,0.3552834937302377,6,-1.364856481552124,-8.189138412475586,0.355283575816678,employees_count_total
-1.7088279724121094,-10.252967834472656,-0.7406673431396484,-4.444004058837891,patch_matched_layer_random_02,35000,104669_1993.txt_employees_count_total_83,0.18476984603867255,6,-1.5299410820007324,-9.179646492004395,0.18476984603867255,employees_count_total
-1.7088279724121094,-10.252967834472656,-0.7406673431396484,-4.444004058837891,patch_matched_layer_random_03,35000,104669_1993.txt_employees_count_total_83,0.07552539426117279,6,-1.6357072591781616,-9.81424331665039,0.07552543530439294,employees_count_total
-1.7088279724121094,-10.252967834472656,-0.7406673431396484,-4.444004058837891,patch_matched_layer_random_04,35000,104669_1993.txt_employees_count_total_83,0.11357430628749299,6,-1.598869800567627,-9.593218803405762,0.11357430628749299,employees_count_total
-1.7088279724121094,-10.252967834472656,-0.7406673431396484,-4.444004058837891,patch_matched_layer_random_05,35000,104669_1993.txt_employees_count_total_83,0.06412260266551088,6,-1.6467469930648804,-9.880481719970703,0.06412264370873104,employees_count_total
-1.7088279724121094,-10.252967834472656,-0.7406673431396484,-4.444004058837891,patch_matched_layer_random_06,35000,104669_1993.txt_employees_count_total_83,0.26533973935913474,6,-1.4519364833831787,-8.711618423461914,0.26533982144557505,employees_count_total
-1.7088279724121094,-10.252967834472656,-0.7406673431396484,-4.444004058837891,patch_matched_layer_random_07,35000,104669_1993.txt_employees_count_total_83,0.20452390685487445,6,-1.510815978050232,-9.064895629882812,0.2045239478980946,employees_count_total
-1.7088279724121094,-10.252967834472656,-0.7406673431396484,-4.444004058837891,patch_matched_layer_random_08,35000,104669_1993.txt_employees_count_total_83,0.08936947763472848,6,-1.6223039627075195,-9.733823776245117,0.08936947763472848,employees_count_total
-1.7088279724121094,-10.252967834472656,-0.7406673431396484,-4.444004058837891,patch_matched_layer_random_09,35000,104669_1993.txt_employees_count_total_83,0.1361402791595662,6,-1.5770223140716553,-9.462133407592773,0.1361403612460065,employees_count_total
-1.7088279724121094,-10.252967834472656,-0.7406673431396484,-4.444004058837891,patch_matched_layer_random_10,35000,104669_1993.txt_employees_count_total_83,0.07376673332085619,6,-1.6374099254608154,-9.824459075927734,0.0737668154072965,employees_count_total
-1.7088279724121094,-10.252967834472656,-0.7406673431396484,-4.444004058837891,patch_matched_layer_random_11,35000,104669_1993.txt_employees_count_total_83,0.03469855396526759,6,-1.6752341985702515,-10.05140495300293,0.03469859500848774,employees_count_total
-1.7088279724121094,-10.252967834472656,-0.7406673431396484,-4.444004058837891,patch_matched_layer_random_12,35000,104669_1993.txt_employees_count_total_83,0.005924506742580207,6,-1.703092098236084,-10.218552589416504,0.005924506742580207,employees_count_total
-1.7088279724121094,-10.252967834472656,-0.7406673431396484,-4.444004058837891,patch_matched_layer_random_13,35000,104669_1993.txt_employees_count_total_83,0.11288748904146022,6,-1.5995347499847412,-9.597208023071289,0.11288757112790053,employees_count_total
-1.7088279724121094,-10.252967834472656,-0.7406673431396484,-4.444004058837891,patch_matched_layer_random_14,35000,104669_1993.txt_employees_count_total_83,-0.013952068085777047,6,-1.7223358154296875,-10.334014892578125,-0.013952068085777047,employees_count_total
-1.7088279724121094,-10.252967834472656,-0.7406673431396484,-4.444004058837891,patch_matched_layer_random_15,35000,104669_1993.txt_employees_count_total_83,0.45067327298338244,6,-1.2725038528442383,-7.63502311706543,0.45067327298338244,employees_count_total
-1.7088279724121094,-10.252967834472656,-0.7406673431396484,-4.444004058837891,patch_matched_layer_random_16,35000,104669_1993.txt_employees_count_total_83,0.04630019996256858,6,-1.6640019416809082,-9.98401165008545,0.04630019996256858,employees_count_total
-1.7088279724121094,-10.252967834472656,-0.7406673431396484,-4.444004058837891,patch_matched_layer_random_17,35000,104669_1993.txt_employees_count_total_83,0.1817164767186438,6,-1.5328972339630127,-9.197382926940918,0.1817165588050841,employees_count_total
-1.7088279724121094,-10.252967834472656,-0.7406673431396484,-4.444004058837891,patch_matched_layer_random_18,35000,104669_1993.txt_employees_count_total_83,0.3042456338222402,6,-1.4142693281173706,-8.485615730285645,0.30424567486546034,employees_count_total
-1.7088279724121094,-10.252967834472656,-0.7406673431396484,-4.444004058837891,patch_matched_layer_random_19,35000,104669_1993.txt_employees_count_total_83,0.11163144337513174,6,-1.6007508039474487,-9.604504585266113,0.1116314844183519,employees_count_total
-1.3672068119049072,-6.836033821105957,-0.45300912857055664,-2.265045642852783,patch_qr,6101,80661_1993.txt_employees_count_total_29,1.0090627390353124,5,-0.4447239935398102,-2.2236199378967285,1.009062746027903,employees_count_total
-1.3672068119049072,-6.836033821105957,-0.45300912857055664,-2.265045642852783,patch_bottom,6101,80661_1993.txt_employees_count_total_29,0.0025430162504241184,5,-1.364881992340088,-6.8244099617004395,0.0025429642239765526,employees_count_total
-1.3672068119049072,-6.836033821105957,-0.45300912857055664,-2.265045642852783,patch_same_layer,6101,80661_1993.txt_employees_count_total_29,-0.07481034304248645,5,-1.4355982542037964,-7.177990913391113,-0.0748103208649813,employees_count_total
-1.3672068119049072,-6.836033821105957,-0.45300912857055664,-2.265045642852783,patch_random_00,6101,80661_1993.txt_employees_count_total_29,0.4742086358234342,5,-0.933686375617981,-4.668431758880615,0.4742086344781801,employees_count_total
-1.3672068119049072,-6.836033821105957,-0.45300912857055664,-2.265045642852783,patch_random_01,6101,80661_1993.txt_employees_count_total_29,0.050093195247368376,5,-1.3214117288589478,-6.607058525085449,0.050093171780639316,employees_count_total
-1.3672068119049072,-6.836033821105957,-0.45300912857055664,-2.265045642852783,patch_random_02,6101,80661_1993.txt_employees_count_total_29,-0.17502672501182057,5,-1.527215838432312,-7.636078834533691,-0.17502670806151058,employees_count_total
-1.3672068119049072,-6.836033821105957,-0.45300912857055664,-2.265045642852783,patch_random_03,6101,80661_1993.txt_employees_count_total_29,0.001060915814452396,5,-1.366236925125122,-6.831184387207031,0.0010609158697887984,employees_count_total
-1.3672068119049072,-6.836033821105957,-0.45300912857055664,-2.265045642852783,patch_random_04,6101,80661_1993.txt_employees_count_total_29,0.23877829858625405,5,-1.148916244506836,-5.74458122253418,0.2387782588816236,employees_count_total
-1.3672068119049072,-6.836033821105957,-0.45300912857055664,-2.265045642852783,patch_random_05,6101,80661_1993.txt_employees_count_total_29,-0.047377532421436025,5,-1.4105192422866821,-7.052596092224121,-0.04737756097214944,employees_count_total
-1.3672068119049072,-6.836033821105957,-0.45300912857055664,-2.265045642852783,patch_random_06,6101,80661_1993.txt_employees_count_total_29,0.11952450212196203,5,-1.2579377889633179,-6.289689064025879,0.11952443011761771,employees_count_total
-1.3672068119049072,-6.836033821105957,-0.45300912857055664,-2.265045642852783,patch_random_07,6101,80661_1993.txt_employees_count_total_29,0.08504499894769044,5,-1.2894588708877563,-6.447294235229492,0.08504497730401561,employees_count_total
-1.3672068119049072,-6.836033821105957,-0.45300912857055664,-2.265045642852783,patch_random_08,6101,80661_1993.txt_employees_count_total_29,0.11354472367811272,5,-1.2634044885635376,-6.317022323608398,0.11354470352095758,employees_count_total
-1.3672068119049072,-6.836033821105957,-0.45300912857055664,-2.265045642852783,patch_random_09,6101,80661_1993.txt_employees_count_total_29,0.5710638210755569,5,-0.845141589641571,-4.2257080078125,0.5710637856628643,employees_count_total
-1.3672068119049072,-6.836033821105957,-0.45300912857055664,-2.265045642852783,patch_random_10,6101,80661_1993.txt_employees_count_total_29,-0.12421464715812522,5,-1.480763554573059,-7.403817653656006,-0.12421467971659254,employees_count_total
-1.3672068119049072,-6.836033821105957,-0.45300912857055664,-2.265045642852783,patch_random_11,6101,80661_1993.txt_employees_count_total_29,0.13448737919629628,5,-1.2442587614059448,-6.221293926239014,0.134487307972402,employees_count_total
-1.3672068119049072,-6.836033821105957,-0.45300912857055664,-2.265045642852783,patch_random_12,6101,80661_1993.txt_employees_count_total_29,0.05084324290773345,5,-1.3207260370254517,-6.603630065917969,0.05084321948012619,employees_count_total
-1.3672068119049072,-6.836033821105957,-0.45300912857055664,-2.265045642852783,patch_random_13,6101,80661_1993.txt_employees_count_total_29,0.023704870328599636,5,-1.3455358743667603,-6.727679252624512,0.02370484548547959,employees_count_total
-1.3672068119049072,-6.836033821105957,-0.45300912857055664,-2.265045642852783,patch_random_14,6101,80661_1993.txt_employees_count_total_29,0.0036867346143083326,5,-1.363836407661438,-6.8191819190979,0.003686708727060563,employees_count_total
-1.3672068119049072,-6.836033821105957,-0.45300912857055664,-2.265045642852783,patch_random_15,6101,80661_1993.txt_employees_count_total_29,0.04000810552200423,5,-1.3306314945220947,-6.6531572341918945,0.04000810760879056,employees_count_total
-1.3672068119049072,-6.836033821105957,-0.45300912857055664,-2.265045642852783,patch_random_16,6101,80661_1993.txt_employees_count_total_29,-0.18490343918759095,5,-1.5362451076507568,-7.681225299835205,-0.18490344883198587,employees_count_total
-1.3672068119049072,-6.836033821105957,-0.45300912857055664,-2.265045642852783,patch_random_17,6101,80661_1993.txt_employees_count_total_29,0.022163047738864492,5,-1.3469454050064087,-6.734726905822754,0.022163022815324382,employees_count_total
-1.3672068119049072,-6.836033821105957,-0.45300912857055664,-2.265045642852783,patch_random_18,6101,80661_1993.txt_employees_count_total_29,0.13839722430206577,5,-1.2406843900680542,-6.203421592712402,0.1383972576002834,employees_count_total
-1.3672068119049072,-6.836033821105957,-0.45300912857055664,-2.265045642852783,patch_random_19,6101,80661_1993.txt_employees_count_total_29,0.021672100339477415,5,-1.3473942279815674,-6.736970901489258,0.021672101469874423,employees_count_total
-1.3672068119049072,-6.836033821105957,-0.45300912857055664,-2.265045642852783,patch_matched_layer_random_00,6101,80661_1993.txt_employees_count_total_29,0.1349780658002521,5,-1.2438101768493652,-6.219050884246826,0.13497802068149606,employees_count_total
-1.3672068119049072,-6.836033821105957,-0.45300912857055664,-2.265045642852783,patch_matched_layer_random_01,6101,80661_1993.txt_employees_count_total_29,0.17235735337494063,5,-1.2096381187438965,-6.048190593719482,0.17235731020585418,employees_count_total
-1.3672068119049072,-6.836033821105957,-0.45300912857055664,-2.265045642852783,patch_matched_layer_random_02,6101,80661_1993.txt_employees_count_total_29,-0.030104790212243146,5,-1.3947285413742065,-6.973642349243164,-0.03010476570293709,employees_count_total
-1.3672068119049072,-6.836033821105957,-0.45300912857055664,-2.265045642852783,patch_matched_layer_random_03,6101,80661_1993.txt_employees_count_total_29,0.05793518346828193,5,-1.3142426013946533,-6.5712127685546875,0.05793518649012832,employees_count_total
-1.3672068119049072,-6.836033821105957,-0.45300912857055664,-2.265045642852783,patch_matched_layer_random_04,6101,80661_1993.txt_employees_count_total_29,0.005505130758917313,5,-1.3621740341186523,-6.810870170593262,0.005505078886970941,employees_count_total
-1.3672068119049072,-6.836033821105957,-0.45300912857055664,-2.265045642852783,patch_matched_layer_random_05,6101,80661_1993.txt_employees_count_total_29,0.1696462544690557,5,-1.2121165990829468,-6.060583114624023,0.16964618507901633,employees_count_total
-1.3672068119049072,-6.836033821105957,-0.45300912857055664,-2.265045642852783,patch_matched_layer_random_06,6101,80661_1993.txt_employees_count_total_29,0.21735903941740387,5,-1.1684976816177368,-5.8424882888793945,0.21735902467510887,employees_count_total
-1.3672068119049072,-6.836033821105957,-0.45300912857055664,-2.265045642852783,patch_matched_layer_random_07,6101,80661_1993.txt_employees_count_total_29,0.1486839088958104,5,-1.2312803268432617,-6.156401634216309,0.14868386449193866,employees_count_total
-1.3672068119049072,-6.836033821105957,-0.45300912857055664,-2.265045642852783,patch_matched_layer_random_08,6101,80661_1993.txt_employees_count_total_29,0.3205244961236671,5,-1.0741840600967407,-5.370920181274414,0.3205244867623883,employees_count_total
-1.3672068119049072,-6.836033821105957,-0.45300912857055664,-2.265045642852783,patch_matched_layer_random_09,6101,80661_1993.txt_employees_count_total_29,0.1570054999148503,5,-1.2236727476119995,-6.118363380432129,0.15700553418365862,employees_count_total
-1.3672068119049072,-6.836033821105957,-0.45300912857055664,-2.265045642852783,patch_matched_layer_random_10,6101,80661_1993.txt_employees_count_total_29,0.22805060891821272,5,-1.1587234735488892,-5.793617248535156,0.22805059473358025,employees_count_total
-1.3672068119049072,-6.836033821105957,-0.45300912857055664,-2.265045642852783,patch_matched_layer_random_11,6101,80661_1993.txt_employees_count_total_29,-0.12979645177383925,5,-1.4858664274215698,-7.429332256317139,-0.1297965367825374,employees_count_total
-1.3672068119049072,-6.836033821105957,-0.45300912857055664,-2.265045642852783,patch_matched_layer_random_12,6101,80661_1993.txt_employees_count_total_29,0.07086685532608165,5,-1.3024204969406128,-6.512102127075195,0.07086688510197675,employees_count_total
-1.3672068119049072,-6.836033821105957,-0.45300912857055664,-2.265045642852783,patch_matched_layer_random_13,6101,80661_1993.txt_employees_count_total_29,0.13095620905674726,5,-1.24748694896698,-6.2374348640441895,0.13095613764867037,employees_count_total
-1.3672068119049072,-6.836033821105957,-0.45300912857055664,-2.265045642852783,patch_matched_layer_random_14,6101,80661_1993.txt_employees_count_total_29,0.060112434126334,5,-1.312252163887024,-6.56126070022583,0.060112411182199316,employees_count_total
-1.3672068119049072,-6.836033821105957,-0.45300912857055664,-2.265045642852783,patch_matched_layer_random_15,6101,80661_1993.txt_employees_count_total_29,0.18807836276800968,5,-1.1952660083770752,-5.976329803466797,0.18807837257800575,employees_count_total
-1.3672068119049072,-6.836033821105957,-0.45300912857055664,-2.265045642852783,patch_matched_layer_random_16,6101,80661_1993.txt_employees_count_total_29,0.1393924196678353,5,-1.2397745847702026,-6.1988725662231445,0.1393924530179614,employees_count_total
-1.3672068119049072,-6.836033821105957,-0.45300912857055664,-2.265045642852783,patch_matched_layer_random_17,6101,80661_1993.txt_employees_count_total_29,-0.15986290505768402,5,-1.5133531093597412,-7.566765308380127,-0.15986291339598752,employees_count_total
-1.3672068119049072,-6.836033821105957,-0.45300912857055664,-2.265045642852783,patch_matched_layer_random_18,6101,80661_1993.txt_employees_count_total_29,-0.02127477849992033,5,-1.3866561651229858,-6.933280944824219,-0.021274857848226858,employees_count_total
-1.3672068119049072,-6.836033821105957,-0.45300912857055664,-2.265045642852783,patch_matched_layer_random_19,6101,80661_1993.txt_employees_count_total_29,0.1432820531276805,5,-1.2362186908721924,-6.181093215942383,0.14328206060114185,employees_count_total
-0.6391259431838989,-2.5565037727355957,-0.14310716092586517,-0.5724286437034607,patch_qr,257,18497_1993.txt_employees_count_total_34,1.0781255271349033,4,-0.10435543209314346,-0.41742172837257385,1.0781255271349033,employees_count_total
-0.6391259431838989,-2.5565037727355957,-0.14310716092586517,-0.5724286437034607,patch_bottom,257,18497_1993.txt_employees_count_total_34,-0.0024655681301706538,4,-0.6403489112854004,-2.5613956451416016,-0.0024655681301706538,employees_count_total
-0.6391259431838989,-2.5565037727355957,-0.14310716092586517,-0.5724286437034607,patch_same_layer,257,18497_1993.txt_employees_count_total_34,-0.4212873412789765,4,-0.8480923771858215,-3.392369508743286,-0.4212873412789765,employees_count_total
-0.6391259431838989,-2.5565037727355957,-0.14310716092586517,-0.5724286437034607,patch_random_00,257,18497_1993.txt_employees_count_total_34,0.47746187076934576,4,-0.40229588747024536,-1.6091835498809814,0.47746187076934576,employees_count_total
-0.6391259431838989,-2.5565037727355957,-0.14310716092586517,-0.5724286437034607,patch_random_01,257,18497_1993.txt_employees_count_total_34,0.0824454835674805,4,-0.5982314348220825,-2.39292573928833,0.0824454835674805,employees_count_total
-0.6391259431838989,-2.5565037727355957,-0.14310716092586517,-0.5724286437034607,patch_random_02,257,18497_1993.txt_employees_count_total_34,-0.43506186166075506,4,-0.8549247980117798,-3.419699192047119,-0.43506186166075506,employees_count_total
-0.6391259431838989,-2.5565037727355957,-0.14310716092586517,-0.5724286437034607,patch_random_03,257,18497_1993.txt_employees_count_total_34,0.09346062969381946,4,-0.5927677154541016,-2.3710708618164062,0.09346062969381946,employees_count_total
-0.6391259431838989,-2.5565037727355957,-0.14310716092586517,-0.5724286437034607,patch_random_04,257,18497_1993.txt_employees_count_total_34,-0.007066007271190894,4,-0.6426308155059814,-2.570523262023926,-0.007066007271190894,employees_count_total
-0.6391259431838989,-2.5565037727355957,-0.14310716092586517,-0.5724286437034607,patch_random_05,257,18497_1993.txt_employees_count_total_34,-0.858087405639942,4,-1.0647534132003784,-4.259013652801514,-0.858087405639942,employees_count_total
-0.6391259431838989,-2.5565037727355957,-0.14310716092586517,-0.5724286437034607,patch_random_06,257,18497_1993.txt_employees_count_total_34,0.19989006603938558,4,-0.5399767160415649,-2.1599068641662598,0.19989006603938558,employees_count_total
-0.6391259431838989,-2.5565037727355957,-0.14310716092586517,-0.5724286437034607,patch_random_07,257,18497_1993.txt_employees_count_total_34,0.4172138305057698,4,-0.4321800470352173,-1.7287201881408691,0.4172138305057698,employees_count_total
-0.6391259431838989,-2.5565037727355957,-0.14310716092586517,-0.5724286437034607,patch_random_08,257,18497_1993.txt_employees_count_total_34,0.35048330957399104,4,-0.46527963876724243,-1.8611185550689697,0.35048330957399104,employees_count_total
-0.6391259431838989,-2.5565037727355957,-0.14310716092586517,-0.5724286437034607,patch_random_09,257,18497_1993.txt_employees_count_total_34,0.6514492918416197,4,-0.31599485874176025,-1.263979434967041,0.6514492918416197,employees_count_total
-0.6391259431838989,-2.5565037727355957,-0.14310716092586517,-0.5724286437034607,patch_random_10,257,18497_1993.txt_employees_count_total_34,-0.768585528089623,4,-1.0203588008880615,-4.081435203552246,-0.768585528089623,employees_count_total
-0.6391259431838989,-2.5565037727355957,-0.14310716092586517,-0.5724286437034607,patch_random_11,257,18497_1993.txt_employees_count_total_34,0.45930212873953535,4,-0.41130346059799194,-1.6452138423919678,0.45930212873953535,employees_count_total
-0.6391259431838989,-2.5565037727355957,-0.14310716092586517,-0.5724286437034607,patch_random_12,257,18497_1993.txt_employees_count_total_34,0.00999830055086846,4,-0.6341665983200073,-2.5366663932800293,0.00999830055086846,employees_count_total
-0.6391259431838989,-2.5565037727355957,-0.14310716092586517,-0.5724286437034607,patch_random_13,257,18497_1993.txt_employees_count_total_34,0.22606200324646755,4,-0.5269949436187744,-2.1079797744750977,0.22606200324646755,employees_count_total
-0.6391259431838989,-2.5565037727355957,-0.14310716092586517,-0.5724286437034607,patch_random_14,257,18497_1993.txt_employees_count_total_34,0.08312970936595947,4,-0.5978920459747314,-2.391568183898926,0.08312970936595947,employees_count_total
-0.6391259431838989,-2.5565037727355957,-0.14310716092586517,-0.5724286437034607,patch_random_15,257,18497_1993.txt_employees_count_total_34,0.10205947579279362,4,-0.5885025262832642,-2.3540101051330566,0.10205947579279362,employees_count_total
-0.6391259431838989,-2.5565037727355957,-0.14310716092586517,-0.5724286437034607,patch_random_16,257,18497_1993.txt_employees_count_total_34,-1.1419906422448687,4,-1.2055747509002686,-4.822299003601074,-1.1419906422448687,employees_count_total
-0.6391259431838989,-2.5565037727355957,-0.14310716092586517,-0.5724286437034607,patch_random_17,257,18497_1993.txt_employees_count_total_34,0.07479907401201608,4,-0.6020241975784302,-2.4080967903137207,0.07479907401201608,employees_count_total
-0.6391259431838989,-2.5565037727355957,-0.14310716092586517,-0.5724286437034607,patch_random_18,257,18497_1993.txt_employees_count_total_34,0.09612014591649892,4,-0.5914485454559326,-2.3657941818237305,0.09612014591649892,employees_count_total
-0.6391259431838989,-2.5565037727355957,-0.14310716092586517,-0.5724286437034607,patch_random_19,257,18497_1993.txt_employees_count_total_34,0.12211880360102967,4,-0.5785527229309082,-2.314210891723633,0.12211880360102967,employees_count_total
-0.6391259431838989,-2.5565037727355957,-0.14310716092586517,-0.5724286437034607,patch_matched_layer_random_00,257,18497_1993.txt_employees_count_total_34,0.049439339504603816,4,-0.6146031022071838,-2.4584124088287354,0.049439339504603816,employees_count_total
-0.6391259431838989,-2.5565037727355957,-0.14310716092586517,-0.5724286437034607,patch_matched_layer_random_01,257,18497_1993.txt_employees_count_total_34,0.26202519480652914,4,-0.5091565251350403,-2.036626100540161,0.26202519480652914,employees_count_total
-0.6391259431838989,-2.5565037727355957,-0.14310716092586517,-0.5724286437034607,patch_matched_layer_random_02,257,18497_1993.txt_employees_count_total_34,-0.13179217500558849,4,-0.7044973373413086,-2.8179893493652344,-0.13179217500558849,employees_count_total
-0.6391259431838989,-2.5565037727355957,-0.14310716092586517,-0.5724286437034607,patch_matched_layer_random_03,257,18497_1993.txt_employees_count_total_34,0.03534385545796098,4,-0.6215947270393372,-2.4863789081573486,0.03534385545796098,employees_count_total
-0.6391259431838989,-2.5565037727355957,-0.14310716092586517,-0.5724286437034607,patch_matched_layer_random_04,257,18497_1993.txt_employees_count_total_34,0.1717305814654539,4,-0.5539443492889404,-2.2157773971557617,0.1717305814654539,employees_count_total
-0.6391259431838989,-2.5565037727355957,-0.14310716092586517,-0.5724286437034607,patch_matched_layer_random_05,257,18497_1993.txt_employees_count_total_34,-0.12640536887734546,4,-0.7018253803253174,-2.8073015213012695,-0.12640536887734546,employees_count_total
-0.6391259431838989,-2.5565037727355957,-0.14310716092586517,-0.5724286437034607,patch_matched_layer_random_06,257,18497_1993.txt_employees_count_total_34,0.251292559191645,4,-0.5144801139831543,-2.057920455932617,0.251292559191645,employees_count_total
-0.6391259431838989,-2.5565037727355957,-0.14310716092586517,-0.5724286437034607,patch_matched_layer_random_07,257,18497_1993.txt_employees_count_total_34,0.550432317087587,4,-0.3661011755466461,-1.4644047021865845,0.550432317087587,employees_count_total
-0.6391259431838989,-2.5565037727355957,-0.14310716092586517,-0.5724286437034607,patch_matched_layer_random_08,257,18497_1993.txt_employees_count_total_34,0.42102207460350366,4,-0.430291086435318,-1.721164345741272,0.42102207460350366,employees_count_total
-0.6391259431838989,-2.5565037727355957,-0.14310716092586517,-0.5724286437034607,patch_matched_layer_random_09,257,18497_1993.txt_employees_count_total_34,-1.0061370932426184,4,-1.1381888389587402,-4.552755355834961,-1.0061370932426184,employees_count_total
-0.6391259431838989,-2.5565037727355957,-0.14310716092586517,-0.5724286437034607,patch_matched_layer_random_10,257,18497_1993.txt_employees_count_total_34,0.12200813061887317,4,-0.5786076188087463,-2.3144304752349854,0.12200813061887317,employees_count_total
-0.6391259431838989,-2.5565037727355957,-0.14310716092586517,-0.5724286437034607,patch_matched_layer_random_11,257,18497_1993.txt_employees_count_total_34,-0.6186667768990398,4,-0.9459962844848633,-3.783985137939453,-0.6186667768990398,employees_count_total
-0.6391259431838989,-2.5565037727355957,-0.14310716092586517,-0.5724286437034607,patch_matched_layer_random_12,257,18497_1993.txt_employees_count_total_34,-0.1811077434226557,4,-0.728958785533905,-2.91583514213562,-0.1811077434226557,employees_count_total
-0.6391259431838989,-2.5565037727355957,-0.14310716092586517,-0.5724286437034607,patch_matched_layer_random_13,257,18497_1993.txt_employees_count_total_34,-0.36596178531622475,4,-0.8206498622894287,-3.282599449157715,-0.36596178531622475,employees_count_total
-0.6391259431838989,-2.5565037727355957,-0.14310716092586517,-0.5724286437034607,patch_matched_layer_random_14,257,18497_1993.txt_employees_count_total_34,0.019128280831310313,4,-0.6296379566192627,-2.518551826477051,0.019128280831310313,employees_count_total
-0.6391259431838989,-2.5565037727355957,-0.14310716092586517,-0.5724286437034607,patch_matched_layer_random_15,257,18497_1993.txt_employees_count_total_34,0.36340609260775075,4,-0.45886969566345215,-1.8354787826538086,0.36340609260775075,employees_count_total
-0.6391259431838989,-2.5565037727355957,-0.14310716092586517,-0.5724286437034607,patch_matched_layer_random_16,257,18497_1993.txt_employees_count_total_34,-0.9113024843110383,4,-1.091149091720581,-4.364596366882324,-0.9113024843110383,employees_count_total
-0.6391259431838989,-2.5565037727355957,-0.14310716092586517,-0.5724286437034607,patch_matched_layer_random_17,257,18497_1993.txt_employees_count_total_34,-1.436503344207665,4,-1.351658582687378,-5.406634330749512,-1.436503344207665,employees_count_total
-0.6391259431838989,-2.5565037727355957,-0.14310716092586517,-0.5724286437034607,patch_matched_layer_random_18,257,18497_1993.txt_employees_count_total_34,0.382477895369991,4,-0.44940972328186035,-1.7976388931274414,0.382477895369991,employees_count_total
-0.6391259431838989,-2.5565037727355957,-0.14310716092586517,-0.5724286437034607,patch_matched_layer_random_19,257,18497_1993.txt_employees_count_total_34,-0.009301577477531417,4,-0.6437397003173828,-2.5749588012695312,-0.009301577477531417,employees_count_total
-1.4973623752593994,-8.984173774719238,-0.7989850044250488,-4.793910026550293,patch_qr,51250,18230_1993.txt_employees_count_total_244,0.8787965480077031,6,-0.8836307525634766,-5.301784515380859,0.87879653421518,employees_count_total
-1.4973623752593994,-8.984173774719238,-0.7989850044250488,-4.793910026550293,patch_bottom,51250,18230_1993.txt_employees_count_total_244,-0.004290751729051583,6,-1.5003589391708374,-9.002153396606445,-0.004290809115551196,employees_count_total
-1.4973623752593994,-8.984173774719238,-0.7989850044250488,-4.793910026550293,patch_same_layer,51250,18230_1993.txt_employees_count_total_244,0.16399865219494558,6,-1.3828294277191162,-8.296976089477539,0.16399867085741077,employees_count_total
-1.4973623752593994,-8.984173774719238,-0.7989850044250488,-4.793910026550293,patch_random_00,51250,18230_1993.txt_employees_count_total_244,0.2676813212586205,6,-1.3104197978973389,-7.862518787384033,0.26768123792335125,employees_count_total
-1.4973623752593994,-8.984173774719238,-0.7989850044250488,-4.793910026550293,patch_random_01,51250,18230_1993.txt_employees_count_total_244,0.061342882220341545,6,-1.454521894454956,-8.727130889892578,0.06134288920094406,employees_count_total
-1.4973623752593994,-8.984173774719238,-0.7989850044250488,-4.793910026550293,patch_random_02,51250,18230_1993.txt_employees_count_total_244,-0.18982270628193912,6,-1.6299302577972412,-9.779581069946289,-0.18982272788309007,employees_count_total
-1.4973623752593994,-8.984173774719238,-0.7989850044250488,-4.793910026550293,patch_random_03,51250,18230_1993.txt_employees_count_total_244,0.0720058363918972,6,-1.4470751285552979,-8.682450294494629,0.07200584458590609,employees_count_total
-1.4973623752593994,-8.984173774719238,-0.7989850044250488,-4.793910026550293,patch_random_04,51250,18230_1993.txt_employees_count_total_244,0.1347839193337992,6,-1.4032323360443115,-8.419393539428711,0.13478393467173136,employees_count_total
-1.4973623752593994,-8.984173774719238,-0.7989850044250488,-4.793910026550293,patch_random_05,51250,18230_1993.txt_employees_count_total_244,-0.05666448291295221,6,-1.536935567855835,-9.221612930297852,-0.05666448936116946,employees_count_total
-1.4973623752593994,-8.984173774719238,-0.7989850044250488,-4.793910026550293,patch_random_06,51250,18230_1993.txt_employees_count_total_244,0.09369737270189508,6,-1.4319262504577637,-8.591557502746582,0.09369726956786935,employees_count_total
-1.4973623752593994,-8.984173774719238,-0.7989850044250488,-4.793910026550293,patch_random_07,51250,18230_1993.txt_employees_count_total_244,0.08042569200469615,6,-1.4411948919296265,-8.64716911315918,0.08042564425862749,employees_count_total
-1.4973623752593994,-8.984173774719238,-0.7989850044250488,-4.793910026550293,patch_random_08,51250,18230_1993.txt_employees_count_total_244,0.23924222494347447,6,-1.3302810192108154,-7.981686115264893,0.2392421383719369,employees_count_total
-1.4973623752593994,-8.984173774719238,-0.7989850044250488,-4.793910026550293,patch_random_09,51250,18230_1993.txt_employees_count_total_244,0.3233991315738355,6,-1.271507740020752,-7.6290459632873535,0.3233991683755101,employees_count_total
-1.4973623752593994,-8.984173774719238,-0.7989850044250488,-4.793910026550293,patch_random_10,51250,18230_1993.txt_employees_count_total_244,0.0859969950911629,6,-1.4373040199279785,-8.623824119567871,0.08599689108086149,employees_count_total
-1.4973623752593994,-8.984173774719238,-0.7989850044250488,-4.793910026550293,patch_random_11,51250,18230_1993.txt_employees_count_total_244,0.13747509138138753,6,-1.401352882385254,-8.408117294311523,0.13747499322911094,employees_count_total
-1.4973623752593994,-8.984173774719238,-0.7989850044250488,-4.793910026550293,patch_random_12,51250,18230_1993.txt_employees_count_total_244,0.040924728091937514,6,-1.4687814712524414,-8.812688827514648,0.04092461895257191,employees_count_total
-1.4973623752593994,-8.984173774719238,-0.7989850044250488,-4.793910026550293,patch_random_13,51250,18230_1993.txt_employees_count_total_244,0.04127926090576733,6,-1.4685338735580444,-8.811203002929688,0.04127920870497359,employees_count_total
-1.4973623752593994,-8.984173774719238,-0.7989850044250488,-4.793910026550293,patch_random_14,51250,18230_1993.txt_employees_count_total_244,0.025061048946011667,6,-1.4798603057861328,-8.879161834716797,0.02506093800141563,employees_count_total
-1.4973623752593994,-8.984173774719238,-0.7989850044250488,-4.793910026550293,patch_random_15,51250,18230_1993.txt_employees_count_total_244,0.06219601414307695,6,-1.4539260864257812,-8.723556518554688,0.06219590742430829,employees_count_total
-1.4973623752593994,-8.984173774719238,-0.7989850044250488,-4.793910026550293,patch_random_16,51250,18230_1993.txt_employees_count_total_244,-0.13972348147467897,6,-1.5949420928955078,-9.569652557373047,-0.13972361117117035,employees_count_total
-1.4973623752593994,-8.984173774719238,-0.7989850044250488,-4.793910026550293,patch_random_17,51250,18230_1993.txt_employees_count_total_244,-0.002805878860729201,6,-1.4993219375610352,-8.995931625366211,-0.0028059929764828245,employees_count_total
-1.4973623752593994,-8.984173774719238,-0.7989850044250488,-4.793910026550293,patch_random_18,51250,18230_1993.txt_employees_count_total_244,0.2563673376446253,6,-1.3183212280273438,-7.9099273681640625,0.25636725302186486,employees_count_total
-1.4973623752593994,-8.984173774719238,-0.7989850044250488,-4.793910026550293,patch_random_19,51250,18230_1993.txt_employees_count_total_244,-0.015302093706590214,6,-1.5080490112304688,-9.048294067382812,-0.015302209244368783,employees_count_total
-1.4973623752593994,-8.984173774719238,-0.7989850044250488,-4.793910026550293,patch_matched_layer_random_00,51250,18230_1993.txt_employees_count_total_244,0.13729825171112864,6,-1.4014763832092285,-8.408858299255371,0.13729815353872835,employees_count_total
-1.4973623752593994,-8.984173774719238,-0.7989850044250488,-4.793910026550293,patch_matched_layer_random_01,51250,18230_1993.txt_employees_count_total_244,0.20481430639760181,6,-1.3543246984481812,-8.125947952270508,0.20481427280651643,employees_count_total
-1.4973623752593994,-8.984173774719238,-0.7989850044250488,-4.793910026550293,patch_matched_layer_random_02,51250,18230_1993.txt_employees_count_total_244,-0.1214842447119647,6,-1.5822042226791382,-9.49322509765625,-0.12148431543466831,employees_count_total
-1.4973623752593994,-8.984173774719238,-0.7989850044250488,-4.793910026550293,patch_matched_layer_random_03,51250,18230_1993.txt_employees_count_total_244,0.009810846416794717,6,-1.4905107021331787,-8.943063735961914,0.009810847533234255,employees_count_total
-1.4973623752593994,-8.984173774719238,-0.7989850044250488,-4.793910026550293,patch_matched_layer_random_04,51250,18230_1993.txt_employees_count_total_244,0.031191377051877862,6,-1.475579023361206,-8.853473663330078,0.031191380601345985,employees_count_total
-1.4973623752593994,-8.984173774719238,-0.7989850044250488,-4.793910026550293,patch_matched_layer_random_05,51250,18230_1993.txt_employees_count_total_244,0.16608437027495837,6,-1.3813728094100952,-8.288236618041992,0.1660843322765436,employees_count_total
-1.4973623752593994,-8.984173774719238,-0.7989850044250488,-4.793910026550293,patch_matched_layer_random_06,51250,18230_1993.txt_employees_count_total_244,0.13982316715752763,6,-1.3997130393981934,-8.39827823638916,0.13982306927245375,employees_count_total
-1.4973623752593994,-8.984173774719238,-0.7989850044250488,-4.793910026550293,patch_matched_layer_random_07,51250,18230_1993.txt_employees_count_total_244,0.11690433622478712,6,-1.4157190322875977,-8.494314193725586,0.11690423573163154,employees_count_total
-1.4973623752593994,-8.984173774719238,-0.7989850044250488,-4.793910026550293,patch_matched_layer_random_08,51250,18230_1993.txt_employees_count_total_244,0.09533467590375143,6,-1.4307827949523926,-8.584696769714355,0.09533457295604499,employees_count_total
-1.4973623752593994,-8.984173774719238,-0.7989850044250488,-4.793910026550293,patch_matched_layer_random_09,51250,18230_1993.txt_employees_count_total_244,0.13504678911391377,6,-1.4030487537384033,-8.418292045593262,0.13504680448175957,employees_count_total
-1.4973623752593994,-8.984173774719238,-0.7989850044250488,-4.793910026550293,patch_matched_layer_random_10,51250,18230_1993.txt_employees_count_total_244,0.16696908071024,6,-1.3807549476623535,-8.284529685974121,0.16696898591427486,employees_count_total
-1.4973623752593994,-8.984173774719238,-0.7989850044250488,-4.793910026550293,patch_matched_layer_random_11,51250,18230_1993.txt_employees_count_total_244,0.029524714368086652,6,-1.4767429828643799,-8.860457420349121,0.02952471772789447,employees_count_total
-1.4973623752593994,-8.984173774719238,-0.7989850044250488,-4.793910026550293,patch_matched_layer_random_12,51250,18230_1993.txt_employees_count_total_244,-0.1535193654801453,6,-1.604576826095581,-9.627460479736328,-0.1535193829501048,employees_count_total
-1.4973623752593994,-8.984173774719238,-0.7989850044250488,-4.793910026550293,patch_matched_layer_random_13,51250,18230_1993.txt_employees_count_total_244,0.17856215009727888,6,-1.372658610343933,-8.23595142364502,0.1785621135187912,employees_count_total
-1.4973623752593994,-8.984173774719238,-0.7989850044250488,-4.793910026550293,patch_matched_layer_random_14,51250,18230_1993.txt_employees_count_total_244,0.16590394601678884,6,-1.3814988136291504,-8.288992881774902,0.16590385109961514,employees_count_total
-1.4973623752593994,-8.984173774719238,-0.7989850044250488,-4.793910026550293,patch_matched_layer_random_15,51250,18230_1993.txt_employees_count_total_244,0.050804535152346696,6,-1.4618816375732422,-8.771289825439453,0.05080442713726811,employees_count_total
-1.4973623752593994,-8.984173774719238,-0.7989850044250488,-4.793910026550293,patch_matched_layer_random_16,51250,18230_1993.txt_employees_count_total_244,0.21755649225199858,6,-1.3454258441925049,-8.072554588317871,0.21755651700915607,employees_count_total
-1.4973623752593994,-8.984173774719238,-0.7989850044250488,-4.793910026550293,patch_matched_layer_random_17,51250,18230_1993.txt_employees_count_total_244,-0.1269978530025362,6,-1.586054801940918,-9.516328811645508,-0.12699798125089615,employees_count_total
-1.4973623752593994,-8.984173774719238,-0.7989850044250488,-4.793910026550293,patch_matched_layer_random_18,51250,18230_1993.txt_employees_count_total_244,0.02517456089651568,6,-1.4797810316085815,-8.87868595123291,0.025174506863064175,employees_count_total
-1.4973623752593994,-8.984173774719238,-0.7989850044250488,-4.793910026550293,patch_matched_layer_random_19,51250,18230_1993.txt_employees_count_total_244,0.042864843624912816,6,-1.4674265384674072,-8.804558753967285,0.04286484850278005,employees_count_total
-1.8775947093963623,-11.265567779541016,-0.9785625338554382,-5.87137508392334,patch_qr,76200,732714_1993.txt_employees_count_total_169,1.0306872713234283,6,-0.9509736895561218,-5.705842018127441,1.030687273357954,employees_count_total
-1.8775947093963623,-11.265567779541016,-0.9785625338554382,-5.87137508392334,patch_bottom,76200,732714_1993.txt_employees_count_total_169,-0.013537261879181665,6,-1.8897651433944702,-11.338590621948242,-0.013537306975805932,employees_count_total
-1.8775947093963623,-11.265567779541016,-0.9785625338554382,-5.87137508392334,patch_same_layer,76200,732714_1993.txt_employees_count_total_169,-0.15757843282787,6,-2.0192627906799316,-12.11557674407959,-0.15757853167335575,employees_count_total
-1.8775947093963623,-11.265567779541016,-0.9785625338554382,-5.87137508392334,patch_random_00,76200,732714_1993.txt_employees_count_total_169,0.21222843315604845,6,-1.6867945194244385,-10.120766639709473,0.21222844722651396,employees_count_total
-1.8775947093963623,-11.265567779541016,-0.9785625338554382,-5.87137508392334,patch_random_01,76200,732714_1993.txt_employees_count_total_169,0.20757187920354336,6,-1.6909809112548828,-10.145885467529297,0.2075718045670422,employees_count_total
-1.8775947093963623,-11.265567779541016,-0.9785625338554382,-5.87137508392334,patch_random_02,76200,732714_1993.txt_employees_count_total_169,-0.17534064426535992,6,-2.035231590270996,-12.211389541625977,-0.17534074428845692,employees_count_total
-1.8775947093963623,-11.265567779541016,-0.9785625338554382,-5.87137508392334,patch_random_03,76200,732714_1993.txt_employees_count_total_169,0.008095864175754613,6,-1.8703162670135498,-11.22189712524414,0.008095864712499741,employees_count_total
-1.8775947093963623,-11.265567779541016,-0.9785625338554382,-5.87137508392334,patch_random_04,76200,732714_1993.txt_employees_count_total_169,-0.062553200545479,6,-1.933832049369812,-11.602992057800293,-0.06255324889179542,employees_count_total
-1.8775947093963623,-11.265567779541016,-0.9785625338554382,-5.87137508392334,patch_random_05,76200,732714_1993.txt_employees_count_total_169,-0.07921220197998351,6,-1.948809027671814,-11.692853927612305,-0.07921225143076976,employees_count_total
-1.8775947093963623,-11.265567779541016,-0.9785625338554382,-5.87137508392334,patch_random_06,76200,732714_1993.txt_employees_count_total_169,0.1257529457994384,6,-1.7645387649536133,-10.58723258972168,0.12575286573844977,employees_count_total
-1.8775947093963623,-11.265567779541016,-0.9785625338554382,-5.87137508392334,patch_random_07,76200,732714_1993.txt_employees_count_total_169,0.06781386805250351,6,-1.816627860069275,-10.89976692199707,0.06781382834935198,employees_count_total
-1.8775947093963623,-11.265567779541016,-0.9785625338554382,-5.87137508392334,patch_random_08,76200,732714_1993.txt_employees_count_total_169,0.14131377593049035,6,-1.750549077987671,-10.503293991088867,0.1413137852994075,employees_count_total
-1.8775947093963623,-11.265567779541016,-0.9785625338554382,-5.87137508392334,patch_random_09,76200,732714_1993.txt_employees_count_total_169,0.22884898135727583,6,-1.6718521118164062,-10.031112670898438,0.22884890813141848,employees_count_total
-1.8775947093963623,-11.265567779541016,-0.9785625338554382,-5.87137508392334,patch_random_10,76200,732714_1993.txt_employees_count_total_169,0.07020207903372594,6,-1.8144807815551758,-10.886884689331055,0.070201995289788,employees_count_total
-1.8775947093963623,-11.265567779541016,-0.9785625338554382,-5.87137508392334,patch_random_11,76200,732714_1993.txt_employees_count_total_169,0.19986174073676527,6,-1.697912573814392,-10.187475204467773,0.19986170978821372,employees_count_total
-1.8775947093963623,-11.265567779541016,-0.9785625338554382,-5.87137508392334,patch_random_12,76200,732714_1993.txt_employees_count_total_169,0.007772326626802156,6,-1.8706071376800537,-11.223642349243164,0.007772327142097171,employees_count_total
-1.8775947093963623,-11.265567779541016,-0.9785625338554382,-5.87137508392334,patch_random_13,76200,732714_1993.txt_employees_count_total_169,0.001534681799826125,6,-1.8762149810791016,-11.25728988647461,0.001534593503330227,employees_count_total
-1.8775947093963623,-11.265567779541016,-0.9785625338554382,-5.87137508392334,patch_random_14,76200,732714_1993.txt_employees_count_total_169,-0.029190644964810983,6,-1.903838038444519,-11.423027992248535,-0.029190691099233924,employees_count_total
-1.8775947093963623,-11.265567779541016,-0.9785625338554382,-5.87137508392334,patch_random_15,76200,732714_1993.txt_employees_count_total_169,0.04633694168308609,6,-1.8359363079071045,-11.015617370605469,0.04633694475516427,employees_count_total
-1.8775947093963623,-11.265567779541016,-0.9785625338554382,-5.87137508392334,patch_random_16,76200,732714_1993.txt_employees_count_total_169,-0.0840701713164471,6,-1.953176498413086,-11.719058990478516,-0.08407026528843198,employees_count_total
-1.8775947093963623,-11.265567779541016,-0.9785625338554382,-5.87137508392334,patch_random_17,76200,732714_1993.txt_employees_count_total_169,-0.015196452596412035,6,-1.8912568092346191,-11.347540855407715,-0.015196542002160099,employees_count_total
-1.8775947093963623,-11.265567779541016,-0.9785625338554382,-5.87137508392334,patch_random_18,76200,732714_1993.txt_employees_count_total_169,0.06049701334400123,6,-1.8232059478759766,-10.93923568725586,0.06049692895663023,employees_count_total
-1.8775947093963623,-11.265567779541016,-0.9785625338554382,-5.87137508392334,patch_random_19,76200,732714_1993.txt_employees_count_total_169,0.09424065372618129,6,-1.7928693294525146,-10.75721549987793,0.09424065997421247,employees_count_total
-1.8775947093963623,-11.265567779541016,-0.9785625338554382,-5.87137508392334,patch_matched_layer_random_00,76200,732714_1993.txt_employees_count_total_169,0.0953007695884251,6,-1.7919162511825562,-10.751497268676758,0.09530073170761892,employees_count_total
-1.8775947093963623,-11.265567779541016,-0.9785625338554382,-5.87137508392334,patch_matched_layer_random_01,76200,732714_1993.txt_employees_count_total_169,0.26079924249782394,6,-1.6431277990341187,-9.858766555786133,0.26079921558934843,employees_count_total
-1.8775947093963623,-11.265567779541016,-0.9785625338554382,-5.87137508392334,patch_matched_layer_random_02,76200,732714_1993.txt_employees_count_total_169,0.026907716284354236,6,-1.8534038066864014,-11.12042236328125,0.026907718068300373,employees_count_total
-1.8775947093963623,-11.265567779541016,-0.9785625338554382,-5.87137508392334,patch_matched_layer_random_03,76200,732714_1993.txt_employees_count_total_169,-0.00870183409325983,6,-1.8854179382324219,-11.312507629394531,-0.008701923068423247,employees_count_total
-1.8775947093963623,-11.265567779541016,-0.9785625338554382,-5.87137508392334,patch_matched_layer_random_04,76200,732714_1993.txt_employees_count_total_169,0.08351405800484604,6,-1.8025128841400146,-10.81507682800293,0.08351406354171804,employees_count_total
-1.8775947093963623,-11.265567779541016,-0.9785625338554382,-5.87137508392334,patch_matched_layer_random_05,76200,732714_1993.txt_employees_count_total_169,-0.02306584048789993,6,-1.898331642150879,-11.389989852905273,-0.023065930415378043,employees_count_total
-1.8775947093963623,-11.265567779541016,-0.9785625338554382,-5.87137508392334,patch_matched_layer_random_06,76200,732714_1993.txt_employees_count_total_169,0.4338447591259633,6,-1.4875543117523193,-8.925325393676758,0.43384478788929925,employees_count_total
-1.8775947093963623,-11.265567779541016,-0.9785625338554382,-5.87137508392334,patch_matched_layer_random_07,76200,732714_1993.txt_employees_count_total_169,0.11188286455637532,6,-1.7770084142684937,-10.662050247192383,0.1118828277749402,employees_count_total
-1.8775947093963623,-11.265567779541016,-0.9785625338554382,-5.87137508392334,patch_matched_layer_random_08,76200,732714_1993.txt_employees_count_total_169,0.09476839120357096,6,-1.7923948764801025,-10.754368782043457,0.09476839748659042,employees_count_total
-1.8775947093963623,-11.265567779541016,-0.9785625338554382,-5.87137508392334,patch_matched_layer_random_09,76200,732714_1993.txt_employees_count_total_169,0.16058109995738984,6,-1.7332271337509155,-10.399362564086914,0.16058106640458356,employees_count_total
-1.8775947093963623,-11.265567779541016,-0.9785625338554382,-5.87137508392334,patch_matched_layer_random_10,76200,732714_1993.txt_employees_count_total_169,0.06305852906968303,6,-1.8209030628204346,-10.92541790008545,0.06305853325038042,employees_count_total
-1.8775947093963623,-11.265567779541016,-0.9785625338554382,-5.87137508392334,patch_matched_layer_random_11,76200,732714_1993.txt_employees_count_total_169,0.09613281799812866,6,-1.791168212890625,-10.74700927734375,0.09613273597336455,employees_count_total
-1.8775947093963623,-11.265567779541016,-0.9785625338554382,-5.87137508392334,patch_matched_layer_random_12,76200,732714_1993.txt_employees_count_total_169,0.07148588663575778,6,-1.8133265972137451,-10.879959106445312,0.07148589137517788,employees_count_total
-1.8775947093963623,-11.265567779541016,-0.9785625338554382,-5.87137508392334,patch_matched_layer_random_13,76200,732714_1993.txt_employees_count_total_169,0.29691624295734004,6,-1.6106574535369873,-9.663944244384766,0.29691626264249577,employees_count_total
-1.8775947093963623,-11.265567779541016,-0.9785625338554382,-5.87137508392334,patch_matched_layer_random_14,76200,732714_1993.txt_employees_count_total_169,0.004286342134195552,6,-1.8737411499023438,-11.242446899414062,0.004286254020131108,employees_count_total
-1.8775947093963623,-11.265567779541016,-0.9785625338554382,-5.87137508392334,patch_matched_layer_random_15,76200,732714_1993.txt_employees_count_total_169,0.4784409627178003,6,-1.4474608898162842,-8.684764862060547,0.47844099443780574,employees_count_total
-1.8775947093963623,-11.265567779541016,-0.9785625338554382,-5.87137508392334,patch_matched_layer_random_16,76200,732714_1993.txt_employees_count_total_169,0.08651818370528329,6,-1.7998120784759521,-10.798871994018555,0.08651818944132487,employees_count_total
-1.8775947093963623,-11.265567779541016,-0.9785625338554382,-5.87137508392334,patch_matched_layer_random_17,76200,732714_1993.txt_employees_count_total_169,0.1280704823898446,6,-1.7624552249908447,-10.57473087310791,0.12807049088074882,employees_count_total
-1.8775947093963623,-11.265567779541016,-0.9785625338554382,-5.87137508392334,patch_matched_layer_random_18,76200,732714_1993.txt_employees_count_total_169,0.07239974761419235,6,-1.8125050067901611,-10.875029563903809,0.07239975241420023,employees_count_total
-1.8775947093963623,-11.265567779541016,-0.9785625338554382,-5.87137508392334,patch_matched_layer_random_19,76200,732714_1993.txt_employees_count_total_169,-0.11424641242935793,6,-1.9803059101104736,-11.881834983825684,-0.11424642000374455,employees_count_total
-1.2163560390472412,-6.081779956817627,-0.5548505187034607,-2.7742526531219482,patch_qr,5300,34501_1993.txt_employees_count_total_219,0.9542013985845119,5,-0.5851465463638306,-2.9257326126098633,0.9542014485205735,employees_count_total
-1.2163560390472412,-6.081779956817627,-0.5548505187034607,-2.7742526531219482,patch_bottom,5300,34501_1993.txt_employees_count_total_219,0.011957411913134547,5,-1.2084461450576782,-6.042230606079102,0.011957376948735924,employees_count_total
-1.2163560390472412,-6.081779956817627,-0.5548505187034607,-2.7742526531219482,patch_same_layer,5300,34501_1993.txt_employees_count_total_219,0.27855905915011064,5,-1.0320876836776733,-5.160438537597656,0.2785589761240992,employees_count_total
-1.2163560390472412,-6.081779956817627,-0.5548505187034607,-2.7742526531219482,patch_random_00,5300,34501_1993.txt_employees_count_total_219,0.2703557624235452,5,-1.0375142097473145,-5.187571048736572,0.27035571470019515,employees_count_total
-1.2163560390472412,-6.081779956817627,-0.5548505187034607,-2.7742526531219482,patch_random_01,5300,34501_1993.txt_employees_count_total_219,0.1361110037365448,5,-1.1263178586959839,-5.631588935852051,0.1361110520425798,employees_count_total
-1.2163560390472412,-6.081779956817627,-0.5548505187034607,-2.7742526531219482,patch_random_02,5300,34501_1993.txt_employees_count_total_219,-0.2066116722671138,5,-1.353030800819397,-6.765153884887695,-0.20661172692557905,employees_count_total
-1.2163560390472412,-6.081779956817627,-0.5548505187034607,-2.7742526531219482,patch_random_03,5300,34501_1993.txt_employees_count_total_219,0.05652365365584268,5,-1.1789653301239014,-5.894826412200928,0.05652365874888045,employees_count_total
-1.2163560390472412,-6.081779956817627,-0.5548505187034607,-2.7742526531219482,patch_random_04,5300,34501_1993.txt_employees_count_total_219,-0.11327022592179413,5,-1.2912849187850952,-6.456424236297607,-0.11327020008613994,employees_count_total
-1.2163560390472412,-6.081779956817627,-0.5548505187034607,-2.7742526531219482,patch_random_05,5300,34501_1993.txt_employees_count_total_219,0.00873022802483389,5,-1.2105809450149536,-6.0529046058654785,0.008730192769651349,employees_count_total
-1.2163560390472412,-6.081779956817627,-0.5548505187034607,-2.7742526531219482,patch_random_06,5300,34501_1993.txt_employees_count_total_219,0.08859780319746742,5,-1.1577481031417847,-5.788740158081055,0.08859784722234737,employees_count_total
-1.2163560390472412,-6.081779956817627,-0.5548505187034607,-2.7742526531219482,patch_random_07,5300,34501_1993.txt_employees_count_total_219,0.014174884425170484,5,-1.2069792747497559,-6.034896373748779,0.014174813618760485,employees_count_total
-1.2163560390472412,-6.081779956817627,-0.5548505187034607,-2.7742526531219482,patch_random_08,5300,34501_1993.txt_employees_count_total_219,0.1835124746569743,5,-1.0949615240097046,-5.474807262420654,0.183512527234097,employees_count_total
-1.2163560390472412,-6.081779956817627,-0.5548505187034607,-2.7742526531219482,patch_random_09,5300,34501_1993.txt_employees_count_total_219,0.33164747755518653,5,-0.9969694018363953,-4.984847068786621,0.33164741733359043,employees_count_total
-1.2163560390472412,-6.081779956817627,-0.5548505187034607,-2.7742526531219482,patch_random_10,5300,34501_1993.txt_employees_count_total_219,-0.04978888057824763,5,-1.2492916584014893,-6.246458053588867,-0.049788885064451775,employees_count_total
-1.2163560390472412,-6.081779956817627,-0.5548505187034607,-2.7742526531219482,patch_random_11,5300,34501_1993.txt_employees_count_total_219,0.2511802567276323,5,-1.0501989126205444,-5.2509942054748535,0.2511803154019293,employees_count_total
-1.2163560390472412,-6.081779956817627,-0.5548505187034607,-2.7742526531219482,patch_random_12,5300,34501_1993.txt_employees_count_total_219,0.029172963847088645,5,-1.1970579624176025,-5.985289573669434,0.029172966475705112,employees_count_total
-1.2163560390472412,-6.081779956817627,-0.5548505187034607,-2.7742526531219482,patch_random_13,5300,34501_1993.txt_employees_count_total_219,0.07077134254219662,5,-1.1695404052734375,-5.8477020263671875,0.07077127683538441,employees_count_total
-1.2163560390472412,-6.081779956817627,-0.5548505187034607,-2.7742526531219482,patch_random_14,5300,34501_1993.txt_employees_count_total_219,0.02437453714428646,5,-1.2002321481704712,-6.001160621643066,0.024374503298727184,employees_count_total
-1.2163560390472412,-6.081779956817627,-0.5548505187034607,-2.7742526531219482,patch_random_15,5300,34501_1993.txt_employees_count_total_219,0.030803855861223164,5,-1.195979118347168,-5.97989559173584,0.030803786553158977,employees_count_total
-1.2163560390472412,-6.081779956817627,-0.5548505187034607,-2.7742526531219482,patch_random_16,5300,34501_1993.txt_employees_count_total_219,-0.21932560182393196,5,-1.3614411354064941,-6.807205677032471,-0.2193256936697957,employees_count_total
-1.2163560390472412,-6.081779956817627,-0.5548505187034607,-2.7742526531219482,patch_random_17,5300,34501_1993.txt_employees_count_total_219,0.012956851372846153,5,-1.2077850103378296,-6.0389251708984375,0.012956744414870132,employees_count_total
-1.2163560390472412,-6.081779956817627,-0.5548505187034607,-2.7742526531219482,patch_random_18,5300,34501_1993.txt_employees_count_total_219,0.1488562896702093,5,-1.1178867816925049,-5.589433670043945,0.1488563030828367,employees_count_total
-1.2163560390472412,-6.081779956817627,-0.5548505187034607,-2.7742526531219482,patch_random_19,5300,34501_1993.txt_employees_count_total_219,-0.016029415885663117,5,-1.2269595861434937,-6.1347975730896,-0.016029381288170535,employees_count_total
-1.2163560390472412,-6.081779956817627,-0.5548505187034607,-2.7742526531219482,patch_matched_layer_random_00,5300,34501_1993.txt_employees_count_total_219,0.16541497957195123,5,-1.1069331169128418,-5.534665584564209,0.16541492239296032,employees_count_total
-1.2163560390472412,-6.081779956817627,-0.5548505187034607,-2.7742526531219482,patch_matched_layer_random_01,5300,34501_1993.txt_employees_count_total_219,0.16623348913307817,5,-1.1063916683197021,-5.531958103179932,0.16623350411147012,employees_count_total
-1.2163560390472412,-6.081779956817627,-0.5548505187034607,-2.7742526531219482,patch_matched_layer_random_02,5300,34501_1993.txt_employees_count_total_219,0.026656884918763106,5,-1.1987223625183105,-5.993611812591553,0.02665681523703801,employees_count_total
-1.2163560390472412,-6.081779956817627,-0.5548505187034607,-2.7742526531219482,patch_matched_layer_random_03,5300,34501_1993.txt_employees_count_total_219,0.06708877035337465,5,-1.1719764471054077,-5.859882354736328,0.06708866827293025,employees_count_total
-1.2163560390472412,-6.081779956817627,-0.5548505187034607,-2.7742526531219482,patch_matched_layer_random_04,5300,34501_1993.txt_employees_count_total_219,0.20212410619684001,5,-1.082649827003479,-5.4132490158081055,0.20212408836732376,employees_count_total
-1.2163560390472412,-6.081779956817627,-0.5548505187034607,-2.7742526531219482,patch_matched_layer_random_05,5300,34501_1993.txt_employees_count_total_219,0.11274419566883738,5,-1.141775131225586,-5.70887565612793,0.11274413374396976,employees_count_total
-1.2163560390472412,-6.081779956817627,-0.5548505187034607,-2.7742526531219482,patch_matched_layer_random_06,5300,34501_1993.txt_employees_count_total_219,0.1292354873812659,5,-1.1308660507202148,-5.654330253601074,0.1292354269423385,employees_count_total
-1.2163560390472412,-6.081779956817627,-0.5548505187034607,-2.7742526531219482,patch_matched_layer_random_07,5300,34501_1993.txt_employees_count_total_219,0.27395507802556823,5,-1.0351332426071167,-5.175665855407715,0.27395513875198,employees_count_total
-1.2163560390472412,-6.081779956817627,-0.5548505187034607,-2.7742526531219482,patch_matched_layer_random_08,5300,34501_1993.txt_employees_count_total_219,0.21878191108286635,5,-1.071630597114563,-5.358152866363525,0.21878189475429394,employees_count_total
-1.2163560390472412,-6.081779956817627,-0.5548505187034607,-2.7742526531219482,patch_matched_layer_random_09,5300,34501_1993.txt_employees_count_total_219,0.11158346909833566,5,-1.1425429582595825,-5.712714672088623,0.11158344311069703,employees_count_total
-1.2163560390472412,-6.081779956817627,-0.5548505187034607,-2.7742526531219482,patch_matched_layer_random_10,5300,34501_1993.txt_employees_count_total_219,0.14964001888230555,5,-1.1173683404922485,-5.586841583251953,0.1496399963237348,employees_count_total
-1.2163560390472412,-6.081779956817627,-0.5548505187034607,-2.7742526531219482,patch_matched_layer_random_11,5300,34501_1993.txt_employees_count_total_219,-0.07813324315671855,5,-1.2680416107177734,-6.340208053588867,-0.07813332228050984,employees_count_total
-1.2163560390472412,-6.081779956817627,-0.5548505187034607,-2.7742526531219482,patch_matched_layer_random_12,5300,34501_1993.txt_employees_count_total_219,-0.02974404636562923,5,-1.2360318899154663,-6.180159568786621,-0.02974415717114997,employees_count_total
-1.2163560390472412,-6.081779956817627,-0.5548505187034607,-2.7742526531219482,patch_matched_layer_random_13,5300,34501_1993.txt_employees_count_total_219,0.1536649882895646,5,-1.1147058010101318,-5.57352876663208,0.15366500213547757,employees_count_total
-1.2163560390472412,-6.081779956817627,-0.5548505187034607,-2.7742526531219482,patch_matched_layer_random_14,5300,34501_1993.txt_employees_count_total_219,0.03018087313273001,5,-1.196391224861145,-5.9819560050964355,0.030180839810347967,employees_count_total
-1.2163560390472412,-6.081779956817627,-0.5548505187034607,-2.7742526531219482,patch_matched_layer_random_15,5300,34501_1993.txt_employees_count_total_219,0.17471052342533097,5,-1.1007840633392334,-5.503920078277588,0.17471053916754217,employees_count_total
-1.2163560390472412,-6.081779956817627,-0.5548505187034607,-2.7742526531219482,patch_matched_layer_random_16,5300,34501_1993.txt_employees_count_total_219,0.14592771219819825,5,-1.1198240518569946,-5.599120140075684,0.1459276893051318,employees_count_total
-1.2163560390472412,-6.081779956817627,-0.5548505187034607,-2.7742526531219482,patch_matched_layer_random_17,5300,34501_1993.txt_employees_count_total_219,-0.24063027759133648,5,-1.3755342960357666,-6.877671241760254,-0.24063029927321677,employees_count_total
-1.2163560390472412,-6.081779956817627,-0.5548505187034607,-2.7742526531219482,patch_matched_layer_random_18,5300,34501_1993.txt_employees_count_total_219,0.040491354425182195,5,-1.1895707845687866,-5.947854042053223,0.04049124994818989,employees_count_total
-1.2163560390472412,-6.081779956817627,-0.5548505187034607,-2.7742526531219482,patch_matched_layer_random_19,5300,34501_1993.txt_employees_count_total_219,0.07307099038665746,5,-1.16801917552948,-5.840095520019531,0.0730710330125011,employees_count_total
-1.252795934677124,-6.263979434967041,-0.3125041127204895,-1.5625205039978027,patch_qr,3712,103392_1993.txt_employees_count_total_176,0.9241385633995646,5,-0.3838360011577606,-1.919179916381836,0.9241385668532246,employees_count_total
-1.252795934677124,-6.263979434967041,-0.3125041127204895,-1.5625205039978027,patch_bottom,3712,103392_1993.txt_employees_count_total_176,-0.004558593751733307,5,-1.2570823431015015,-6.285411834716797,-0.0045586699925372785,employees_count_total
-1.252795934677124,-6.263979434967041,-0.3125041127204895,-1.5625205039978027,patch_same_layer,3712,103392_1993.txt_employees_count_total_176,0.1380963456006629,5,-1.1229450702667236,-5.614725112915039,0.13809635085297953,employees_count_total
-1.252795934677124,-6.263979434967041,-0.3125041127204895,-1.5625205039978027,patch_random_00,3712,103392_1993.txt_employees_count_total_176,0.13425544796452774,5,-1.126556634902954,-5.632782936096191,0.13425545307076076,employees_count_total
-1.252795934677124,-6.263979434967041,-0.3125041127204895,-1.5625205039978027,patch_random_01,3712,103392_1993.txt_employees_count_total_176,0.0725982393307994,5,-1.1845324039459229,-5.922661781311035,0.07259824209197992,employees_count_total
-1.252795934677124,-6.263979434967041,-0.3125041127204895,-1.5625205039978027,patch_random_02,3712,103392_1993.txt_employees_count_total_176,-0.11953652881158157,5,-1.3651951551437378,-6.82597541809082,-0.11953650800219155,employees_count_total
-1.252795934677124,-6.263979434967041,-0.3125041127204895,-1.5625205039978027,patch_random_03,3712,103392_1993.txt_employees_count_total_176,0.01758273076842865,5,-1.2362630367279053,-6.181314945220947,0.017582731437165162,employees_count_total
-1.252795934677124,-6.263979434967041,-0.3125041127204895,-1.5625205039978027,patch_random_04,3712,103392_1993.txt_employees_count_total_176,-0.04241937756691889,5,-1.2926825284957886,-6.463412761688232,-0.042419455247709,employees_count_total
-1.252795934677124,-6.263979434967041,-0.3125041127204895,-1.5625205039978027,patch_random_05,3712,103392_1993.txt_employees_count_total_176,0.06021813981052493,5,-1.1961733102798462,-5.980866432189941,0.060218116745036396,employees_count_total
-1.252795934677124,-6.263979434967041,-0.3125041127204895,-1.5625205039978027,patch_random_06,3712,103392_1993.txt_employees_count_total_176,0.04944559845060806,5,-1.2063026428222656,-6.031513214111328,0.04944554961959188,employees_count_total
-1.252795934677124,-6.263979434967041,-0.3125041127204895,-1.5625205039978027,patch_random_07,3712,103392_1993.txt_employees_count_total_176,0.11195032493149654,5,-1.14752995967865,-5.737649917602539,0.1119502531219592,employees_count_total
-1.252795934677124,-6.263979434967041,-0.3125041127204895,-1.5625205039978027,patch_random_08,3712,103392_1993.txt_employees_count_total_176,-0.00219023460396987,5,-1.2548553943634033,-6.2742767333984375,-0.0021902346872726217,employees_count_total
-1.252795934677124,-6.263979434967041,-0.3125041127204895,-1.5625205039978027,patch_random_09,3712,103392_1993.txt_employees_count_total_176,0.178574355808784,5,-1.0848839282989502,-5.424419403076172,0.1785743626006296,employees_count_total
-1.252795934677124,-6.263979434967041,-0.3125041127204895,-1.5625205039978027,patch_random_10,3712,103392_1993.txt_employees_count_total_176,0.022786122690791194,5,-1.2313703298568726,-6.156851768493652,0.02278604749000829,employees_count_total
-1.252795934677124,-6.263979434967041,-0.3125041127204895,-1.5625205039978027,patch_random_11,3712,103392_1993.txt_employees_count_total_176,0.10479833924535667,5,-1.1542549133300781,-5.771274566650391,0.10479829251961069,employees_count_total
-1.252795934677124,-6.263979434967041,-0.3125041127204895,-1.5625205039978027,patch_random_12,3712,103392_1993.txt_employees_count_total_176,0.04736046366642813,5,-1.2082632780075073,-6.041316032409668,0.04736049082353027,employees_count_total
-1.252795934677124,-6.263979434967041,-0.3125041127204895,-1.5625205039978027,patch_random_13,3712,103392_1993.txt_employees_count_total_176,0.07177024545498745,5,-1.185310959815979,-5.9265546798706055,0.07177022282886839,employees_count_total
-1.252795934677124,-6.263979434967041,-0.3125041127204895,-1.5625205039978027,patch_random_14,3712,103392_1993.txt_employees_count_total_176,-0.0038586467009971617,5,-1.2564241886138916,-6.282120704650879,-0.003858646847755818,employees_count_total
-1.252795934677124,-6.263979434967041,-0.3125041127204895,-1.5625205039978027,patch_random_15,3712,103392_1993.txt_employees_count_total_176,0.054469090922690845,5,-1.2015790939331055,-6.007895469665527,0.05446904228273673,employees_count_total
-1.252795934677124,-6.263979434967041,-0.3125041127204895,-1.5625205039978027,patch_random_16,3712,103392_1993.txt_employees_count_total_176,-0.10598473745234614,5,-1.3524525165557861,-6.762262344360352,-0.1059847414833391,employees_count_total
-1.252795934677124,-6.263979434967041,-0.3125041127204895,-1.5625205039978027,patch_random_17,3712,103392_1993.txt_employees_count_total_176,0.030337208778256432,5,-1.2242701053619385,-6.121350288391113,0.03033720993209309,employees_count_total
-1.252795934677124,-6.263979434967041,-0.3125041127204895,-1.5625205039978027,patch_random_18,3712,103392_1993.txt_employees_count_total_176,0.12353666091533576,5,-1.136635422706604,-5.6831769943237305,0.12353664025808561,employees_count_total
-1.252795934677124,-6.263979434967041,-0.3125041127204895,-1.5625205039978027,patch_random_19,3712,103392_1993.txt_employees_count_total_176,-0.0277256874418837,5,-1.278866171836853,-6.3943305015563965,-0.027725663140586596,employees_count_total
-1.252795934677124,-6.263979434967041,-0.3125041127204895,-1.5625205039978027,patch_matched_layer_random_00,3712,103392_1993.txt_employees_count_total_176,0.07456952654179312,5,-1.1826788187026978,-5.913393974304199,0.0745695040221411,employees_count_total
-1.252795934677124,-6.263979434967041,-0.3125041127204895,-1.5625205039978027,patch_matched_layer_random_01,3712,103392_1993.txt_employees_count_total_176,0.19716878327434623,5,-1.0673997402191162,-5.336998462677002,0.1971687907734069,employees_count_total
-1.252795934677124,-6.263979434967041,-0.3125041127204895,-1.5625205039978027,patch_matched_layer_random_02,3712,103392_1993.txt_employees_count_total_176,-0.1021661529263232,5,-1.3488619327545166,-6.744309425354004,-0.10216615681208122,employees_count_total
-1.252795934677124,-6.263979434967041,-0.3125041127204895,-1.5625205039978027,patch_matched_layer_random_03,3712,103392_1993.txt_employees_count_total_176,0.09785667997783142,5,-1.1607820987701416,-5.803910255432129,0.09785668369968419,employees_count_total
-1.252795934677124,-6.263979434967041,-0.3125041127204895,-1.5625205039978027,patch_matched_layer_random_04,3712,103392_1993.txt_employees_count_total_176,0.052365319620405824,5,-1.2035572528839111,-6.017786026000977,0.052365321612053296,employees_count_total
-1.252795934677124,-6.263979434967041,-0.3125041127204895,-1.5625205039978027,patch_matched_layer_random_05,3712,103392_1993.txt_employees_count_total_176,-0.01226396992446315,5,-1.2643276453018188,-6.321638107299805,-0.012263995746715358,employees_count_total
-1.252795934677124,-6.263979434967041,-0.3125041127204895,-1.5625205039978027,patch_matched_layer_random_06,3712,103392_1993.txt_employees_count_total_176,0.03127017569482359,5,-1.2233928442001343,-6.116964340209961,0.031270100816720714,employees_count_total
-1.252795934677124,-6.263979434967041,-0.3125041127204895,-1.5625205039978027,patch_matched_layer_random_07,3712,103392_1993.txt_employees_count_total_176,0.07826450150895577,5,-1.1792044639587402,-5.896022319793701,0.07826445377402945,employees_count_total
-1.252795934677124,-6.263979434967041,-0.3125041127204895,-1.5625205039978027,patch_matched_layer_random_08,3712,103392_1993.txt_employees_count_total_176,0.08471463845883856,5,-1.1731394529342651,-5.865697383880615,0.08471456561342698,employees_count_total
-1.252795934677124,-6.263979434967041,-0.3125041127204895,-1.5625205039978027,patch_matched_layer_random_09,3712,103392_1993.txt_employees_count_total_176,-0.03177957385636278,5,-1.2826780080795288,-6.413390159606934,-0.031779651132481664,employees_count_total
-1.252795934677124,-6.263979434967041,-0.3125041127204895,-1.5625205039978027,patch_matched_layer_random_10,3712,103392_1993.txt_employees_count_total_176,0.113785831796296,5,-1.1458040475845337,-5.729020118713379,0.11378581076818564,employees_count_total
-1.252795934677124,-6.263979434967041,-0.3125041127204895,-1.5625205039978027,patch_matched_layer_random_11,3712,103392_1993.txt_employees_count_total_176,-0.0076702583801100425,5,-1.2600082159042358,-6.300041198730469,-0.007670334739262171,employees_count_total
-1.252795934677124,-6.263979434967041,-0.3125041127204895,-1.5625205039978027,patch_matched_layer_random_12,3712,103392_1993.txt_employees_count_total_176,-0.0113710651828702,5,-1.2634880542755127,-6.317440032958984,-0.011371065615354017,employees_count_total
-1.252795934677124,-6.263979434967041,-0.3125041127204895,-1.5625205039978027,patch_matched_layer_random_13,3712,103392_1993.txt_employees_count_total_176,0.03138922120843367,5,-1.223280906677246,-6.1164045333862305,0.03138917169066645,employees_count_total
-1.252795934677124,-6.263979434967041,-0.3125041127204895,-1.5625205039978027,patch_matched_layer_random_14,3712,103392_1993.txt_employees_count_total_176,0.06180046894297156,5,-1.194685459136963,-5.9734272956848145,0.06180042058185697,employees_count_total
-1.252795934677124,-6.263979434967041,-0.3125041127204895,-1.5625205039978027,patch_matched_layer_random_15,3712,103392_1993.txt_employees_count_total_176,0.08485764521001232,5,-1.1730049848556519,-5.865024566650391,0.08485767379327146,employees_count_total
-1.252795934677124,-6.263979434967041,-0.3125041127204895,-1.5625205039978027,patch_matched_layer_random_16,3712,103392_1993.txt_employees_count_total_176,0.11905451492154374,5,-1.1408499479293823,-5.704249382019043,0.11905454480543677,employees_count_total
-1.252795934677124,-6.263979434967041,-0.3125041127204895,-1.5625205039978027,patch_matched_layer_random_17,3712,103392_1993.txt_employees_count_total_176,0.05676391823031174,5,-1.1994212865829468,-5.997106075286865,0.05676394574506216,employees_count_total
-1.252795934677124,-6.263979434967041,-0.3125041127204895,-1.5625205039978027,patch_matched_layer_random_18,3712,103392_1993.txt_employees_count_total_176,-0.05041254214848247,5,-1.3001984357833862,-6.5009918212890625,-0.050412518710050654,employees_count_total
-1.252795934677124,-6.263979434967041,-0.3125041127204895,-1.5625205039978027,patch_matched_layer_random_19,3712,103392_1993.txt_employees_count_total_176,0.13552159018436144,5,-1.1253660917282104,-5.626830577850342,0.13552151927132683,employees_count_total
-1.439797282218933,-7.198986053466797,-0.6785755753517151,-3.3928778171539307,patch_qr,4729,40878_1993.txt_employees_count_total_18,0.8716568185824005,5,-0.7762731909751892,-3.8813657760620117,0.8716568398534826,employees_count_total
-1.439797282218933,-7.198986053466797,-0.6785755753517151,-3.3928778171539307,patch_bottom,4729,40878_1993.txt_employees_count_total_18,0.012006407238296912,5,-1.4306577444076538,-7.1532883644104,0.01200640817841421,employees_count_total
-1.439797282218933,-7.198986053466797,-0.6785755753517151,-3.3928778171539307,patch_same_layer,4729,40878_1993.txt_employees_count_total_18,0.14114137134224314,5,-1.332357406616211,-6.661787033081055,0.1411412884322357,employees_count_total
-1.439797282218933,-7.198986053466797,-0.6785755753517151,-3.3928778171539307,patch_random_00,4729,40878_1993.txt_employees_count_total_18,0.4484847564215087,5,-1.0984009504318237,-5.49200439453125,0.4484847915384483,employees_count_total
-1.439797282218933,-7.198986053466797,-0.6785755753517151,-3.3928778171539307,patch_random_01,4729,40878_1993.txt_employees_count_total_18,0.11315664541908849,5,-1.353659987449646,-6.7683000564575195,0.11315652899732052,employees_count_total
-1.439797282218933,-7.198986053466797,-0.6785755753517151,-3.3928778171539307,patch_random_02,4729,40878_1993.txt_employees_count_total_18,-0.3950175007307468,5,-1.7404931783676147,-8.702466011047363,-0.3950176569432112,employees_count_total
-1.439797282218933,-7.198986053466797,-0.6785755753517151,-3.3928778171539307,patch_random_03,4729,40878_1993.txt_employees_count_total_18,0.055612397945029514,5,-1.3974639177322388,-6.987319469451904,0.055612339658512366,employees_count_total
-1.439797282218933,-7.198986053466797,-0.6785755753517151,-3.3928778171539307,patch_random_04,4729,40878_1993.txt_employees_count_total_18,0.11647677689322546,5,-1.3511326313018799,-6.75566291809082,0.11647675469298843,employees_count_total
-1.439797282218933,-7.198986053466797,-0.6785755753517151,-3.3928778171539307,patch_random_05,4729,40878_1993.txt_employees_count_total_18,-0.17091355920803253,5,-1.569900393486023,-7.849501609802246,-0.17091357259078643,employees_count_total
-1.439797282218933,-7.198986053466797,-0.6785755753517151,-3.3928778171539307,patch_random_06,4729,40878_1993.txt_employees_count_total_18,0.17729824673223252,5,-1.304834008216858,-6.524169921875,0.17729819797387555,employees_count_total
-1.439797282218933,-7.198986053466797,-0.6785755753517151,-3.3928778171539307,patch_random_07,4729,40878_1993.txt_employees_count_total_18,0.1465585680760456,5,-1.3282337188720703,-6.641168594360352,0.1465584855902117,employees_count_total
-1.439797282218933,-7.198986053466797,-0.6785755753517151,-3.3928778171539307,patch_random_08,4729,40878_1993.txt_employees_count_total_18,0.3144818008608601,5,-1.2004069089889526,-6.0020341873168945,0.314481825485194,employees_count_total
-1.439797282218933,-7.198986053466797,-0.6785755753517151,-3.3928778171539307,patch_random_09,4729,40878_1993.txt_employees_count_total_18,0.6535498948765975,5,-0.9423009157180786,-4.7115044593811035,0.6535498834093639,employees_count_total
-1.439797282218933,-7.198986053466797,-0.6785755753517151,-3.3928778171539307,patch_random_10,4729,40878_1993.txt_employees_count_total_18,-0.21632392493693417,5,-1.604467749595642,-8.0223388671875,-0.21632406715745922,employees_count_total
-1.439797282218933,-7.198986053466797,-0.6785755753517151,-3.3928778171539307,patch_random_11,4729,40878_1993.txt_employees_count_total_18,0.34644391932116536,5,-1.1760766506195068,-5.880383014678955,0.3464439151276546,employees_count_total
-1.439797282218933,-7.198986053466797,-0.6785755753517151,-3.3928778171539307,patch_random_12,4729,40878_1993.txt_employees_count_total_18,0.06838835030213729,5,-1.387738585472107,-6.938692569732666,0.06838835565703404,employees_count_total
-1.439797282218933,-7.198986053466797,-0.6785755753517151,-3.3928778171539307,patch_random_13,4729,40878_1993.txt_employees_count_total_18,0.04593670702811275,5,-1.4048292636871338,-7.02414608001709,0.04593667930449653,employees_count_total
-1.439797282218933,-7.198986053466797,-0.6785755753517151,-3.3928778171539307,patch_random_14,4729,40878_1993.txt_employees_count_total_18,0.012860047947014454,5,-1.4300079345703125,-7.1500396728515625,0.012859954992412603,employees_count_total
-1.439797282218933,-7.198986053466797,-0.6785755753517151,-3.3928778171539307,patch_random_15,4729,40878_1993.txt_employees_count_total_18,0.06912046740234909,5,-1.387181282043457,-6.935906410217285,0.06912037885301123,employees_count_total
-1.439797282218933,-7.198986053466797,-0.6785755753517151,-3.3928778171539307,patch_random_16,4729,40878_1993.txt_employees_count_total_18,-0.3794242678104711,5,-1.7286232709884644,-8.643115997314453,-0.3794242975198846,employees_count_total
-1.439797282218933,-7.198986053466797,-0.6785755753517151,-3.3928778171539307,patch_random_17,4729,40878_1993.txt_employees_count_total_18,0.01571475652878148,5,-1.4278348684310913,-7.139173984527588,0.01571475775926735,employees_count_total
-1.439797282218933,-7.198986053466797,-0.6785755753517151,-3.3928778171539307,patch_random_18,4729,40878_1993.txt_employees_count_total_18,0.2907552559156432,5,-1.2184680700302124,-6.092340469360352,0.29075515340007735,employees_count_total
-1.439797282218933,-7.198986053466797,-0.6785755753517151,-3.3928778171539307,patch_random_19,4729,40878_1993.txt_employees_count_total_18,0.04572576334169878,5,-1.4049898386001587,-7.024949073791504,0.04572570428104529,employees_count_total
-1.439797282218933,-7.198986053466797,-0.6785755753517151,-3.3928778171539307,patch_matched_layer_random_00,4729,40878_1993.txt_employees_count_total_18,0.17805087877150907,5,-1.3042610883712769,-6.521305561065674,0.17805076743104395,employees_count_total
-1.439797282218933,-7.198986053466797,-0.6785755753517151,-3.3928778171539307,patch_matched_layer_random_01,4729,40878_1993.txt_employees_count_total_18,0.13533204172738605,5,-1.3367795944213867,-6.683897972106934,0.13533195836250056,employees_count_total
-1.439797282218933,-7.198986053466797,-0.6785755753517151,-3.3928778171539307,patch_matched_layer_random_02,4729,40878_1993.txt_employees_count_total_18,-0.03153130473994535,5,-1.4637995958328247,-7.318997859954834,-0.03153136984992773,employees_count_total
-1.439797282218933,-7.198986053466797,-0.6785755753517151,-3.3928778171539307,patch_matched_layer_random_03,4729,40878_1993.txt_employees_count_total_18,0.061628912784181825,5,-1.3928840160369873,-6.964419841766357,0.06162888628928572,employees_count_total
-1.439797282218933,-7.198986053466797,-0.6785755753517151,-3.3928778171539307,patch_matched_layer_random_04,4729,40878_1993.txt_employees_count_total_18,0.004324893680545284,5,-1.4365050792694092,-7.182525157928467,0.004324862698669974,employees_count_total
-1.439797282218933,-7.198986053466797,-0.6785755753517151,-3.3928778171539307,patch_matched_layer_random_05,4729,40878_1993.txt_employees_count_total_18,0.13265726951955345,5,-1.338815689086914,-6.69407844543457,0.1326571859452298,employees_count_total
-1.439797282218933,-7.198986053466797,-0.6785755753517151,-3.3928778171539307,patch_matched_layer_random_06,4729,40878_1993.txt_employees_count_total_18,0.25675072649898234,5,-1.2443530559539795,-6.221765041351318,0.256750715282378,employees_count_total
-1.439797282218933,-7.198986053466797,-0.6785755753517151,-3.3928778171539307,patch_matched_layer_random_07,4729,40878_1993.txt_employees_count_total_18,0.2937120693849692,5,-1.216217279434204,-6.081086158752441,0.293712061062486,employees_count_total
-1.439797282218933,-7.198986053466797,-0.6785755753517151,-3.3928778171539307,patch_matched_layer_random_08,4729,40878_1993.txt_employees_count_total_18,0.32773695713810647,5,-1.1903167963027954,-5.9515838623046875,0.3277369201592962,employees_count_total
-1.439797282218933,-7.198986053466797,-0.6785755753517151,-3.3928778171539307,patch_matched_layer_random_09,4729,40878_1993.txt_employees_count_total_18,0.3074118204103442,5,-1.2057887315750122,-6.0289435386657715,0.30741178184004925,employees_count_total
-1.439797282218933,-7.198986053466797,-0.6785755753517151,-3.3928778171539307,patch_matched_layer_random_10,4729,40878_1993.txt_employees_count_total_18,0.2909942314653594,5,-1.218286156654358,-6.0914306640625,0.29099419160954587,employees_count_total
-1.439797282218933,-7.198986053466797,-0.6785755753517151,-3.3928778171539307,patch_matched_layer_random_11,4729,40878_1993.txt_employees_count_total_18,-0.14685689600672014,5,-1.5515879392623901,-7.757939338684082,-0.14685690750580604,employees_count_total
-1.439797282218933,-7.198986053466797,-0.6785755753517151,-3.3928778171539307,patch_matched_layer_random_12,4729,40878_1993.txt_employees_count_total_18,0.04307040985481296,5,-1.4070111513137817,-7.035055637359619,0.04307035058624183,employees_count_total
-1.439797282218933,-7.198986053466797,-0.6785755753517151,-3.3928778171539307,patch_matched_layer_random_13,4729,40878_1993.txt_employees_count_total_18,0.3196459278120011,5,-1.196475863456726,-5.98237943649292,0.3196458275586124,employees_count_total
-1.439797282218933,-7.198986053466797,-0.6785755753517151,-3.3928778171539307,patch_matched_layer_random_14,4729,40878_1993.txt_employees_count_total_18,0.16541320649985305,5,-1.3138811588287354,-6.569405555725098,0.1654131881314021,employees_count_total
-1.439797282218933,-7.198986053466797,-0.6785755753517151,-3.3928778171539307,patch_matched_layer_random_15,4729,40878_1993.txt_employees_count_total_18,0.20338463608024973,5,-1.2849764823913574,-6.424882411956787,0.20338455804397088,employees_count_total
-1.439797282218933,-7.198986053466797,-0.6785755753517151,-3.3928778171539307,patch_matched_layer_random_16,4729,40878_1993.txt_employees_count_total_18,0.24925384739281356,5,-1.2500598430633545,-6.250298976898193,0.24925383558919378,employees_count_total
-1.439797282218933,-7.198986053466797,-0.6785755753517151,-3.3928778171539307,patch_matched_layer_random_17,4729,40878_1993.txt_employees_count_total_18,-0.2431463464498702,5,-1.6248855590820312,-8.124427795410156,-0.24314645945010563,employees_count_total
-1.439797282218933,-7.198986053466797,-0.6785755753517151,-3.3928778171539307,patch_matched_layer_random_18,4729,40878_1993.txt_employees_count_total_18,0.27883529330607715,5,-1.2275418043136597,-6.13770866394043,0.2788353151392432,employees_count_total
-1.439797282218933,-7.198986053466797,-0.6785755753517151,-3.3928778171539307,patch_matched_layer_random_19,4729,40878_1993.txt_employees_count_total_18,0.12113523408680842,5,-1.3475865125656128,-6.737932205200195,0.12113524357185475,employees_count_total
-1.271247148513794,-6.356235504150391,-0.5263102650642395,-2.6315512657165527,patch_qr,4200,277821_1993.txt_employees_count_total_156,0.9727944552902084,5,-0.5465766787528992,-2.7328832149505615,0.9727944859893366,employees_count_total
-1.271247148513794,-6.356235504150391,-0.5263102650642395,-2.6315512657165527,patch_bottom,4200,277821_1993.txt_employees_count_total_156,-0.00022051586470023485,5,-1.271411418914795,-6.357057094573975,-0.00022057988570044483,employees_count_total
-1.271247148513794,-6.356235504150391,-0.5263102650642395,-2.6315512657165527,patch_same_layer,4200,277821_1993.txt_employees_count_total_156,0.5626354270258515,5,-0.8521192669868469,-4.26059627532959,0.562635406028936,employees_count_total
-1.271247148513794,-6.356235504150391,-0.5263102650642395,-2.6315512657165527,patch_random_00,4200,277821_1993.txt_employees_count_total_156,0.4851281812473981,5,-0.9098572731018066,-4.549286365509033,0.48512814052692604,employees_count_total
-1.271247148513794,-6.356235504150391,-0.5263102650642395,-2.6315512657165527,patch_random_01,4200,277821_1993.txt_employees_count_total_156,0.1487986006044023,5,-1.1604015827178955,-5.802007675170898,0.1487986077478973,employees_count_total
-1.271247148513794,-6.356235504150391,-0.5263102650642395,-2.6315512657165527,patch_random_02,4200,277821_1993.txt_employees_count_total_156,-0.21100807835386348,5,-1.4284348487854004,-7.142174243927002,-0.21100815249431298,employees_count_total
-1.271247148513794,-6.356235504150391,-0.5263102650642395,-2.6315512657165527,patch_random_03,4200,277821_1993.txt_employees_count_total_156,0.03389911335179554,5,-1.2459944486618042,-6.2299723625183105,0.03389901896359715,employees_count_total
-1.271247148513794,-6.356235504150391,-0.5263102650642395,-2.6315512657165527,patch_random_04,4200,277821_1993.txt_employees_count_total_156,0.24624708962665687,5,-1.087808609008789,-5.439043045043945,0.24624703743802673,employees_count_total
-1.271247148513794,-6.356235504150391,-0.5263102650642395,-2.6315512657165527,patch_random_05,4200,277821_1993.txt_employees_count_total_156,0.04384617114127442,5,-1.2385845184326172,-6.192922592163086,0.04384610923581936,employees_count_total
-1.271247148513794,-6.356235504150391,-0.5263102650642395,-2.6315512657165527,patch_random_06,4200,277821_1993.txt_employees_count_total_156,0.06313346802723994,5,-1.2242166996002197,-6.1210832595825195,0.0631334710581395,employees_count_total
-1.271247148513794,-6.356235504150391,-0.5263102650642395,-2.6315512657165527,patch_random_07,4200,277821_1993.txt_employees_count_total_156,0.14861729111622715,5,-1.1605366468429565,-5.802682876586914,0.14861733025622473,employees_count_total
-1.271247148513794,-6.356235504150391,-0.5263102650642395,-2.6315512657165527,patch_random_08,4200,277821_1993.txt_employees_count_total_156,0.13478080074943388,5,-1.1708439588546753,-5.854219913482666,0.1347807112043444,employees_count_total
-1.271247148513794,-6.356235504150391,-0.5263102650642395,-2.6315512657165527,patch_random_09,4200,277821_1993.txt_employees_count_total_156,0.7403211258279047,5,-0.7197546362876892,-3.5987730026245117,0.7403211453664974,employees_count_total
-1.271247148513794,-6.356235504150391,-0.5263102650642395,-2.6315512657165527,patch_random_10,4200,277821_1993.txt_employees_count_total_156,-0.05727667547849982,5,-1.3139146566390991,-6.569573402404785,-0.05727677424384818,employees_count_total
-1.271247148513794,-6.356235504150391,-0.5263102650642395,-2.6315512657165527,patch_random_11,4200,277821_1993.txt_employees_count_total_156,0.26901271222751666,5,-1.0708496570587158,-5.354248046875,0.26901272514222796,employees_count_total
-1.271247148513794,-6.356235504150391,-0.5263102650642395,-2.6315512657165527,patch_random_12,4200,277821_1993.txt_employees_count_total_156,0.0645873044792005,5,-1.2231336832046509,-6.115668296813965,0.0645872755746887,employees_count_total
-1.271247148513794,-6.356235504150391,-0.5263102650642395,-2.6315512657165527,patch_random_13,4200,277821_1993.txt_employees_count_total_156,0.038233738335202834,5,-1.2427654266357422,-6.213827133178711,0.03823367616030717,employees_count_total
-1.271247148513794,-6.356235504150391,-0.5263102650642395,-2.6315512657165527,patch_random_14,4200,277821_1993.txt_employees_count_total_156,0.022026782435895374,5,-1.2548385858535767,-6.274192810058594,0.022026751488146104,employees_count_total
-1.271247148513794,-6.356235504150391,-0.5263102650642395,-2.6315512657165527,patch_random_15,4200,277821_1993.txt_employees_count_total_156,-0.004975689246098986,5,-1.2749537229537964,-6.3747687339782715,-0.00497578550059152,employees_count_total
-1.271247148513794,-6.356235504150391,-0.5263102650642395,-2.6315512657165527,patch_random_16,4200,277821_1993.txt_employees_count_total_156,-0.0930572148254192,5,-1.3405689001083374,-6.702844142913818,-0.09305718728768546,employees_count_total
-1.271247148513794,-6.356235504150391,-0.5263102650642395,-2.6315512657165527,patch_random_17,4200,277821_1993.txt_employees_count_total_156,0.03483206508706576,5,-1.2452994585037231,-6.226497173309326,0.03483203475407007,employees_count_total
-1.271247148513794,-6.356235504150391,-0.5263102650642395,-2.6315512657165527,patch_random_18,4200,277821_1993.txt_employees_count_total_156,0.1419712502041332,5,-1.16548752784729,-5.827437400817871,0.14197125701986205,employees_count_total
-1.271247148513794,-6.356235504150391,-0.5263102650642395,-2.6315512657165527,patch_random_19,4200,277821_1993.txt_employees_count_total_156,-0.03089542483189466,5,-1.2942622900009155,-6.471311569213867,-0.030895522330736943,employees_count_total
-1.271247148513794,-6.356235504150391,-0.5263102650642395,-2.6315512657165527,patch_matched_layer_random_00,4200,277821_1993.txt_employees_count_total_156,0.18680830250231897,5,-1.1320867538452148,-5.660433769226074,0.1868082474601628,employees_count_total
-1.271247148513794,-6.356235504150391,-0.5263102650642395,-2.6315512657165527,patch_matched_layer_random_01,4200,277821_1993.txt_employees_count_total_156,0.3980467383215206,5,-0.9747274518013,-4.8736371994018555,0.39804670942306264,employees_count_total
-1.271247148513794,-6.356235504150391,-0.5263102650642395,-2.6315512657165527,patch_matched_layer_random_02,4200,277821_1993.txt_employees_count_total_156,0.10665398620431626,5,-1.1917966604232788,-5.958983421325684,0.10665389530892001,employees_count_total
-1.271247148513794,-6.356235504150391,-0.5263102650642395,-2.6315512657165527,patch_matched_layer_random_03,4200,277821_1993.txt_employees_count_total_156,0.05626147036554025,5,-1.229335904121399,-6.146679401397705,0.056261441061323386,employees_count_total
-1.271247148513794,-6.356235504150391,-0.5263102650642395,-2.6315512657165527,patch_matched_layer_random_04,4200,277821_1993.txt_employees_count_total_156,0.06271900061826055,5,-1.2245254516601562,-6.122627258300781,0.06271893961884871,employees_count_total
-1.271247148513794,-6.356235504150391,-0.5263102650642395,-2.6315512657165527,patch_matched_layer_random_05,4200,277821_1993.txt_employees_count_total_156,0.21137965878770523,5,-1.1137826442718506,-5.568912982940674,0.2113796689355798,employees_count_total
-1.271247148513794,-6.356235504150391,-0.5263102650642395,-2.6315512657165527,patch_matched_layer_random_06,4200,277821_1993.txt_employees_count_total_156,0.163103167099097,5,-1.1497455835342407,-5.748727798461914,0.16310314292411604,employees_count_total
-1.271247148513794,-6.356235504150391,-0.5263102650642395,-2.6315512657165527,patch_matched_layer_random_07,4200,277821_1993.txt_employees_count_total_156,0.3342178771955471,5,-1.0222759246826172,-5.111379623413086,0.3342178292302018,employees_count_total
-1.271247148513794,-6.356235504150391,-0.5263102650642395,-2.6315512657165527,patch_matched_layer_random_08,4200,277821_1993.txt_employees_count_total_156,0.2909450793076986,5,-1.0545114278793335,-5.272556781768799,0.2909451252805416,employees_count_total
-1.271247148513794,-6.356235504150391,-0.5263102650642395,-2.6315512657165527,patch_matched_layer_random_09,4200,277821_1993.txt_employees_count_total_156,0.30362890220465455,5,-1.045062780380249,-5.225313663482666,0.3036289167812133,employees_count_total
-1.271247148513794,-6.356235504150391,-0.5263102650642395,-2.6315512657165527,patch_matched_layer_random_10,4200,277821_1993.txt_employees_count_total_156,0.19592546531767926,5,-1.1252950429916382,-5.6264753341674805,0.19592537870801124,employees_count_total
-1.271247148513794,-6.356235504150391,-0.5263102650642395,-2.6315512657165527,patch_matched_layer_random_11,4200,277821_1993.txt_employees_count_total_156,0.02726363415745937,5,-1.2509374618530273,-6.254687309265137,0.02726357145591302,employees_count_total
-1.271247148513794,-6.356235504150391,-0.5263102650642395,-2.6315512657165527,patch_matched_layer_random_12,4200,277821_1993.txt_employees_count_total_156,-0.0010520110990851553,5,-1.2720308303833008,-6.360154151916504,-0.0010520751600036308,employees_count_total
-1.271247148513794,-6.356235504150391,-0.5263102650642395,-2.6315512657165527,patch_matched_layer_random_13,4200,277821_1993.txt_employees_count_total_156,0.30209601289553734,5,-1.046204686164856,-5.23102331161499,0.30209599539329857,employees_count_total
-1.271247148513794,-6.356235504150391,-0.5263102650642395,-2.6315512657165527,patch_matched_layer_random_14,4200,277821_1993.txt_employees_count_total_156,-0.012997953987236485,5,-1.2809298038482666,-6.404648780822754,-0.012997954611239794,employees_count_total
-1.271247148513794,-6.356235504150391,-0.5263102650642395,-2.6315512657165527,patch_matched_layer_random_15,4200,277821_1993.txt_employees_count_total_156,0.23443348826253102,5,-1.0966089963912964,-5.4830451011657715,0.23443340350154887,employees_count_total
-1.271247148513794,-6.356235504150391,-0.5263102650642395,-2.6315512657165527,patch_matched_layer_random_16,4200,277821_1993.txt_employees_count_total_156,0.17594621589255277,5,-1.1401783227920532,-5.700891494750977,0.17594619233413847,employees_count_total
-1.271247148513794,-6.356235504150391,-0.5263102650642395,-2.6315512657165527,patch_matched_layer_random_17,4200,277821_1993.txt_employees_count_total_156,-0.050681522842875165,5,-1.3090016841888428,-6.545008182525635,-0.0506815252759841,employees_count_total
-1.271247148513794,-6.356235504150391,-0.5263102650642395,-2.6315512657165527,patch_matched_layer_random_18,4200,277821_1993.txt_employees_count_total_156,0.0982212547048652,5,-1.1980785131454468,-5.990392684936523,0.09822116340463197,employees_count_total
-1.271247148513794,-6.356235504150391,-0.5263102650642395,-2.6315512657165527,patch_matched_layer_random_19,4200,277821_1993.txt_employees_count_total_156,0.15381781692974544,5,-1.1566625833511353,-5.783312797546387,0.15381779230899517,employees_count_total
-1.1555874347686768,-5.777936935424805,-0.3915938138961792,-1.957969069480896,patch_qr,1741,71180_1993.txt_employees_count_total_214,1.049073951413695,5,-0.35410162806510925,-1.7705081701278687,1.0490739466748644,employees_count_total
-1.1555874347686768,-5.777936935424805,-0.3915938138961792,-1.957969069480896,patch_bottom,1741,71180_1993.txt_employees_count_total_214,-0.005680432489920568,5,-1.159927248954773,-5.799635887145996,-0.0056804016375749345,employees_count_total
-1.1555874347686768,-5.777936935424805,-0.3915938138961792,-1.957969069480896,patch_same_layer,1741,71180_1993.txt_employees_count_total_214,-0.36271742028943443,5,-1.4327012300491333,-7.163506031036377,-0.3627174741348773,employees_count_total
-1.1555874347686768,-5.777936935424805,-0.3915938138961792,-1.957969069480896,patch_random_00,1741,71180_1993.txt_employees_count_total_214,0.2850550403559582,5,-0.9378072023391724,-4.689035892486572,0.28505502694043383,employees_count_total
-1.1555874347686768,-5.777936935424805,-0.3915938138961792,-1.957969069480896,patch_random_01,1741,71180_1993.txt_employees_count_total_214,0.10613694234669191,5,-1.074499487876892,-5.37249755859375,0.1061368553504497,employees_count_total
-1.1555874347686768,-5.777936935424805,-0.3915938138961792,-1.957969069480896,patch_random_02,1741,71180_1993.txt_employees_count_total_214,-0.36500394845060175,5,-1.4344481229782104,-7.172240734100342,-0.3650040648525211,employees_count_total
-1.1555874347686768,-5.777936935424805,-0.3915938138961792,-1.957969069480896,patch_random_03,1741,71180_1993.txt_employees_count_total_214,0.011756100126028988,5,-1.1466058492660522,-5.733028888702393,0.011756132066654282,employees_count_total
-1.1555874347686768,-5.777936935424805,-0.3915938138961792,-1.957969069480896,patch_random_04,1741,71180_1993.txt_employees_count_total_214,-0.019216729135040442,5,-1.1702688932418823,-5.851344585418701,-0.019216823955077317,employees_count_total
-1.1555874347686768,-5.777936935424805,-0.3915938138961792,-1.957969069480896,patch_random_05,1741,71180_1993.txt_employees_count_total_214,-0.17333721546931327,5,-1.2880159616470337,-6.440079689025879,-0.17333725749482443,employees_count_total
-1.1555874347686768,-5.777936935424805,-0.3915938138961792,-1.957969069480896,patch_random_06,1741,71180_1993.txt_employees_count_total_214,0.2389814354946751,5,-0.9730071425437927,-4.865035533905029,0.238981434806965,employees_count_total
-1.1555874347686768,-5.777936935424805,-0.3915938138961792,-1.957969069480896,patch_random_07,1741,71180_1993.txt_employees_count_total_214,0.13164123383893162,5,-1.0550143718719482,-5.275071620941162,0.13164124205515673,employees_count_total
-1.1555874347686768,-5.777936935424805,-0.3915938138961792,-1.957969069480896,patch_random_08,1741,71180_1993.txt_employees_count_total_214,0.07970346597662012,5,-1.0946944952011108,-5.4734721183776855,0.07970350215809638,employees_count_total
-1.1555874347686768,-5.777936935424805,-0.3915938138961792,-1.957969069480896,patch_random_09,1741,71180_1993.txt_employees_count_total_214,0.2314603431539827,5,-0.9787532091140747,-4.893765926361084,0.2314603263934115,employees_count_total
-1.1555874347686768,-5.777936935424805,-0.3915938138961792,-1.957969069480896,patch_random_10,1741,71180_1993.txt_employees_count_total_214,-0.19896305776253218,5,-1.3075939416885376,-6.537969589233398,-0.19896310138744866,employees_count_total
-1.1555874347686768,-5.777936935424805,-0.3915938138961792,-1.957969069480896,patch_random_11,1741,71180_1993.txt_employees_count_total_214,0.14724311392867637,5,-1.0430946350097656,-5.215473175048828,0.14724306070490795,employees_count_total
-1.1555874347686768,-5.777936935424805,-0.3915938138961792,-1.957969069480896,patch_random_12,1741,71180_1993.txt_employees_count_total_214,0.07234753605291938,5,-1.1003143787384033,-5.5015716552734375,0.07234754056840154,employees_count_total
-1.1555874347686768,-5.777936935424805,-0.3915938138961792,-1.957969069480896,patch_random_13,1741,71180_1993.txt_employees_count_total_214,0.15172020909234318,5,-1.039674162864685,-5.198370933532715,0.1517201249411243,employees_count_total
-1.1555874347686768,-5.777936935424805,-0.3915938138961792,-1.957969069480896,patch_random_14,1741,71180_1993.txt_employees_count_total_214,-0.014428033265910868,5,-1.1666103601455688,-5.833051681518555,-0.014428065373301569,employees_count_total
-1.1555874347686768,-5.777936935424805,-0.3915938138961792,-1.957969069480896,patch_random_15,1741,71180_1993.txt_employees_count_total_214,0.04246008210842425,5,-1.1231482028961182,-5.615740776062012,0.04246008475851786,employees_count_total
-1.1555874347686768,-5.777936935424805,-0.3915938138961792,-1.957969069480896,patch_random_16,1741,71180_1993.txt_employees_count_total_214,-0.310827711023659,5,-1.3930578231811523,-6.965289115905762,-0.31082779283735257,employees_count_total
-1.1555874347686768,-5.777936935424805,-0.3915938138961792,-1.957969069480896,patch_random_17,1741,71180_1993.txt_employees_count_total_214,0.026652548673762176,5,-1.1352250576019287,-5.6761250495910645,0.0266525503372481,employees_count_total
-1.1555874347686768,-5.777936935424805,-0.3915938138961792,-1.957969069480896,patch_random_18,1741,71180_1993.txt_employees_count_total_214,0.14292751437349924,5,-1.0463917255401611,-5.231958389282227,0.14292752329414363,employees_count_total
-1.1555874347686768,-5.777936935424805,-0.3915938138961792,-1.957969069480896,patch_random_19,1741,71180_1993.txt_employees_count_total_214,0.03988847909053163,5,-1.1251128911972046,-5.625564098358154,0.03988851278700463,employees_count_total
-1.1555874347686768,-5.777936935424805,-0.3915938138961792,-1.957969069480896,patch_matched_layer_random_00,1741,71180_1993.txt_employees_count_total_214,0.2184657199435218,5,-0.9886810183525085,-4.9434051513671875,0.21846565556158298,employees_count_total
-1.1555874347686768,-5.777936935424805,-0.3915938138961792,-1.957969069480896,patch_matched_layer_random_01,1741,71180_1993.txt_employees_count_total_214,0.05911503839304536,5,-1.1104239225387573,-5.552119731903076,0.059114948461989066,employees_count_total
-1.1555874347686768,-5.777936935424805,-0.3915938138961792,-1.957969069480896,patch_matched_layer_random_02,1741,71180_1993.txt_employees_count_total_214,-0.18099569610302516,5,-1.2938669919967651,-6.469334602355957,-0.1809956761927653,employees_count_total
-1.1555874347686768,-5.777936935424805,-0.3915938138961792,-1.957969069480896,patch_matched_layer_random_03,1741,71180_1993.txt_employees_count_total_214,-0.015684578324043824,5,-1.1675703525543213,-5.837851524353027,-0.01568457930297742,employees_count_total
-1.1555874347686768,-5.777936935424805,-0.3915938138961792,-1.957969069480896,patch_matched_layer_random_04,1741,71180_1993.txt_employees_count_total_214,0.1461191981142306,5,-1.0439532995224,-5.219766616821289,0.14611911361343155,employees_count_total
-1.1555874347686768,-5.777936935424805,-0.3915938138961792,-1.957969069480896,patch_matched_layer_random_05,1741,71180_1993.txt_employees_count_total_214,0.05162897577612683,5,-1.1161432266235352,-5.580716133117676,0.05162891658471999,employees_count_total
-1.1555874347686768,-5.777936935424805,-0.3915938138961792,-1.957969069480896,patch_matched_layer_random_06,1741,71180_1993.txt_employees_count_total_214,0.11040292296128958,5,-1.0712403059005737,-5.356201171875,0.11040296105883456,employees_count_total
-1.1555874347686768,-5.777936935424805,-0.3915938138961792,-1.957969069480896,patch_matched_layer_random_07,1741,71180_1993.txt_employees_count_total_214,0.2805666326979768,5,-0.9412363171577454,-4.706181526184082,0.2805666033988727,employees_count_total
-1.1555874347686768,-5.777936935424805,-0.3915938138961792,-1.957969069480896,patch_matched_layer_random_08,1741,71180_1993.txt_employees_count_total_214,0.23837282330055518,5,-0.9734721183776855,-4.867360591888428,0.23837277576453508,employees_count_total
-1.1555874347686768,-5.777936935424805,-0.3915938138961792,-1.957969069480896,patch_matched_layer_random_09,1741,71180_1993.txt_employees_count_total_214,0.0535252618920451,5,-1.1146944761276245,-5.573472499847412,0.053525171612109804,employees_count_total
-1.1555874347686768,-5.777936935424805,-0.3915938138961792,-1.957969069480896,patch_matched_layer_random_10,1741,71180_1993.txt_employees_count_total_214,0.1816697647297648,5,-1.016792893409729,-5.0839643478393555,0.1816697448615761,employees_count_total
-1.1555874347686768,-5.777936935424805,-0.3915938138961792,-1.957969069480896,patch_matched_layer_random_11,1741,71180_1993.txt_employees_count_total_214,-0.27114301286519266,5,-1.3627389669418335,-6.813694477081299,-0.2711429985813663,employees_count_total
-1.1555874347686768,-5.777936935424805,-0.3915938138961792,-1.957969069480896,patch_matched_layer_random_12,1741,71180_1993.txt_employees_count_total_214,-0.026681259004160345,5,-1.1759717464447021,-5.879858493804932,-0.02668126066943819,employees_count_total
-1.1555874347686768,-5.777936935424805,-0.3915938138961792,-1.957969069480896,patch_matched_layer_random_13,1741,71180_1993.txt_employees_count_total_214,0.034428523213940486,5,-1.1292842626571655,-5.646421432495117,0.034428431742105824,employees_count_total
-1.1555874347686768,-5.777936935424805,-0.3915938138961792,-1.957969069480896,patch_matched_layer_random_14,1741,71180_1993.txt_employees_count_total_214,-0.02249469990137065,5,-1.1727732419967651,-5.863865852355957,-0.022494670098466764,employees_count_total
-1.1555874347686768,-5.777936935424805,-0.3915938138961792,-1.957969069480896,patch_matched_layer_random_15,1741,71180_1993.txt_employees_count_total_214,0.05486996638862896,5,-1.1136671304702759,-5.56833553314209,0.05486993860638737,employees_count_total
-1.1555874347686768,-5.777936935424805,-0.3915938138961792,-1.957969069480896,patch_matched_layer_random_16,1741,71180_1993.txt_employees_count_total_214,-0.01912856969658954,5,-1.1702015399932861,-5.851007461547852,-0.019128570890475607,employees_count_total
-1.1555874347686768,-5.777936935424805,-0.3915938138961792,-1.957969069480896,patch_matched_layer_random_17,1741,71180_1993.txt_employees_count_total_214,-0.6875055294692037,5,-1.6808372735977173,-8.404186248779297,-0.6875056035858955,employees_count_total
-1.1555874347686768,-5.777936935424805,-0.3915938138961792,-1.957969069480896,patch_matched_layer_random_18,1741,71180_1993.txt_employees_count_total_214,0.021350031511147956,5,-1.139276146888733,-5.696380615234375,0.021350001636801005,employees_count_total
-1.1555874347686768,-5.777936935424805,-0.3915938138961792,-1.957969069480896,patch_matched_layer_random_19,1741,71180_1993.txt_employees_count_total_214,0.07200831725788882,5,-1.1005735397338867,-5.502867698669434,0.07200825933843344,employees_count_total
-1.9503815174102783,-9.751907348632812,-0.37188929319381714,-1.859446406364441,patch_qr,1962,276999_1993.txt_employees_count_total_162,0.9855126015261658,5,-0.39475753903388977,-1.9737876653671265,0.9855125974218857,employees_count_total
-1.9503815174102783,-9.751907348632812,-0.37188929319381714,-1.859446406364441,patch_bottom,1962,276999_1993.txt_employees_count_total_162,-0.008259654744483239,5,-1.9634193181991577,-9.817096710205078,-0.008259700244209198,employees_count_total
-1.9503815174102783,-9.751907348632812,-0.37188929319381714,-1.859446406364441,patch_same_layer,1962,276999_1993.txt_employees_count_total_162,-0.021409142306271205,5,-1.984175682067871,-9.920878410339355,-0.02140917299971826,employees_count_total
-1.9503815174102783,-9.751907348632812,-0.37188929319381714,-1.859446406364441,patch_random_00,1962,276999_1993.txt_employees_count_total_162,0.1631285021677355,5,-1.6928844451904297,-8.464422225952148,0.16312847565522803,employees_count_total
-1.9503815174102783,-9.751907348632812,-0.37188929319381714,-1.859446406364441,patch_random_01,1962,276999_1993.txt_employees_count_total_162,0.09982983233774646,5,-1.7928009033203125,-8.964004516601562,0.09982980439112556,employees_count_total
-1.9503815174102783,-9.751907348632812,-0.37188929319381714,-1.859446406364441,patch_random_02,1962,276999_1993.txt_employees_count_total_162,-0.12229959137482369,5,-2.143430471420288,-10.717151641845703,-0.1222995337288891,employees_count_total
-1.9503815174102783,-9.751907348632812,-0.37188929319381714,-1.859446406364441,patch_random_03,1962,276999_1993.txt_employees_count_total_162,0.006677263519719757,5,-1.9398415088653564,-9.699207305908203,0.0066772636710018185,employees_count_total
-1.9503815174102783,-9.751907348632812,-0.37188929319381714,-1.859446406364441,patch_random_04,1962,276999_1993.txt_employees_count_total_162,0.055058348457984185,5,-1.86347234249115,-9.317361831665039,0.05505830439280967,employees_count_total
-1.9503815174102783,-9.751907348632812,-0.37188929319381714,-1.859446406364441,patch_random_05,1962,276999_1993.txt_employees_count_total_162,-0.003020461844815324,5,-1.9551492929458618,-9.77574634552002,-0.0030204770174453934,employees_count_total
-1.9503815174102783,-9.751907348632812,-0.37188929319381714,-1.859446406364441,patch_random_06,1962,276999_1993.txt_employees_count_total_162,0.14398483840680174,5,-1.7231025695800781,-8.61551284790039,0.1439848114605697,employees_count_total
-1.9503815174102783,-9.751907348632812,-0.37188929319381714,-1.859446406364441,patch_random_07,1962,276999_1993.txt_employees_count_total_162,0.09647768232134897,5,-1.798092246055603,-8.990461349487305,0.09647763919458316,employees_count_total
-1.9503815174102783,-9.751907348632812,-0.37188929319381714,-1.859446406364441,patch_random_08,1962,276999_1993.txt_employees_count_total_162,0.1500737179226971,5,-1.7134913206100464,-8.567456245422363,0.15007373642700933,employees_count_total
-1.9503815174102783,-9.751907348632812,-0.37188929319381714,-1.859446406364441,patch_random_09,1962,276999_1993.txt_employees_count_total_162,0.13986962434539826,5,-1.7295984029769897,-8.647992134094238,0.13986958220173315,employees_count_total
-1.9503815174102783,-9.751907348632812,-0.37188929319381714,-1.859446406364441,patch_random_10,1962,276999_1993.txt_employees_count_total_162,-0.08848371040647093,5,-2.090052366256714,-10.450262069702148,-0.08848377282797447,employees_count_total
-1.9503815174102783,-9.751907348632812,-0.37188929319381714,-1.859446406364441,patch_random_11,1962,276999_1993.txt_employees_count_total_162,0.27652824739768844,5,-1.5138838291168213,-7.569418907165527,0.2765282536627943,employees_count_total
-1.9503815174102783,-9.751907348632812,-0.37188929319381714,-1.859446406364441,patch_random_12,1962,276999_1993.txt_employees_count_total_162,0.02329067215754584,5,-1.9136173725128174,-9.568086624145508,0.02329067268522621,employees_count_total
-1.9503815174102783,-9.751907348632812,-0.37188929319381714,-1.859446406364441,patch_random_13,1962,276999_1993.txt_employees_count_total_162,0.0662055481114939,5,-1.8458765745162964,-9.229382514953613,0.06620556471566401,employees_count_total
-1.9503815174102783,-9.751907348632812,-0.37188929319381714,-1.859446406364441,patch_random_14,1962,276999_1993.txt_employees_count_total_162,0.029116587599340778,5,-1.9044212102890015,-9.522106170654297,0.029116542946422044,employees_count_total
-1.9503815174102783,-9.751907348632812,-0.37188929319381714,-1.859446406364441,patch_random_15,1962,276999_1993.txt_employees_count_total_162,-0.044514485963575094,5,-2.0206472873687744,-10.103236198425293,-0.04451448697210848,employees_count_total
-1.9503815174102783,-9.751907348632812,-0.37188929319381714,-1.859446406364441,patch_random_16,1962,276999_1993.txt_employees_count_total_162,-0.07756790705481181,5,-2.072821855545044,-10.36410903930664,-0.0775679088122133,employees_count_total
-1.9503815174102783,-9.751907348632812,-0.37188929319381714,-1.859446406364441,patch_random_17,1962,276999_1993.txt_employees_count_total_162,0.04096718971872398,5,-1.885715126991272,-9.42857551574707,0.04096717554269118,employees_count_total
-1.9503815174102783,-9.751907348632812,-0.37188929319381714,-1.859446406364441,patch_random_18,1962,276999_1993.txt_employees_count_total_162,0.15905097307846763,5,-1.6993207931518555,-8.496603965759277,0.15905094647357843,employees_count_total
-1.9503815174102783,-9.751907348632812,-0.37188929319381714,-1.859446406364441,patch_random_19,1962,276999_1993.txt_employees_count_total_162,0.09532560967620188,5,-1.7999107837677002,-8.999553680419922,0.09532561183592715,employees_count_total
-1.9503815174102783,-9.751907348632812,-0.37188929319381714,-1.859446406364441,patch_matched_layer_random_00,1962,276999_1993.txt_employees_count_total_162,0.04742793457088315,5,-1.8755168914794922,-9.377584457397461,0.04742790543702931,employees_count_total
-1.9503815174102783,-9.751907348632812,-0.37188929319381714,-1.859446406364441,patch_matched_layer_random_01,1962,276999_1993.txt_employees_count_total_162,0.2180327122927964,5,-1.6062185764312744,-8.031092643737793,0.2180327172326101,employees_count_total
-1.9503815174102783,-9.751907348632812,-0.37188929319381714,-1.859446406364441,patch_matched_layer_random_02,1962,276999_1993.txt_employees_count_total_162,0.0780125746218145,5,-1.8272392749786377,-9.13619613647461,0.07801257638929052,employees_count_total
-1.9503815174102783,-9.751907348632812,-0.37188929319381714,-1.859446406364441,patch_matched_layer_random_03,1962,276999_1993.txt_employees_count_total_162,0.06717818289332604,5,-1.8443412780761719,-9.22170639038086,0.06717815420693968,employees_count_total
-1.9503815174102783,-9.751907348632812,-0.37188929319381714,-1.859446406364441,patch_matched_layer_random_04,1962,276999_1993.txt_employees_count_total_162,0.005375206195892754,5,-1.9418967962265015,-9.709484100341797,0.005375161005082245,employees_count_total
-1.9503815174102783,-9.751907348632812,-0.37188929319381714,-1.859446406364441,patch_matched_layer_random_05,1962,276999_1993.txt_employees_count_total_162,0.27613546274823514,5,-1.514503836631775,-7.572519302368164,0.27613542369184924,employees_count_total
-1.9503815174102783,-9.751907348632812,-0.37188929319381714,-1.859446406364441,patch_matched_layer_random_06,1962,276999_1993.txt_employees_count_total_162,0.14426056552757735,5,-1.7226673364639282,-8.613336563110352,0.1442605536917899,employees_count_total
-1.9503815174102783,-9.751907348632812,-0.37188929319381714,-1.859446406364441,patch_matched_layer_random_07,1962,276999_1993.txt_employees_count_total_162,0.26475497876821874,5,-1.5324678421020508,-7.662339210510254,0.2647549545581908,employees_count_total
-1.9503815174102783,-9.751907348632812,-0.37188929319381714,-1.859446406364441,patch_matched_layer_random_08,1962,276999_1993.txt_employees_count_total_162,0.03790164184512118,5,-1.8905540704727173,-9.452770233154297,0.037901627599634426,employees_count_total
-1.9503815174102783,-9.751907348632812,-0.37188929319381714,-1.859446406364441,patch_matched_layer_random_09,1962,276999_1993.txt_employees_count_total_162,0.19117405114016864,5,-1.648614764213562,-8.243073463439941,0.1911740705756622,employees_count_total
-1.9503815174102783,-9.751907348632812,-0.37188929319381714,-1.859446406364441,patch_matched_layer_random_10,1962,276999_1993.txt_employees_count_total_162,0.06367378256866132,5,-1.8498729467391968,-9.249364852905273,0.06367373869868063,employees_count_total
-1.9503815174102783,-9.751907348632812,-0.37188929319381714,-1.859446406364441,patch_matched_layer_random_11,1962,276999_1993.txt_employees_count_total_162,0.05815652139764423,5,-1.8585819005966187,-9.292909622192383,0.058156477402662846,employees_count_total
-1.9503815174102783,-9.751907348632812,-0.37188929319381714,-1.859446406364441,patch_matched_layer_random_12,1962,276999_1993.txt_employees_count_total_162,0.0473939501270735,5,-1.87557053565979,-9.377852439880371,0.04739395120084488,employees_count_total
-1.9503815174102783,-9.751907348632812,-0.37188929319381714,-1.859446406364441,patch_matched_layer_random_13,1962,276999_1993.txt_employees_count_total_162,0.029212876856801448,5,-1.9042692184448242,-9.521346092224121,0.02921284731026186,employees_count_total
-1.9503815174102783,-9.751907348632812,-0.37188929319381714,-1.859446406364441,patch_matched_layer_random_14,1962,276999_1993.txt_employees_count_total_162,0.05470309773869399,5,-1.8640331029891968,-9.320165634155273,0.05470305366547081,employees_count_total
-1.9503815174102783,-9.751907348632812,-0.37188929319381714,-1.859446406364441,patch_matched_layer_random_15,1962,276999_1993.txt_employees_count_total_162,0.43675953797015826,5,-1.2609599828720093,-6.304800033569336,0.436759502552919,employees_count_total
-1.9503815174102783,-9.751907348632812,-0.37188929319381714,-1.859446406364441,patch_matched_layer_random_16,1962,276999_1993.txt_employees_count_total_162,0.08332827028054725,5,-1.8188484907150269,-9.094242095947266,0.08332828727265483,employees_count_total
-1.9503815174102783,-9.751907348632812,-0.37188929319381714,-1.859446406364441,patch_matched_layer_random_17,1962,276999_1993.txt_employees_count_total_162,0.08285852974611166,5,-1.8195899724960327,-9.097949981689453,0.0828584863107863,employees_count_total
-1.9503815174102783,-9.751907348632812,-0.37188929319381714,-1.859446406364441,patch_matched_layer_random_18,1962,276999_1993.txt_employees_count_total_162,0.38937857745271864,5,-1.3357504606246948,-6.6787519454956055,0.3893786013787927,employees_count_total
-1.9503815174102783,-9.751907348632812,-0.37188929319381714,-1.859446406364441,patch_matched_layer_random_19,1962,276999_1993.txt_employees_count_total_162,0.03429340016437143,5,-1.8962496519088745,-9.481247901916504,0.034293416045530455,employees_count_total
-0.9363920092582703,-4.681960105895996,-0.5170671939849854,-2.5853359699249268,patch_qr,2260,55387_1993.txt_employees_count_total_10,1.0748905168836902,5,-0.4856637418270111,-2.428318738937378,1.0748905005402052,employees_count_total
-0.9363920092582703,-4.681960105895996,-0.5170671939849854,-2.5853359699249268,patch_bottom,2260,55387_1993.txt_employees_count_total_10,-0.004305836033957143,5,-0.9381975531578064,-4.690987586975098,-0.004305722196086619,employees_count_total
-0.9363920092582703,-4.681960105895996,-0.5170671939849854,-2.5853359699249268,patch_same_layer,2260,55387_1993.txt_employees_count_total_10,0.4728134044377175,5,-0.7381296157836914,-3.690648078918457,0.4728134194250342,employees_count_total
-0.9363920092582703,-4.681960105895996,-0.5170671939849854,-2.5853359699249268,patch_random_00,2260,55387_1993.txt_employees_count_total_10,0.5204269219654638,5,-0.7181640863418579,-3.5908203125,0.5204269924569124,employees_count_total
-0.9363920092582703,-4.681960105895996,-0.5170671939849854,-2.5853359699249268,patch_random_01,2260,55387_1993.txt_employees_count_total_10,0.07678181826193589,5,-0.9041954874992371,-4.52097749710083,0.07678181607911594,employees_count_total
-0.9363920092582703,-4.681960105895996,-0.5170671939849854,-2.5853359699249268,patch_random_02,2260,55387_1993.txt_employees_count_total_10,-0.46076979967457476,5,-1.1296042203903198,-5.6480207443237305,-0.4607695875733564,employees_count_total
-0.9363920092582703,-4.681960105895996,-0.5170671939849854,-2.5853359699249268,patch_random_03,2260,55387_1993.txt_employees_count_total_10,0.09279352413177178,5,-0.897481381893158,-4.4874067306518555,0.09279363520921768,employees_count_total
-0.9363920092582703,-4.681960105895996,-0.5170671939849854,-2.5853359699249268,patch_random_04,2260,55387_1993.txt_employees_count_total_10,-0.2161831887891336,5,-1.0270429849624634,-5.135214805603027,-0.2161830973566955,employees_count_total
-0.9363920092582703,-4.681960105895996,-0.5170671939849854,-2.5853359699249268,patch_random_05,2260,55387_1993.txt_employees_count_total_10,-0.41421923744400047,5,-1.1100844144821167,-5.550421714782715,-0.4142190266661618,employees_count_total
-0.9363920092582703,-4.681960105895996,-0.5170671939849854,-2.5853359699249268,patch_random_06,2260,55387_1993.txt_employees_count_total_10,0.1061569389957759,5,-0.8918777704238892,-4.459388732910156,0.10615702126444997,employees_count_total
-0.9363920092582703,-4.681960105895996,-0.5170671939849854,-2.5853359699249268,patch_random_07,2260,55387_1993.txt_employees_count_total_10,-0.024168231794189792,5,-0.9465263485908508,-4.732631683349609,-0.024168174249384146,employees_count_total
-0.9363920092582703,-4.681960105895996,-0.5170671939849854,-2.5853359699249268,patch_random_08,2260,55387_1993.txt_employees_count_total_10,0.3584267351878146,5,-0.7860947847366333,-3.930473804473877,0.35842681028474466,employees_count_total
-0.9363920092582703,-4.681960105895996,-0.5170671939849854,-2.5853359699249268,patch_random_09,2260,55387_1993.txt_employees_count_total_10,0.5458323780049844,5,-0.7075109481811523,-3.5375547409057617,0.5458323909164545,employees_count_total
-0.9363920092582703,-4.681960105895996,-0.5170671939849854,-2.5853359699249268,patch_random_10,2260,55387_1993.txt_employees_count_total_10,-0.21677706779843878,5,-1.027292013168335,-5.136459827423096,-0.21677691949138714,employees_count_total
-0.9363920092582703,-4.681960105895996,-0.5170671939849854,-2.5853359699249268,patch_random_11,2260,55387_1993.txt_employees_count_total_10,0.19557851533943427,5,-0.8543810844421387,-4.271905422210693,0.19557853820822416,employees_count_total
-0.9363920092582703,-4.681960105895996,-0.5170671939849854,-2.5853359699249268,patch_random_12,2260,55387_1993.txt_employees_count_total_10,0.016919865992011774,5,-0.9292970895767212,-4.646485328674316,0.016919950797594552,employees_count_total
-0.9363920092582703,-4.681960105895996,-0.5170671939849854,-2.5853359699249268,patch_random_13,2260,55387_1993.txt_employees_count_total_10,0.04107061403365381,5,-0.919170081615448,-4.595850467681885,0.04107061286606286,employees_count_total
-0.9363920092582703,-4.681960105895996,-0.5170671939849854,-2.5853359699249268,patch_random_14,2260,55387_1993.txt_employees_count_total_10,-0.03968214822156833,5,-0.9530317187309265,-4.765158653259277,-0.03968214709344989,employees_count_total
-0.9363920092582703,-4.681960105895996,-0.5170671939849854,-2.5853359699249268,patch_random_15,2260,55387_1993.txt_employees_count_total_10,0.07918206741251692,5,-0.9031890034675598,-4.515944957733154,0.07918212201919085,employees_count_total
-0.9363920092582703,-4.681960105895996,-0.5170671939849854,-2.5853359699249268,patch_random_16,2260,55387_1993.txt_employees_count_total_10,-0.6524713284226258,5,-1.2099894285202026,-6.049947261810303,-0.6524713383024715,employees_count_total
-0.9363920092582703,-4.681960105895996,-0.5170671939849854,-2.5853359699249268,patch_random_17,2260,55387_1993.txt_employees_count_total_10,0.0790458931447059,5,-0.9032461047172546,-4.516230583190918,0.07904589089752088,employees_count_total
-0.9363920092582703,-4.681960105895996,-0.5170671939849854,-2.5853359699249268,patch_random_18,2260,55387_1993.txt_employees_count_total_10,-0.03045641264953761,5,-0.9491631388664246,-4.745815753936768,-0.030456411783696364,employees_count_total
-0.9363920092582703,-4.681960105895996,-0.5170671939849854,-2.5853359699249268,patch_random_19,2260,55387_1993.txt_employees_count_total_10,0.02543644350338581,5,-0.9257258772850037,-4.628629207611084,0.025436556495717078,employees_count_total
-0.9363920092582703,-4.681960105895996,-0.5170671939849854,-2.5853359699249268,patch_matched_layer_random_00,2260,55387_1993.txt_employees_count_total_10,0.08810077123248941,5,-0.8994491696357727,-4.497245788574219,0.08810082558561472,employees_count_total
-0.9363920092582703,-4.681960105895996,-0.5170671939849854,-2.5853359699249268,patch_matched_layer_random_01,2260,55387_1993.txt_employees_count_total_10,0.056222915286386,5,-0.9128163456916809,-4.56408166885376,0.05622297054576257,employees_count_total
-0.9363920092582703,-4.681960105895996,-0.5170671939849854,-2.5853359699249268,patch_matched_layer_random_02,2260,55387_1993.txt_employees_count_total_10,-0.10598508650122108,5,-0.9808341860771179,-4.904170989990234,-0.10598508348818536,employees_count_total
-0.9363920092582703,-4.681960105895996,-0.5170671939849854,-2.5853359699249268,patch_matched_layer_random_03,2260,55387_1993.txt_employees_count_total_10,-0.0061980613503455455,5,-0.9389910101890564,-4.694954872131348,-0.006197947458681203,employees_count_total
-0.9363920092582703,-4.681960105895996,-0.5170671939849854,-2.5853359699249268,patch_matched_layer_random_04,2260,55387_1993.txt_employees_count_total_10,0.1019243072915919,5,-0.893652617931366,-4.468263149261475,0.1019243043939995,employees_count_total
-0.9363920092582703,-4.681960105895996,-0.5170671939849854,-2.5853359699249268,patch_matched_layer_random_05,2260,55387_1993.txt_employees_count_total_10,0.07238984276420686,5,-0.9060371518135071,-4.530185699462891,0.07238989756397603,employees_count_total
-0.9363920092582703,-4.681960105895996,-0.5170671939849854,-2.5853359699249268,patch_matched_layer_random_06,2260,55387_1993.txt_employees_count_total_10,0.4206353481960392,5,-0.7600091695785522,-3.8000457286834717,0.420635421524449,employees_count_total
-0.9363920092582703,-4.681960105895996,-0.5170671939849854,-2.5853359699249268,patch_matched_layer_random_07,2260,55387_1993.txt_employees_count_total_10,0.4050016040987602,5,-0.7665647864341736,-3.8328237533569336,0.4050017063004847,employees_count_total
-0.9363920092582703,-4.681960105895996,-0.5170671939849854,-2.5853359699249268,patch_matched_layer_random_08,2260,55387_1993.txt_employees_count_total_10,0.3573653434782689,5,-0.7865398526191711,-3.932699203491211,0.357365390176508,employees_count_total
-0.9363920092582703,-4.681960105895996,-0.5170671939849854,-2.5853359699249268,patch_matched_layer_random_09,2260,55387_1993.txt_employees_count_total_10,0.15585216023134274,5,-0.8710393309593201,-4.355196475982666,0.15585226951610318,employees_count_total
-0.9363920092582703,-4.681960105895996,-0.5170671939849854,-2.5853359699249268,patch_matched_layer_random_10,2260,55387_1993.txt_employees_count_total_10,0.3291179958559242,5,-0.7983846664428711,-3.9919233322143555,0.3291180149283382,employees_count_total
-0.9363920092582703,-4.681960105895996,-0.5170671939849854,-2.5853359699249268,patch_matched_layer_random_11,2260,55387_1993.txt_employees_count_total_10,-0.08499918195938283,5,-0.9720342755317688,-4.860171318054199,-0.0849991226852223,employees_count_total
-0.9363920092582703,-4.681960105895996,-0.5170671939849854,-2.5853359699249268,patch_matched_layer_random_12,2260,55387_1993.txt_employees_count_total_10,0.059088544972262666,5,-0.911614716053009,-4.5580735206604,0.059088600150172636,employees_count_total
-0.9363920092582703,-4.681960105895996,-0.5170671939849854,-2.5853359699249268,patch_matched_layer_random_13,2260,55387_1993.txt_employees_count_total_10,0.2692704001632954,5,-0.8234802484512329,-4.117401123046875,0.26927047779483887,employees_count_total
-0.9363920092582703,-4.681960105895996,-0.5170671939849854,-2.5853359699249268,patch_matched_layer_random_14,2260,55387_1993.txt_employees_count_total_10,0.039447325788975654,5,-0.919850766658783,-4.5992536544799805,0.039447438382993444,employees_count_total
-0.9363920092582703,-4.681960105895996,-0.5170671939849854,-2.5853359699249268,patch_matched_layer_random_15,2260,55387_1993.txt_employees_count_total_10,0.3273771542506201,5,-0.7991146445274353,-3.9955732822418213,0.3273771449436591,employees_count_total
-0.9363920092582703,-4.681960105895996,-0.5170671939849854,-2.5853359699249268,patch_matched_layer_random_16,2260,55387_1993.txt_employees_count_total_10,0.02513694540079939,5,-0.9258514642715454,-4.6292572021484375,0.02513702997277993,employees_count_total
-0.9363920092582703,-4.681960105895996,-0.5170671939849854,-2.5853359699249268,patch_matched_layer_random_17,2260,55387_1993.txt_employees_count_total_10,-0.6823096975268166,5,-1.2225013971328735,-6.112506866455078,-0.6823095928429309,employees_count_total
-0.9363920092582703,-4.681960105895996,-0.5170671939849854,-2.5853359699249268,patch_matched_layer_random_18,2260,55387_1993.txt_employees_count_total_10,0.03091298023639455,5,-0.9234294295310974,-4.617146968841553,0.030913093073034095,employees_count_total
-0.9363920092582703,-4.681960105895996,-0.5170671939849854,-2.5853359699249268,patch_matched_layer_random_19,2260,55387_1993.txt_employees_count_total_10,0.16919993921908463,5,-0.8654422760009766,-4.327211380004883,0.16919996283778752,employees_count_total
-1.3088268041610718,-7.852960586547852,-0.6363966464996338,-3.8183796405792236,patch_qr,60400,10456_1993.txt_employees_count_total_98,0.9793567454557929,6,-0.6502777934074402,-3.9016666412353516,0.9793567159089103,employees_count_total
-1.3088268041610718,-7.852960586547852,-0.6363966464996338,-3.8183796405792236,patch_bottom,60400,10456_1993.txt_employees_count_total_98,0.02337560251264326,6,-1.293108344078064,-7.758649826049805,0.02337560251264326,employees_count_total
-1.3088268041610718,-7.852960586547852,-0.6363966464996338,-3.8183796405792236,patch_same_layer,60400,10456_1993.txt_employees_count_total_98,0.08653791435292416,6,-1.250636100769043,-7.5038161277771,0.08653797344668936,employees_count_total
-1.3088268041610718,-7.852960586547852,-0.6363966464996338,-3.8183796405792236,patch_random_00,60400,10456_1993.txt_employees_count_total_98,0.0687413542128152,6,-1.2626030445098877,-7.575617790222168,0.0687414133065804,employees_count_total
-1.3088268041610718,-7.852960586547852,-0.6363966464996338,-3.8183796405792236,patch_random_01,60400,10456_1993.txt_employees_count_total_98,0.019327029565024387,6,-1.2958307266235352,-7.774983882904053,0.019327088658789585,employees_count_total
-1.3088268041610718,-7.852960586547852,-0.6363966464996338,-3.8183796405792236,patch_random_02,60400,10456_1993.txt_employees_count_total_98,-0.13613164767186225,6,-1.4003658294677734,-8.40219497680664,-0.13613170676562744,employees_count_total
-1.3088268041610718,-7.852960586547852,-0.6363966464996338,-3.8183796405792236,patch_random_03,60400,10456_1993.txt_employees_count_total_98,0.025126964431876384,6,-1.2919306755065918,-7.751584053039551,0.025126905338111183,employees_count_total
-1.3088268041610718,-7.852960586547852,-0.6363966464996338,-3.8183796405792236,patch_random_04,60400,10456_1993.txt_employees_count_total_98,-0.13249915392501674,6,-1.397923231124878,-8.38753890991211,-0.13249909483125155,employees_count_total
-1.3088268041610718,-7.852960586547852,-0.6363966464996338,-3.8183796405792236,patch_random_05,60400,10456_1993.txt_employees_count_total_98,-0.05089728268548543,6,-1.3430516719818115,-8.058309555053711,-0.050897223591720234,employees_count_total
-1.3088268041610718,-7.852960586547852,-0.6363966464996338,-3.8183796405792236,patch_random_06,60400,10456_1993.txt_employees_count_total_98,0.0910185218179204,6,-1.2476232051849365,-7.485738754272461,0.0910185809116856,employees_count_total
-1.3088268041610718,-7.852960586547852,-0.6363966464996338,-3.8183796405792236,patch_random_07,60400,10456_1993.txt_employees_count_total_98,-0.02635197818447289,6,-1.3265466690063477,-7.959280014038086,-0.026352037278238087,employees_count_total
-1.3088268041610718,-7.852960586547852,-0.6363966464996338,-3.8183796405792236,patch_random_08,60400,10456_1993.txt_employees_count_total_98,0.10064702354455159,6,-1.2411487102508545,-7.446891784667969,0.10064708263831679,employees_count_total
-1.3088268041610718,-7.852960586547852,-0.6363966464996338,-3.8183796405792236,patch_random_09,60400,10456_1993.txt_employees_count_total_98,0.2640872592719447,6,-1.131246566772461,-6.787479400634766,0.2640872001781795,employees_count_total
-1.3088268041610718,-7.852960586547852,-0.6363966464996338,-3.8183796405792236,patch_random_10,60400,10456_1993.txt_employees_count_total_98,-0.02218586773787117,6,-1.3237452507019043,-7.942471027374268,-0.022185808644105968,employees_count_total
-1.3088268041610718,-7.852960586547852,-0.6363966464996338,-3.8183796405792236,patch_random_11,60400,10456_1993.txt_employees_count_total_98,0.14409866909612953,6,-1.211930513381958,-7.271583080291748,0.14409861000236435,employees_count_total
-1.3088268041610718,-7.852960586547852,-0.6363966464996338,-3.8183796405792236,patch_random_12,60400,10456_1993.txt_employees_count_total_98,0.02712669744624521,6,-1.290585994720459,-7.743515968322754,0.02712663835248001,employees_count_total
-1.3088268041610718,-7.852960586547852,-0.6363966464996338,-3.8183796405792236,patch_random_13,60400,10456_1993.txt_employees_count_total_98,0.038234611584658997,6,-1.2831166982650757,-7.698699951171875,0.038234611584658997,employees_count_total
-1.3088268041610718,-7.852960586547852,-0.6363966464996338,-3.8183796405792236,patch_random_14,60400,10456_1993.txt_employees_count_total_98,-0.0220298601977431,6,-1.3236403465270996,-7.941842079162598,-0.022029919291508302,employees_count_total
-1.3088268041610718,-7.852960586547852,-0.6363966464996338,-3.8183796405792236,patch_random_15,60400,10456_1993.txt_employees_count_total_98,0.07725298377716593,6,-1.2568795680999756,-7.541276931762695,0.07725304287093113,employees_count_total
-1.3088268041610718,-7.852960586547852,-0.6363966464996338,-3.8183796405792236,patch_random_16,60400,10456_1993.txt_employees_count_total_98,-0.06494859817474724,6,-1.3525002002716064,-8.11500072479248,-0.06494853908098204,employees_count_total
-1.3088268041610718,-7.852960586547852,-0.6363966464996338,-3.8183796405792236,patch_random_17,60400,10456_1993.txt_employees_count_total_98,-0.013682747675709254,6,-1.3180274963378906,-7.908164978027344,-0.013682806769474453,employees_count_total
-1.3088268041610718,-7.852960586547852,-0.6363966464996338,-3.8183796405792236,patch_random_18,60400,10456_1993.txt_employees_count_total_98,-0.003311260039218168,6,-1.3110533952713013,-7.8663201332092285,-0.003311260039218168,employees_count_total
-1.3088268041610718,-7.852960586547852,-0.6363966464996338,-3.8183796405792236,patch_random_19,60400,10456_1993.txt_employees_count_total_98,0.017250179187069527,6,-1.2972272634506226,-7.783363342285156,0.017250179187069527,employees_count_total
-1.3088268041610718,-7.852960586547852,-0.6363966464996338,-3.8183796405792236,patch_matched_layer_random_00,60400,10456_1993.txt_employees_count_total_98,0.0331661393434529,6,-1.2865248918533325,-7.719149112701416,0.0331661393434529,employees_count_total
-1.3088268041610718,-7.852960586547852,-0.6363966464996338,-3.8183796405792236,patch_matched_layer_random_01,60400,10456_1993.txt_employees_count_total_98,0.08199011727689548,6,-1.2536941766738892,-7.522164821624756,0.08199011727689548,employees_count_total
-1.3088268041610718,-7.852960586547852,-0.6363966464996338,-3.8183796405792236,patch_matched_layer_random_02,60400,10456_1993.txt_employees_count_total_98,-0.016998439747317424,6,-1.3202570676803589,-7.921542167663574,-0.016998439747317424,employees_count_total
-1.3088268041610718,-7.852960586547852,-0.6363966464996338,-3.8183796405792236,patch_matched_layer_random_03,60400,10456_1993.txt_employees_count_total_98,0.03582943624725281,6,-1.2847340106964111,-7.708403587341309,0.035829495341018,employees_count_total
-1.3088268041610718,-7.852960586547852,-0.6363966464996338,-3.8183796405792236,patch_matched_layer_random_04,60400,10456_1993.txt_employees_count_total_98,0.011554663003325975,6,-1.3010571002960205,-7.806342124938965,0.011554722097091174,employees_count_total
-1.3088268041610718,-7.852960586547852,-0.6363966464996338,-3.8183796405792236,patch_matched_layer_random_05,60400,10456_1993.txt_employees_count_total_98,0.05458207441453295,6,-1.272124171257019,-7.632744789123535,0.05458207441453295,employees_count_total
-1.3088268041610718,-7.852960586547852,-0.6363966464996338,-3.8183796405792236,patch_matched_layer_random_06,60400,10456_1993.txt_employees_count_total_98,0.1255429904482611,6,-1.2244079113006592,-7.346446990966797,0.12554304954202627,employees_count_total
-1.3088268041610718,-7.852960586547852,-0.6363966464996338,-3.8183796405792236,patch_matched_layer_random_07,60400,10456_1993.txt_employees_count_total_98,0.17136524148460322,6,-1.1935956478118896,-7.16157341003418,0.1713653005783684,employees_count_total
-1.3088268041610718,-7.852960586547852,-0.6363966464996338,-3.8183796405792236,patch_matched_layer_random_08,60400,10456_1993.txt_employees_count_total_98,0.15551505268888746,6,-1.2042537927627563,-7.225522518157959,0.15551505268888746,employees_count_total
-1.3088268041610718,-7.852960586547852,-0.6363966464996338,-3.8183796405792236,patch_matched_layer_random_09,60400,10456_1993.txt_employees_count_total_98,0.07359584793023201,6,-1.2593387365341187,-7.556032180786133,0.07359584793023201,employees_count_total
-1.3088268041610718,-7.852960586547852,-0.6363966464996338,-3.8183796405792236,patch_matched_layer_random_10,60400,10456_1993.txt_employees_count_total_98,0.023391735110542867,6,-1.2930974960327148,-7.758584976196289,0.023391676016777666,employees_count_total
-1.3088268041610718,-7.852960586547852,-0.6363966464996338,-3.8183796405792236,patch_matched_layer_random_11,60400,10456_1993.txt_employees_count_total_98,-0.011603947203502794,6,-1.3166296482086182,-7.899777412414551,-0.011603888109737595,employees_count_total
-1.3088268041610718,-7.852960586547852,-0.6363966464996338,-3.8183796405792236,patch_matched_layer_random_12,60400,10456_1993.txt_employees_count_total_98,-0.04049406169708193,6,-1.3360562324523926,-8.016337394714355,-0.04049412079084713,employees_count_total
-1.3088268041610718,-7.852960586547852,-0.6363966464996338,-3.8183796405792236,patch_matched_layer_random_13,60400,10456_1993.txt_employees_count_total_98,0.1602209846805914,6,-1.2010893821716309,-7.206536293029785,0.1602209255868262,employees_count_total
-1.3088268041610718,-7.852960586547852,-0.6363966464996338,-3.8183796405792236,patch_matched_layer_random_14,60400,10456_1993.txt_employees_count_total_98,0.06787019392623644,6,-1.2631888389587402,-7.579133033752441,0.06787013483247124,employees_count_total
-1.3088268041610718,-7.852960586547852,-0.6363966464996338,-3.8183796405792236,patch_matched_layer_random_15,60400,10456_1993.txt_employees_count_total_98,0.1700895252814651,6,-1.194453477859497,-7.166720390319824,0.17008958437523028,employees_count_total
-1.3088268041610718,-7.852960586547852,-0.6363966464996338,-3.8183796405792236,patch_matched_layer_random_16,60400,10456_1993.txt_employees_count_total_98,0.12772709601005397,6,-1.2229392528533936,-7.337635040283203,0.12772715510381918,employees_count_total
-1.3088268041610718,-7.852960586547852,-0.6363966464996338,-3.8183796405792236,patch_matched_layer_random_17,60400,10456_1993.txt_employees_count_total_98,-0.1466669432254878,6,-1.4074500799179077,-8.444700241088867,-0.1466669432254878,employees_count_total
-1.3088268041610718,-7.852960586547852,-0.6363966464996338,-3.8183796405792236,patch_matched_layer_random_18,60400,10456_1993.txt_employees_count_total_98,0.0027038943204923172,6,-1.3070086240768433,-7.8420515060424805,0.0027038943204923172,employees_count_total
-1.3088268041610718,-7.852960586547852,-0.6363966464996338,-3.8183796405792236,patch_matched_layer_random_19,60400,10456_1993.txt_employees_count_total_98,0.03032432017498373,6,-1.2884358167648315,-7.73061466217041,0.03032432017498373,employees_count_total
-1.534639835357666,-7.67319917678833,-0.5867604613304138,-2.9338021278381348,patch_qr,4151,745287_1993.txt_employees_count_total_38,1.04218382739065,5,-0.5467752814292908,-2.7338764667510986,1.0421837754934082,employees_count_total
-1.534639835357666,-7.67319917678833,-0.5867604613304138,-2.9338021278381348,patch_bottom,4151,745287_1993.txt_employees_count_total_38,-0.003694826381581028,5,-1.5381420850753784,-7.690710544586182,-0.0036948513950166794,employees_count_total
-1.534639835357666,-7.67319917678833,-0.5867604613304138,-2.9338021278381348,patch_same_layer,4151,745287_1993.txt_employees_count_total_38,0.09121614419921753,5,-1.4481779336929321,-7.240889549255371,0.0912161659105388,employees_count_total
-1.534639835357666,-7.67319917678833,-0.5867604613304138,-2.9338021278381348,patch_random_00,4151,745287_1993.txt_employees_count_total_38,0.22246655411190133,5,-1.3237683773040771,-6.618841648101807,0.22246659602408073,employees_count_total
-1.534639835357666,-7.67319917678833,-0.5867604613304138,-2.9338021278381348,patch_random_01,4151,745287_1993.txt_employees_count_total_38,0.03388942698498507,5,-1.502516746520996,-7.5125837326049805,0.033889425706362136,employees_count_total
-1.534639835357666,-7.67319917678833,-0.5867604613304138,-2.9338021278381348,patch_random_02,4151,745287_1993.txt_employees_count_total_38,-0.12999905613969182,5,-1.6578632593154907,-8.289316177368164,-0.1299990260820852,employees_count_total
-1.534639835357666,-7.67319917678833,-0.5867604613304138,-2.9338021278381348,patch_random_03,4151,745287_1993.txt_employees_count_total_38,0.0417784893795593,5,-1.4950388669967651,-7.475194454193115,0.04177846265044919,employees_count_total
-1.534639835357666,-7.67319917678833,-0.5867604613304138,-2.9338021278381348,patch_random_04,4151,745287_1993.txt_employees_count_total_38,-0.012680552585249734,5,-1.5466594696044922,-7.733297348022461,-0.012680552106821893,employees_count_total
-1.534639835357666,-7.67319917678833,-0.5867604613304138,-2.9338021278381348,patch_random_05,4151,745287_1993.txt_employees_count_total_38,-0.011207476530671341,5,-1.5452631711959839,-7.726315975189209,-0.011207501260660276,employees_count_total
-1.534639835357666,-7.67319917678833,-0.5867604613304138,-2.9338021278381348,patch_random_06,4151,745287_1993.txt_employees_count_total_38,0.12763041322908572,5,-1.4136615991592407,-7.068307876586914,0.12763043356652362,employees_count_total
-1.534639835357666,-7.67319917678833,-0.5867604613304138,-2.9338021278381348,patch_random_07,4151,745287_1993.txt_employees_count_total_38,0.04718320580110002,5,-1.4899158477783203,-7.449579238891602,0.047183204020912674,employees_count_total
-1.534639835357666,-7.67319917678833,-0.5867604613304138,-2.9338021278381348,patch_random_08,4151,745287_1993.txt_employees_count_total_38,0.11476624491433163,5,-1.425855278968811,-7.129276275634766,0.11476626573712506,employees_count_total
-1.534639835357666,-7.67319917678833,-0.5867604613304138,-2.9338021278381348,patch_random_09,4151,745287_1993.txt_employees_count_total_38,0.2976556861735532,5,-1.2524981498718262,-6.262490749359131,0.29765567494322503,employees_count_total
-1.534639835357666,-7.67319917678833,-0.5867604613304138,-2.9338021278381348,patch_random_10,4151,745287_1993.txt_employees_count_total_38,-0.09387215830291779,5,-1.6236193180084229,-8.118096351623535,-0.09387210445551349,employees_count_total
-1.534639835357666,-7.67319917678833,-0.5867604613304138,-2.9338021278381348,patch_random_11,4151,745287_1993.txt_employees_count_total_38,0.06132224579392643,5,-1.4765137434005737,-7.382568836212158,0.06132221832744489,employees_count_total
-1.534639835357666,-7.67319917678833,-0.5867604613304138,-2.9338021278381348,patch_random_12,4151,745287_1993.txt_employees_count_total_38,0.018449985181833335,5,-1.5171514749526978,-7.585757255554199,0.018450009638567792,employees_count_total
-1.534639835357666,-7.67319917678833,-0.5867604613304138,-2.9338021278381348,patch_random_13,4151,745287_1993.txt_employees_count_total_38,0.013470100222118439,5,-1.52187180519104,-7.609358787536621,0.013470150019578969,employees_count_total
-1.534639835357666,-7.67319917678833,-0.5867604613304138,-2.9338021278381348,patch_random_14,4151,745287_1993.txt_employees_count_total_38,0.013643780579957828,5,-1.5217071771621704,-7.6085357666015625,0.013643805218026819,employees_count_total
-1.534639835357666,-7.67319917678833,-0.5867604613304138,-2.9338021278381348,patch_random_15,4151,745287_1993.txt_employees_count_total_38,0.045350192611013786,5,-1.491653323173523,-7.458266258239746,0.04535026635850079,employees_count_total
-1.534639835357666,-7.67319917678833,-0.5867604613304138,-2.9338021278381348,patch_random_16,4151,745287_1993.txt_employees_count_total_38,-0.08942513625136038,5,-1.6194040775299072,-8.097020149230957,-0.08942508257173891,employees_count_total
-1.534639835357666,-7.67319917678833,-0.5867604613304138,-2.9338021278381348,patch_random_17,4151,745287_1993.txt_employees_count_total_38,0.007516548839237323,5,-1.5275150537490845,-7.637575149536133,0.007516573708482221,employees_count_total
-1.534639835357666,-7.67319917678833,-0.5867604613304138,-2.9338021278381348,patch_random_18,4151,745287_1993.txt_employees_count_total_38,0.17943444720378082,5,-1.3645576238632202,-6.822787761688232,0.1794345158923684,employees_count_total
-1.534639835357666,-7.67319917678833,-0.5867604613304138,-2.9338021278381348,patch_random_19,4151,745287_1993.txt_employees_count_total_38,-0.017445380765887617,5,-1.5511759519577026,-7.755879878997803,-0.017445405260525054,employees_count_total
-1.534639835357666,-7.67319917678833,-0.5867604613304138,-2.9338021278381348,patch_matched_layer_random_00,4151,745287_1993.txt_employees_count_total_38,0.10426417977187255,5,-1.4358099699020386,-7.179049491882324,0.10426425129657853,employees_count_total
-1.534639835357666,-7.67319917678833,-0.5867604613304138,-2.9338021278381348,patch_matched_layer_random_01,4151,745287_1993.txt_employees_count_total_38,0.18501510773873017,5,-1.3592678308486938,-6.79633903503418,0.18501512591108613,employees_count_total
-1.534639835357666,-7.67319917678833,-0.5867604613304138,-2.9338021278381348,patch_matched_layer_random_02,4151,745287_1993.txt_employees_count_total_38,-0.011036185692599475,5,-1.5451008081436157,-7.725503921508789,-0.011036160123373667,employees_count_total
-1.534639835357666,-7.67319917678833,-0.5867604613304138,-2.9338021278381348,patch_matched_layer_random_03,4151,745287_1993.txt_employees_count_total_38,0.019778935465170643,5,-1.5158917903900146,-7.579458713531494,0.019778985024603502,employees_count_total
-1.534639835357666,-7.67319917678833,-0.5867604613304138,-2.9338021278381348,patch_matched_layer_random_04,4151,745287_1993.txt_employees_count_total_38,0.00042143582847197067,5,-1.5342403650283813,-7.671201705932617,0.00042146096541021864,employees_count_total
-1.534639835357666,-7.67319917678833,-0.5867604613304138,-2.9338021278381348,patch_matched_layer_random_05,4151,745287_1993.txt_employees_count_total_38,0.1592386034212767,5,-1.3837008476257324,-6.918504238128662,0.1592385974133223,employees_count_total
-1.534639835357666,-7.67319917678833,-0.5867604613304138,-2.9338021278381348,patch_matched_layer_random_06,4151,745287_1993.txt_employees_count_total_38,0.18492241952458996,5,-1.3593556880950928,-6.796778202056885,0.18492246285328168,employees_count_total
-1.534639835357666,-7.67319917678833,-0.5867604613304138,-2.9338021278381348,patch_matched_layer_random_07,4151,745287_1993.txt_employees_count_total_38,0.24185989654511283,5,-1.3053858280181885,-6.526928901672363,0.2418599377255958,employees_count_total
-1.534639835357666,-7.67319917678833,-0.5867604613304138,-2.9338021278381348,patch_matched_layer_random_08,4151,745287_1993.txt_employees_count_total_38,0.1186327394265794,5,-1.4221903085708618,-7.1109514236450195,0.11863276010349287,employees_count_total
-1.534639835357666,-7.67319917678833,-0.5867604613304138,-2.9338021278381348,patch_matched_layer_random_09,4151,745287_1993.txt_employees_count_total_38,0.025712867633118416,5,-1.5102671384811401,-7.551335334777832,0.025712942121507126,employees_count_total
-1.534639835357666,-7.67319917678833,-0.5867604613304138,-2.9338021278381348,patch_matched_layer_random_10,4151,745287_1993.txt_employees_count_total_38,0.13131304048343254,5,-1.4101709127426147,-7.050854682922363,0.13131301037625023,employees_count_total
-1.534639835357666,-7.67319917678833,-0.5867604613304138,-2.9338021278381348,patch_matched_layer_random_11,4151,745287_1993.txt_employees_count_total_38,-0.13081237321003747,5,-1.6586341857910156,-8.293170928955078,-0.13081236827458367,employees_count_total
-1.534639835357666,-7.67319917678833,-0.5867604613304138,-2.9338021278381348,patch_matched_layer_random_12,4151,745287_1993.txt_employees_count_total_38,0.013453247819547492,5,-1.5218877792358398,-7.609438896179199,0.013453247311966433,employees_count_total
-1.534639835357666,-7.67319917678833,-0.5867604613304138,-2.9338021278381348,patch_matched_layer_random_13,4151,745287_1993.txt_employees_count_total_38,0.08290904160952518,5,-1.4560520648956299,-7.28026008605957,0.08290908878710597,employees_count_total
-1.534639835357666,-7.67319917678833,-0.5867604613304138,-2.9338021278381348,patch_matched_layer_random_14,4151,745287_1993.txt_employees_count_total_38,-0.0004756401979352411,5,-1.535090684890747,-7.675453186035156,-0.0004755898743122711,employees_count_total
-1.534639835357666,-7.67319917678833,-0.5867604613304138,-2.9338021278381348,patch_matched_layer_random_15,4151,745287_1993.txt_employees_count_total_38,0.34354188579768175,5,-1.2090035676956177,-6.045017719268799,0.34354189798893997,employees_count_total
-1.534639835357666,-7.67319917678833,-0.5867604613304138,-2.9338021278381348,patch_matched_layer_random_16,4151,745287_1993.txt_employees_count_total_38,-0.016687148414393286,5,-1.550457239151001,-7.752285957336426,-0.01668709747912214,employees_count_total
-1.534639835357666,-7.67319917678833,-0.5867604613304138,-2.9338021278381348,patch_matched_layer_random_17,4151,745287_1993.txt_employees_count_total_38,-0.15751827495285886,5,-1.6839481592178345,-8.419740676879883,-0.1575182438569725,employees_count_total
-1.534639835357666,-7.67319917678833,-0.5867604613304138,-2.9338021278381348,patch_matched_layer_random_18,4151,745287_1993.txt_employees_count_total_38,0.18032536078447178,5,-1.3637131452560425,-6.818565368652344,0.18032542943944585,employees_count_total
-1.534639835357666,-7.67319917678833,-0.5867604613304138,-2.9338021278381348,patch_matched_layer_random_19,4151,745287_1993.txt_employees_count_total_38,-0.03374492392114912,5,-1.566625952720642,-7.8331298828125,-0.03374494780081688,employees_count_total
-0.731475830078125,-3.657379150390625,-0.3394266366958618,-1.697133183479309,patch_qr,3570,100923_1993.txt_employees_count_total_189,0.9691409068560154,5,-0.3515249192714691,-1.7576245069503784,0.9691409524660912,employees_count_total
-0.731475830078125,-3.657379150390625,-0.3394266366958618,-1.697133183479309,patch_bottom,3570,100923_1993.txt_employees_count_total_189,-0.01154284595318521,5,-0.736001193523407,-3.6800060272216797,-0.01154287635990242,employees_count_total
-0.731475830078125,-3.657379150390625,-0.3394266366958618,-1.697133183479309,patch_same_layer,3570,100923_1993.txt_employees_count_total_189,0.2295012355769538,5,-0.6415000557899475,-3.2075002193450928,0.229501265983671,employees_count_total
-0.731475830078125,-3.657379150390625,-0.3394266366958618,-1.697133183479309,patch_random_00,3570,100923_1993.txt_employees_count_total_189,0.2106496790418965,5,-0.6488907933235168,-3.2444539070129395,0.21064970944861372,employees_count_total
-0.731475830078125,-3.657379150390625,-0.3394266366958618,-1.697133183479309,patch_random_01,3570,100923_1993.txt_employees_count_total_189,0.13424261580474267,5,-0.6788461208343506,-3.394230604171753,0.13424261580474267,employees_count_total
-0.731475830078125,-3.657379150390625,-0.3394266366958618,-1.697133183479309,patch_random_02,3570,100923_1993.txt_employees_count_total_189,-0.14474068695463652,5,-0.7882212996482849,-3.9411065578460693,-0.14474071736135374,employees_count_total
-0.731475830078125,-3.657379150390625,-0.3394266366958618,-1.697133183479309,patch_random_03,3570,100923_1993.txt_employees_count_total_189,0.0658434656116752,5,-0.705661952495575,-3.5283098220825195,0.065843435204958,employees_count_total
-0.731475830078125,-3.657379150390625,-0.3394266366958618,-1.697133183479309,patch_random_04,3570,100923_1993.txt_employees_count_total_189,-0.16882295901752248,5,-0.7976627349853516,-3.988313674926758,-0.16882295901752248,employees_count_total
-0.731475830078125,-3.657379150390625,-0.3394266366958618,-1.697133183479309,patch_random_05,3570,100923_1993.txt_employees_count_total_189,-0.18730705037511247,5,-0.8049094080924988,-4.024547100067139,-0.18730708078182967,employees_count_total
-0.731475830078125,-3.657379150390625,-0.3394266366958618,-1.697133183479309,patch_random_06,3570,100923_1993.txt_employees_count_total_189,0.11437623508284463,5,-0.6866347193717957,-3.433173418045044,0.11437632630299625,employees_count_total
-0.731475830078125,-3.657379150390625,-0.3394266366958618,-1.697133183479309,patch_random_07,3570,100923_1993.txt_employees_count_total_189,-0.13625478031602917,5,-0.7848944067955017,-3.9244720935821533,-0.1362548107227464,employees_count_total
-0.731475830078125,-3.657379150390625,-0.3394266366958618,-1.697133183479309,patch_random_08,3570,100923_1993.txt_employees_count_total_189,0.19301423916160168,5,-0.6558047533035278,-3.2790236473083496,0.19301429997503608,employees_count_total
-0.731475830078125,-3.657379150390625,-0.3394266366958618,-1.697133183479309,patch_random_09,3570,100923_1993.txt_employees_count_total_189,0.22714273855666003,5,-0.6424247026443481,-3.212123394012451,0.22714279937009443,employees_count_total
-0.731475830078125,-3.657379150390625,-0.3394266366958618,-1.697133183479309,patch_random_10,3570,100923_1993.txt_employees_count_total_189,-0.07284050734215797,5,-0.7600328922271729,-3.8001644611358643,-0.07284050734215797,employees_count_total
-0.731475830078125,-3.657379150390625,-0.3394266366958618,-1.697133183479309,patch_random_11,3570,100923_1993.txt_employees_count_total_189,0.14892723581351805,5,-0.6730890274047852,-3.365445137023926,0.14892723581351805,employees_count_total
-0.731475830078125,-3.657379150390625,-0.3394266366958618,-1.697133183479309,patch_random_12,3570,100923_1993.txt_employees_count_total_189,-0.007817110893601728,5,-0.7345405220985413,-3.6727025508880615,-0.00781708048688452,employees_count_total
-0.731475830078125,-3.657379150390625,-0.3394266366958618,-1.697133183479309,patch_random_13,3570,100923_1993.txt_employees_count_total_189,0.030123022537154726,5,-0.7196661233901978,-3.598330497741699,0.030123083350589146,employees_count_total
-0.731475830078125,-3.657379150390625,-0.3394266366958618,-1.697133183479309,patch_random_14,3570,100923_1993.txt_employees_count_total_189,0.008103846236879882,5,-0.7282987236976624,-3.641493558883667,0.00810387664359709,employees_count_total
-0.731475830078125,-3.657379150390625,-0.3394266366958618,-1.697133183479309,patch_random_15,3570,100923_1993.txt_employees_count_total_189,0.057964325014967705,5,-0.7087509632110596,-3.543754816055298,0.057964325014967705,employees_count_total
-0.731475830078125,-3.657379150390625,-0.3394266366958618,-1.697133183479309,patch_random_16,3570,100923_1993.txt_employees_count_total_189,-0.22799154206754121,5,-0.8208597302436829,-4.1042985916137695,-0.22799151166082401,employees_count_total
-0.731475830078125,-3.657379150390625,-0.3394266366958618,-1.697133183479309,patch_random_17,3570,100923_1993.txt_employees_count_total_189,0.0327995738194516,5,-0.718616783618927,-3.5930838584899902,0.03279960422616881,employees_count_total
-0.731475830078125,-3.657379150390625,-0.3394266366958618,-1.697133183479309,patch_random_18,3570,100923_1993.txt_employees_count_total_189,0.02475578084905893,5,-0.7217703461647034,-3.608851671218872,0.024755811255776135,employees_count_total
-0.731475830078125,-3.657379150390625,-0.3394266366958618,-1.697133183479309,patch_random_19,3570,100923_1993.txt_employees_count_total_189,-0.10858269121948268,5,-0.7740455865859985,-3.870227813720703,-0.10858263040604826,employees_count_total
-0.731475830078125,-3.657379150390625,-0.3394266366958618,-1.697133183479309,patch_matched_layer_random_00,3570,100923_1993.txt_employees_count_total_189,0.12310296292174497,5,-0.6832134127616882,-3.416067123413086,0.12310293251502775,employees_count_total
-0.731475830078125,-3.657379150390625,-0.3394266366958618,-1.697133183479309,patch_matched_layer_random_01,3570,100923_1993.txt_employees_count_total_189,-0.022206633711866555,5,-0.7401819229125977,-3.7009096145629883,-0.022206633711866555,employees_count_total
-0.731475830078125,-3.657379150390625,-0.3394266366958618,-1.697133183479309,patch_matched_layer_random_02,3570,100923_1993.txt_employees_count_total_189,-0.10361833853440232,5,-0.7720993161201477,-3.8604965209960938,-0.1036183081276851,employees_count_total
-0.731475830078125,-3.657379150390625,-0.3394266366958618,-1.697133183479309,patch_matched_layer_random_03,3570,100923_1993.txt_employees_count_total_189,0.03881508671843714,5,-0.7162584066390991,-3.581291913986206,0.03881514753187156,employees_count_total
-0.731475830078125,-3.657379150390625,-0.3394266366958618,-1.697133183479309,patch_matched_layer_random_04,3570,100923_1993.txt_employees_count_total_189,0.10283810217082676,5,-0.6911582350730896,-3.4557912349700928,0.10283807176410956,employees_count_total
-0.731475830078125,-3.657379150390625,-0.3394266366958618,-1.697133183479309,patch_matched_layer_random_05,3570,100923_1993.txt_employees_count_total_189,0.05887789483350346,5,-0.7083927989006042,-3.541963815689087,0.05887798605365509,employees_count_total
-0.731475830078125,-3.657379150390625,-0.3394266366958618,-1.697133183479309,patch_matched_layer_random_06,3570,100923_1993.txt_employees_count_total_189,-0.019339432312671056,5,-0.7390578389167786,-3.695289134979248,-0.01933940190595385,employees_count_total
-0.731475830078125,-3.657379150390625,-0.3394266366958618,-1.697133183479309,patch_matched_layer_random_07,3570,100923_1993.txt_employees_count_total_189,0.15624065943655746,5,-0.6702218055725098,-3.351109027862549,0.15624065943655746,employees_count_total
-0.731475830078125,-3.657379150390625,-0.3394266366958618,-1.697133183479309,patch_matched_layer_random_08,3570,100923_1993.txt_employees_count_total_189,0.17236442937082116,5,-0.6639004945755005,-3.319502353668213,0.1723644901842556,employees_count_total
-0.731475830078125,-3.657379150390625,-0.3394266366958618,-1.697133183479309,patch_matched_layer_random_09,3570,100923_1993.txt_employees_count_total_189,0.07853887818065665,5,-0.7006847262382507,-3.5034236907958984,0.07853884777393944,employees_count_total
-0.731475830078125,-3.657379150390625,-0.3394266366958618,-1.697133183479309,patch_matched_layer_random_10,3570,100923_1993.txt_employees_count_total_189,0.003950136632583777,5,-0.7299271821975708,-3.6496357917785645,0.0039501974460181945,employees_count_total
-0.731475830078125,-3.657379150390625,-0.3394266366958618,-1.697133183479309,patch_matched_layer_random_11,3570,100923_1993.txt_employees_count_total_189,-0.15660721241250847,5,-0.7928735613822937,-3.9643678665161133,-0.15660724281922567,employees_count_total
-0.731475830078125,-3.657379150390625,-0.3394266366958618,-1.697133183479309,patch_matched_layer_random_12,3570,100923_1993.txt_employees_count_total_189,-0.07688034379050745,5,-0.7616167068481445,-3.8080835342407227,-0.07688034379050745,employees_count_total
-0.731475830078125,-3.657379150390625,-0.3394266366958618,-1.697133183479309,patch_matched_layer_random_13,3570,100923_1993.txt_employees_count_total_189,0.020796522201312537,5,-0.7233225703239441,-3.6166129112243652,0.020796491794595327,employees_count_total
-0.731475830078125,-3.657379150390625,-0.3394266366958618,-1.697133183479309,patch_matched_layer_random_14,3570,100923_1993.txt_employees_count_total_189,0.1276536322192008,5,-0.6814293265342712,-3.407146453857422,0.12765372343935244,employees_count_total
-0.731475830078125,-3.657379150390625,-0.3394266366958618,-1.697133183479309,patch_matched_layer_random_15,3570,100923_1993.txt_employees_count_total_189,0.04563804999290003,5,-0.7135834693908691,-3.5679173469543457,0.04563804999290003,employees_count_total
-0.731475830078125,-3.657379150390625,-0.3394266366958618,-1.697133183479309,patch_matched_layer_random_16,3570,100923_1993.txt_employees_count_total_189,0.012502786015464248,5,-0.7265741229057312,-3.6328704357147217,0.012502877235615875,employees_count_total
-0.731475830078125,-3.657379150390625,-0.3394266366958618,-1.697133183479309,patch_matched_layer_random_17,3570,100923_1993.txt_employees_count_total_189,-0.4573457611667909,5,-0.9107778668403625,-4.553889274597168,-0.4573457307600737,employees_count_total
-0.731475830078125,-3.657379150390625,-0.3394266366958618,-1.697133183479309,patch_matched_layer_random_18,3570,100923_1993.txt_employees_count_total_189,-0.06367607480903821,5,-0.7564399838447571,-3.7821998596191406,-0.06367604440232101,employees_count_total
-0.731475830078125,-3.657379150390625,-0.3394266366958618,-1.697133183479309,patch_matched_layer_random_19,3570,100923_1993.txt_employees_count_total_189,0.03819478968737942,5,-0.7165015935897827,-3.582507848739624,0.03819485050081384,employees_count_total
-1.637416124343872,-8.187080383300781,-0.3837262988090515,-1.9186314344406128,patch_qr,4426,277509_1993.txt_employees_count_total_227,0.8634024178183058,5,-0.554977297782898,-2.7748863697052,0.8634024234303949,employees_count_total
-1.637416124343872,-8.187080383300781,-0.3837262988090515,-1.9186314344406128,patch_bottom,4426,277509_1993.txt_employees_count_total_227,0.0023165033749852912,5,-1.634511947631836,-8.17255973815918,0.0023164654063653088,employees_count_total
-1.637416124343872,-8.187080383300781,-0.3837262988090515,-1.9186314344406128,patch_same_layer,4426,277509_1993.txt_employees_count_total_227,0.13349865749396497,5,-1.4700502157211304,-7.350251197814941,0.13349860425010013,employees_count_total
-1.637416124343872,-8.187080383300781,-0.3837262988090515,-1.9186314344406128,patch_random_00,4426,277509_1993.txt_employees_count_total_227,0.1260731431043684,5,-1.47935950756073,-7.3967976570129395,0.12607308964868316,employees_count_total
-1.637416124343872,-8.187080383300781,-0.3837262988090515,-1.9186314344406128,patch_random_01,4426,277509_1993.txt_employees_count_total_227,0.08669087416813952,5,-1.5287326574325562,-7.64366340637207,0.08669081958903468,employees_count_total
-1.637416124343872,-8.187080383300781,-0.3837262988090515,-1.9186314344406128,patch_random_02,4426,277509_1993.txt_employees_count_total_227,-0.035031955090528526,5,-1.6813353300094604,-8.406676292419434,-0.035031937072500664,employees_count_total
-1.637416124343872,-8.187080383300781,-0.3837262988090515,-1.9186314344406128,patch_random_03,4426,277509_1993.txt_employees_count_total_227,0.036459397363957605,5,-1.5917073488235474,-7.958536624908447,0.036459379386649,employees_count_total
-1.637416124343872,-8.187080383300781,-0.3837262988090515,-1.9186314344406128,patch_random_04,4426,277509_1993.txt_employees_count_total_227,0.04772033085434255,5,-1.5775896310806274,-7.887948036193848,0.047720313198263614,employees_count_total
-1.637416124343872,-8.187080383300781,-0.3837262988090515,-1.9186314344406128,patch_random_05,4426,277509_1993.txt_employees_count_total_227,0.013892839611237827,5,-1.619998812675476,-8.099993705749512,0.013892859024895633,employees_count_total
-1.637416124343872,-8.187080383300781,-0.3837262988090515,-1.9186314344406128,patch_random_06,4426,277509_1993.txt_employees_count_total_227,0.008950991101068895,5,-1.6261943578720093,-8.130971908569336,0.00895093430435417,employees_count_total
-1.637416124343872,-8.187080383300781,-0.3837262988090515,-1.9186314344406128,patch_random_07,4426,277509_1993.txt_employees_count_total_227,0.048367491266876415,5,-1.5767782926559448,-7.883891582489014,0.04836743559455777,employees_count_total
-1.637416124343872,-8.187080383300781,-0.3837262988090515,-1.9186314344406128,patch_random_08,4426,277509_1993.txt_employees_count_total_227,0.06214384961079805,5,-1.5595070123672485,-7.797534942626953,0.06214383236616478,employees_count_total
-1.637416124343872,-8.187080383300781,-0.3837262988090515,-1.9186314344406128,patch_random_09,4426,277509_1993.txt_employees_count_total_227,0.15999477022881436,5,-1.436832308769226,-7.184161186218262,0.1599947938101796,employees_count_total
-1.637416124343872,-8.187080383300781,-0.3837262988090515,-1.9186314344406128,patch_random_10,4426,277509_1993.txt_employees_count_total_227,0.03312546577649622,5,-1.5958870649337769,-7.979434967041016,0.03312548573878441,employees_count_total
-1.637416124343872,-8.187080383300781,-0.3837262988090515,-1.9186314344406128,patch_random_11,4426,277509_1993.txt_employees_count_total_227,0.08385652835902854,5,-1.5322860479354858,-7.6614298820495605,0.08385654976847232,employees_count_total
-1.637416124343872,-8.187080383300781,-0.3837262988090515,-1.9186314344406128,patch_random_12,4426,277509_1993.txt_employees_count_total_227,-0.006224473665130619,5,-1.6452196836471558,-8.22609806060791,-0.006224454825339805,employees_count_total
-1.637416124343872,-8.187080383300781,-0.3837262988090515,-1.9186314344406128,patch_random_13,4426,277509_1993.txt_employees_count_total_227,-0.029577113570424217,5,-1.6744966506958008,-8.372483253479004,-0.02957715244884233,employees_count_total
-1.637416124343872,-8.187080383300781,-0.3837262988090515,-1.9186314344406128,patch_random_14,4426,277509_1993.txt_employees_count_total_227,-0.003783406649178629,5,-1.642159342765808,-8.210796356201172,-0.003783387739753875,employees_count_total
-1.637416124343872,-8.187080383300781,-0.3837262988090515,-1.9186314344406128,patch_random_15,4426,277509_1993.txt_employees_count_total_227,0.03378051838918293,5,-1.5950658321380615,-7.9753289222717285,0.03378051935280686,employees_count_total
-1.637416124343872,-8.187080383300781,-0.3837262988090515,-1.9186314344406128,patch_random_16,4426,277509_1993.txt_employees_count_total_227,-0.1518994647804625,5,-1.8278509378433228,-9.139254570007324,-0.15189948813090084,employees_count_total
-1.637416124343872,-8.187080383300781,-0.3837262988090515,-1.9186314344406128,patch_random_17,4426,277509_1993.txt_employees_count_total_227,0.0013502318333794901,5,-1.635723352432251,-8.178616523742676,0.0013502318718962376,employees_count_total
-1.637416124343872,-8.187080383300781,-0.3837262988090515,-1.9186314344406128,patch_random_18,4426,277509_1993.txt_employees_count_total_227,0.03410923327988666,5,-1.5946537256240845,-7.973268508911133,0.034109215235537206,employees_count_total
-1.637416124343872,-8.187080383300781,-0.3837262988090515,-1.9186314344406128,patch_random_19,4426,277509_1993.txt_employees_count_total_227,-0.0015181550318124604,5,-1.6393194198608398,-8.1965970993042,-0.0015181931098200063,employees_count_total
-1.637416124343872,-8.187080383300781,-0.3837262988090515,-1.9186314344406128,patch_matched_layer_random_00,4426,277509_1993.txt_employees_count_total_227,0.025379699216841765,5,-1.6055978536605835,-8.027989387512207,0.025379642888772785,employees_count_total
-1.637416124343872,-8.187080383300781,-0.3837262988090515,-1.9186314344406128,patch_matched_layer_random_01,4426,277509_1993.txt_employees_count_total_227,0.1040179618868539,5,-1.5070098638534546,-7.5350494384765625,0.10401790780202201,employees_count_total
-1.637416124343872,-8.187080383300781,-0.3837262988090515,-1.9186314344406128,patch_matched_layer_random_02,4426,277509_1993.txt_employees_count_total_227,-0.15007579602466076,5,-1.8255646228790283,-9.127822875976562,-0.15007580030572673,employees_count_total
-1.637416124343872,-8.187080383300781,-0.3837262988090515,-1.9186314344406128,patch_matched_layer_random_03,4426,277509_1993.txt_employees_count_total_227,0.009677263688628932,5,-1.6252838373184204,-8.126419067382812,0.009677244947332493,employees_count_total
-1.637416124343872,-8.187080383300781,-0.3837262988090515,-1.9186314344406128,patch_matched_layer_random_04,4426,277509_1993.txt_employees_count_total_227,0.02700435140734331,5,-1.6035610437393188,-8.017805099487305,0.02700433316031982,employees_count_total
-1.637416124343872,-8.187080383300781,-0.3837262988090515,-1.9186314344406128,patch_matched_layer_random_05,4426,277509_1993.txt_employees_count_total_227,0.022655749123121887,5,-1.6090128421783447,-8.045063972473145,0.022655749769400366,employees_count_total
-1.637416124343872,-8.187080383300781,-0.3837262988090515,-1.9186314344406128,patch_matched_layer_random_06,4426,277509_1993.txt_employees_count_total_227,0.011893925977343204,5,-1.6225048303604126,-8.112524032592773,0.011893907299279333,employees_count_total
-1.637416124343872,-8.187080383300781,-0.3837262988090515,-1.9186314344406128,patch_matched_layer_random_07,4426,277509_1993.txt_employees_count_total_227,-0.014190556221823122,5,-1.6552066802978516,-8.276033401489258,-0.014190594661323906,employees_count_total
-1.637416124343872,-8.187080383300781,-0.3837262988090515,-1.9186314344406128,patch_matched_layer_random_08,4426,277509_1993.txt_employees_count_total_227,0.06961139234337727,5,-1.5501450300216675,-7.750724792480469,0.06961141334646392,employees_count_total
-1.637416124343872,-8.187080383300781,-0.3837262988090515,-1.9186314344406128,patch_matched_layer_random_09,4426,277509_1993.txt_employees_count_total_227,0.022521296460276917,5,-1.6091814041137695,-8.045907020568848,0.022521259068019377,employees_count_total
-1.637416124343872,-8.187080383300781,-0.3837262988090515,-1.9186314344406128,patch_matched_layer_random_10,4426,277509_1993.txt_employees_count_total_227,0.024680146005702827,5,-1.6064748764038086,-8.032374382019043,0.024680108675028685,employees_count_total
-1.637416124343872,-8.187080383300781,-0.3837262988090515,-1.9186314344406128,patch_matched_layer_random_11,4426,277509_1993.txt_employees_count_total_227,0.003949237939137349,5,-1.6324650049209595,-8.162324905395508,0.003949219034443103,employees_count_total
-1.637416124343872,-8.187080383300781,-0.3837262988090515,-1.9186314344406128,patch_matched_layer_random_12,4426,277509_1993.txt_employees_count_total_227,-0.03517648694874943,5,-1.6815165281295776,-8.40758228302002,-0.03517646893484448,employees_count_total
-1.637416124343872,-8.187080383300781,-0.3837262988090515,-1.9186314344406128,patch_matched_layer_random_13,4426,277509_1993.txt_employees_count_total_227,0.051757999469891375,5,-1.5725276470184326,-7.862637996673584,0.051758000946341386,employees_count_total
-1.637416124343872,-8.187080383300781,-0.3837262988090515,-1.9186314344406128,patch_matched_layer_random_14,4426,277509_1993.txt_employees_count_total_227,0.07816425522709687,5,-1.5394223928451538,-7.697112083435059,0.07816420040476148,employees_count_total
-1.637416124343872,-8.187080383300781,-0.3837262988090515,-1.9186314344406128,patch_matched_layer_random_15,4426,277509_1993.txt_employees_count_total_227,0.050761109995162465,5,-1.573777437210083,-7.868886947631836,0.050761111443175175,employees_count_total
-1.637416124343872,-8.187080383300781,-0.3837262988090515,-1.9186314344406128,patch_matched_layer_random_16,4426,277509_1993.txt_employees_count_total_227,0.024260528183118062,5,-1.6070009469985962,-8.035004615783691,0.024260509857824197,employees_count_total
-1.637416124343872,-8.187080383300781,-0.3837262988090515,-1.9186314344406128,patch_matched_layer_random_17,4426,277509_1993.txt_employees_count_total_227,-0.045013401288663164,5,-1.693848967552185,-8.469244956970215,-0.04501345962476752,employees_count_total
-1.637416124343872,-8.187080383300781,-0.3837262988090515,-1.9186314344406128,patch_matched_layer_random_18,4426,277509_1993.txt_employees_count_total_227,-0.0032691775115084682,5,-1.6415146589279175,-8.207572937011719,-0.0032691585874148007,employees_count_total
-1.637416124343872,-8.187080383300781,-0.3837262988090515,-1.9186314344406128,patch_matched_layer_random_19,4426,277509_1993.txt_employees_count_total_227,-0.007506813559845817,5,-1.6468273401260376,-8.234136581420898,-0.00750683279133568,employees_count_total
-0.5665161609649658,-1.1330323219299316,-0.1266113519668579,-0.2532227039337158,patch_qr,New York,103392_1993.txt_headquarters_state_173,0.9058695570877264,2,-0.16801978647708893,-0.33603957295417786,0.9058695570877264,headquarters_state
-0.5665161609649658,-1.1330323219299316,-0.1266113519668579,-0.2532227039337158,patch_bottom,New York,103392_1993.txt_headquarters_state_173,0.012745959624290246,2,-0.5609091520309448,-1.1218183040618896,0.012745959624290246,headquarters_state
-0.5665161609649658,-1.1330323219299316,-0.1266113519668579,-0.2532227039337158,patch_same_layer,New York,103392_1993.txt_headquarters_state_173,0.4024462568177402,2,-0.3894781172275543,-0.7789562344551086,0.4024462568177402,headquarters_state
-0.5665161609649658,-1.1330323219299316,-0.1266113519668579,-0.2532227039337158,patch_random_00,New York,103392_1993.txt_headquarters_state_173,0.2774947299447264,2,-0.4444448947906494,-0.8888897895812988,0.2774947299447264,headquarters_state
-0.5665161609649658,-1.1330323219299316,-0.1266113519668579,-0.2532227039337158,patch_random_01,New York,103392_1993.txt_headquarters_state_173,-0.010955265434914038,2,-0.5713354349136353,-1.1426708698272705,-0.010955265434914038,headquarters_state
-0.5665161609649658,-1.1330323219299316,-0.1266113519668579,-0.2532227039337158,patch_random_02,New York,103392_1993.txt_headquarters_state_173,-0.1839252677843872,2,-0.6474257707595825,-1.294851541519165,-0.1839252677843872,headquarters_state
-0.5665161609649658,-1.1330323219299316,-0.1266113519668579,-0.2532227039337158,patch_random_03,New York,103392_1993.txt_headquarters_state_173,0.08592798363444257,2,-0.5287160277366638,-1.0574320554733276,0.08592798363444257,headquarters_state
-0.5665161609649658,-1.1330323219299316,-0.1266113519668579,-0.2532227039337158,patch_random_04,New York,103392_1993.txt_headquarters_state_173,0.07433873983148288,2,-0.5338141918182373,-1.0676283836364746,0.07433873983148288,headquarters_state
-0.5665161609649658,-1.1330323219299316,-0.1266113519668579,-0.2532227039337158,patch_random_05,New York,103392_1993.txt_headquarters_state_173,-0.3133198597687002,2,-0.7043470740318298,-1.4086941480636597,-0.3133198597687002,headquarters_state
-0.5665161609649658,-1.1330323219299316,-0.1266113519668579,-0.2532227039337158,patch_random_06,New York,103392_1993.txt_headquarters_state_173,0.22935376751705672,2,-0.46562233567237854,-0.9312446713447571,0.22935376751705672,headquarters_state
-0.5665161609649658,-1.1330323219299316,-0.1266113519668579,-0.2532227039337158,patch_random_07,New York,103392_1993.txt_headquarters_state_173,-0.015836316242880785,2,-0.5734826326370239,-1.1469652652740479,-0.015836316242880785,headquarters_state
-0.5665161609649658,-1.1330323219299316,-0.1266113519668579,-0.2532227039337158,patch_random_08,New York,103392_1993.txt_headquarters_state_173,0.024912816118632407,2,-0.5555568933486938,-1.1111137866973877,0.024912816118632407,headquarters_state
-0.5665161609649658,-1.1330323219299316,-0.1266113519668579,-0.2532227039337158,patch_random_09,New York,103392_1993.txt_headquarters_state_173,0.19342288430213195,2,-0.48142850399017334,-0.9628570079803467,0.19342288430213195,headquarters_state
-0.5665161609649658,-1.1330323219299316,-0.1266113519668579,-0.2532227039337158,patch_random_10,New York,103392_1993.txt_headquarters_state_173,-0.015998232068872353,2,-0.5735538601875305,-1.147107720375061,-0.015998232068872353,headquarters_state
-0.5665161609649658,-1.1330323219299316,-0.1266113519668579,-0.2532227039337158,patch_random_11,New York,103392_1993.txt_headquarters_state_173,0.00022925655027425425,2,-0.5664153099060059,-1.1328306198120117,0.00022925655027425425,headquarters_state
-0.5665161609649658,-1.1330323219299316,-0.1266113519668579,-0.2532227039337158,patch_random_12,New York,103392_1993.txt_headquarters_state_173,0.01936377784444103,2,-0.5579979419708252,-1.1159958839416504,0.01936377784444103,headquarters_state
-0.5665161609649658,-1.1330323219299316,-0.1266113519668579,-0.2532227039337158,patch_random_13,New York,103392_1993.txt_headquarters_state_173,0.2492272753509373,2,-0.4568798840045929,-0.9137597680091858,0.2492272753509373,headquarters_state
-0.5665161609649658,-1.1330323219299316,-0.1266113519668579,-0.2532227039337158,patch_random_14,New York,103392_1993.txt_headquarters_state_173,0.052794992343210605,2,-0.5432913899421692,-1.0865827798843384,0.052794992343210605,headquarters_state
-0.5665161609649658,-1.1330323219299316,-0.1266113519668579,-0.2532227039337158,patch_random_15,New York,103392_1993.txt_headquarters_state_173,-0.04514701008539129,2,-0.5863765478134155,-1.172753095626831,-0.04514701008539129,headquarters_state
-0.5665161609649658,-1.1330323219299316,-0.1266113519668579,-0.2532227039337158,patch_random_16,New York,103392_1993.txt_headquarters_state_173,-0.4417794047947138,2,-0.7608570456504822,-1.5217140913009644,-0.4417794047947138,headquarters_state
-0.5665161609649658,-1.1330323219299316,-0.1266113519668579,-0.2532227039337158,patch_random_17,New York,103392_1993.txt_headquarters_state_173,0.003648729103035102,2,-0.5649110674858093,-1.1298221349716187,0.003648729103035102,headquarters_state
-0.5665161609649658,-1.1330323219299316,-0.1266113519668579,-0.2532227039337158,patch_random_18,New York,103392_1993.txt_headquarters_state_173,-0.06884457679538906,2,-0.596801221370697,-1.193602442741394,-0.06884457679538906,headquarters_state
-0.5665161609649658,-1.1330323219299316,-0.1266113519668579,-0.2532227039337158,patch_random_19,New York,103392_1993.txt_headquarters_state_173,-0.028077559171088527,2,-0.5788676142692566,-1.1577352285385132,-0.028077559171088527,headquarters_state
-0.5665161609649658,-1.1330323219299316,-0.1266113519668579,-0.2532227039337158,patch_matched_layer_random_00,New York,103392_1993.txt_headquarters_state_173,-0.03449674257876765,2,-0.5816914439201355,-1.163382887840271,-0.03449674257876765,headquarters_state
-0.5665161609649658,-1.1330323219299316,-0.1266113519668579,-0.2532227039337158,patch_matched_layer_random_01,New York,103392_1993.txt_headquarters_state_173,-0.3355582871229631,2,-0.7141298651695251,-1.4282597303390503,-0.3355582871229631,headquarters_state
-0.5665161609649658,-1.1330323219299316,-0.1266113519668579,-0.2532227039337158,patch_matched_layer_random_02,New York,103392_1993.txt_headquarters_state_173,-0.21877226342607384,2,-0.6627551317214966,-1.3255102634429932,-0.21877226342607384,headquarters_state
-0.5665161609649658,-1.1330323219299316,-0.1266113519668579,-0.2532227039337158,patch_matched_layer_random_03,New York,103392_1993.txt_headquarters_state_173,0.10326625546821586,2,-0.5210888385772705,-1.042177677154541,0.10326625546821586,headquarters_state
-0.5665161609649658,-1.1330323219299316,-0.1266113519668579,-0.2532227039337158,patch_matched_layer_random_04,New York,103392_1993.txt_headquarters_state_173,0.004119843184183791,2,-0.5647038221359253,-1.1294076442718506,0.004119843184183791,headquarters_state
-0.5665161609649658,-1.1330323219299316,-0.1266113519668579,-0.2532227039337158,patch_matched_layer_random_05,New York,103392_1993.txt_headquarters_state_173,-0.08981599587446605,2,-0.6060266494750977,-1.2120532989501953,-0.08981599587446605,headquarters_state
-0.5665161609649658,-1.1330323219299316,-0.1266113519668579,-0.2532227039337158,patch_matched_layer_random_06,New York,103392_1993.txt_headquarters_state_173,-0.32255380415474655,2,-0.7084091305732727,-1.4168182611465454,-0.32255380415474655,headquarters_state
-0.5665161609649658,-1.1330323219299316,-0.1266113519668579,-0.2532227039337158,patch_matched_layer_random_07,New York,103392_1993.txt_headquarters_state_173,0.06875758938092331,2,-0.5362693667411804,-1.0725387334823608,0.06875758938092331,headquarters_state
-0.5665161609649658,-1.1330323219299316,-0.1266113519668579,-0.2532227039337158,patch_matched_layer_random_08,New York,103392_1993.txt_headquarters_state_173,0.09390603028733759,2,-0.525206446647644,-1.050412893295288,0.09390603028733759,headquarters_state
-0.5665161609649658,-1.1330323219299316,-0.1266113519668579,-0.2532227039337158,patch_matched_layer_random_09,New York,103392_1993.txt_headquarters_state_173,-0.23342408749253765,2,-0.6692005395889282,-1.3384010791778564,-0.23342408749253765,headquarters_state
-0.5665161609649658,-1.1330323219299316,-0.1266113519668579,-0.2532227039337158,patch_matched_layer_random_10,New York,103392_1993.txt_headquarters_state_173,-0.2274659915792931,2,-0.66657954454422,-1.33315908908844,-0.2274659915792931,headquarters_state
-0.5665161609649658,-1.1330323219299316,-0.1266113519668579,-0.2532227039337158,patch_matched_layer_random_11,New York,103392_1993.txt_headquarters_state_173,-0.056462690664353506,2,-0.5913543701171875,-1.182708740234375,-0.056462690664353506,headquarters_state
-0.5665161609649658,-1.1330323219299316,-0.1266113519668579,-0.2532227039337158,patch_matched_layer_random_12,New York,103392_1993.txt_headquarters_state_173,-0.2937764163298953,2,-0.695749819278717,-1.391499638557434,-0.2937764163298953,headquarters_state
-0.5665161609649658,-1.1330323219299316,-0.1266113519668579,-0.2532227039337158,patch_matched_layer_random_13,New York,103392_1993.txt_headquarters_state_173,-0.06882750449909206,2,-0.5967937111854553,-1.1935874223709106,-0.06882750449909206,headquarters_state
-0.5665161609649658,-1.1330323219299316,-0.1266113519668579,-0.2532227039337158,patch_matched_layer_random_14,New York,103392_1993.txt_headquarters_state_173,0.0876301999707874,2,-0.5279672145843506,-1.0559344291687012,0.0876301999707874,headquarters_state
-0.5665161609649658,-1.1330323219299316,-0.1266113519668579,-0.2532227039337158,patch_matched_layer_random_15,New York,103392_1993.txt_headquarters_state_173,-0.45264090809440927,2,-0.765635073184967,-1.531270146369934,-0.45264090809440927,headquarters_state
-0.5665161609649658,-1.1330323219299316,-0.1266113519668579,-0.2532227039337158,patch_matched_layer_random_16,New York,103392_1993.txt_headquarters_state_173,-0.49706112613744174,2,-0.7851757407188416,-1.570351481437683,-0.49706112613744174,headquarters_state
-0.5665161609649658,-1.1330323219299316,-0.1266113519668579,-0.2532227039337158,patch_matched_layer_random_17,New York,103392_1993.txt_headquarters_state_173,-0.40824589201257716,2,-0.7461054921150208,-1.4922109842300415,-0.40824589201257716,headquarters_state
-0.5665161609649658,-1.1330323219299316,-0.1266113519668579,-0.2532227039337158,patch_matched_layer_random_18,New York,103392_1993.txt_headquarters_state_173,-0.04347406054269849,2,-0.5856406092643738,-1.1712812185287476,-0.04347406054269849,headquarters_state
-0.5665161609649658,-1.1330323219299316,-0.1266113519668579,-0.2532227039337158,patch_matched_layer_random_19,New York,103392_1993.txt_headquarters_state_173,-0.21984890204810648,2,-0.6632287502288818,-1.3264575004577637,-0.21984890204810648,headquarters_state
-2.0740888118743896,-2.0740888118743896,-0.3104453980922699,-0.3104453980922699,patch_qr,California,37748_1993.txt_headquarters_state_60,0.9458713013082739,1,-0.40590912103652954,-0.40590912103652954,0.9458713013082739,headquarters_state
-2.0740888118743896,-2.0740888118743896,-0.3104453980922699,-0.3104453980922699,patch_bottom,California,37748_1993.txt_headquarters_state_60,0.0026927550320048547,1,-2.0693397521972656,-2.0693397521972656,0.0026927550320048547,headquarters_state
-2.0740888118743896,-2.0740888118743896,-0.3104453980922699,-0.3104453980922699,patch_same_layer,California,37748_1993.txt_headquarters_state_60,0.11864912149103655,1,-1.8648340702056885,-1.8648340702056885,0.11864912149103655,headquarters_state
-2.0740888118743896,-2.0740888118743896,-0.3104453980922699,-0.3104453980922699,patch_random_00,California,37748_1993.txt_headquarters_state_60,0.26064818320399963,1,-1.6143983602523804,-1.6143983602523804,0.26064818320399963,headquarters_state
-2.0740888118743896,-2.0740888118743896,-0.3104453980922699,-0.3104453980922699,patch_random_01,California,37748_1993.txt_headquarters_state_60,-0.04845512575413726,1,-2.159546375274658,-2.159546375274658,-0.04845512575413726,headquarters_state
-2.0740888118743896,-2.0740888118743896,-0.3104453980922699,-0.3104453980922699,patch_random_02,California,37748_1993.txt_headquarters_state_60,-0.1253985155611659,1,-2.2952470779418945,-2.2952470779418945,-0.1253985155611659,headquarters_state
-2.0740888118743896,-2.0740888118743896,-0.3104453980922699,-0.3104453980922699,patch_random_03,California,37748_1993.txt_headquarters_state_60,0.06724378039270741,1,-1.95549476146698,-1.95549476146698,0.06724378039270741,headquarters_state
-2.0740888118743896,-2.0740888118743896,-0.3104453980922699,-0.3104453980922699,patch_random_04,California,37748_1993.txt_headquarters_state_60,-0.20877036965038373,1,-2.4422852993011475,-2.4422852993011475,-0.20877036965038373,headquarters_state
-2.0740888118743896,-2.0740888118743896,-0.3104453980922699,-0.3104453980922699,patch_random_05,California,37748_1993.txt_headquarters_state_60,-0.13338066394310066,1,-2.3093247413635254,-2.3093247413635254,-0.13338066394310066,headquarters_state
-2.0740888118743896,-2.0740888118743896,-0.3104453980922699,-0.3104453980922699,patch_random_06,California,37748_1993.txt_headquarters_state_60,0.16805764123398922,1,-1.7776950597763062,-1.7776950597763062,0.16805764123398922,headquarters_state
-2.0740888118743896,-2.0740888118743896,-0.3104453980922699,-0.3104453980922699,patch_random_07,California,37748_1993.txt_headquarters_state_60,-0.12823902807346502,1,-2.3002567291259766,-2.3002567291259766,-0.12823902807346502,headquarters_state
-2.0740888118743896,-2.0740888118743896,-0.3104453980922699,-0.3104453980922699,patch_random_08,California,37748_1993.txt_headquarters_state_60,0.12781312693744756,1,-1.8486720323562622,-1.8486720323562622,0.12781312693744756,headquarters_state
-2.0740888118743896,-2.0740888118743896,-0.3104453980922699,-0.3104453980922699,patch_random_09,California,37748_1993.txt_headquarters_state_60,0.020121243258881802,1,-2.038602113723755,-2.038602113723755,0.020121243258881802,headquarters_state
-2.0740888118743896,-2.0740888118743896,-0.3104453980922699,-0.3104453980922699,patch_random_10,California,37748_1993.txt_headquarters_state_60,-0.031237661705429885,1,-2.129180908203125,-2.129180908203125,-0.031237661705429885,headquarters_state
-2.0740888118743896,-2.0740888118743896,-0.3104453980922699,-0.3104453980922699,patch_random_11,California,37748_1993.txt_headquarters_state_60,0.06036744737107184,1,-1.96762216091156,-1.96762216091156,0.06036744737107184,headquarters_state
-2.0740888118743896,-2.0740888118743896,-0.3104453980922699,-0.3104453980922699,patch_random_12,California,37748_1993.txt_headquarters_state_60,0.041006418376082765,1,-2.001768112182617,-2.001768112182617,0.041006418376082765,headquarters_state
-2.0740888118743896,-2.0740888118743896,-0.3104453980922699,-0.3104453980922699,patch_random_13,California,37748_1993.txt_headquarters_state_60,0.031156820924811434,1,-2.019139289855957,-2.019139289855957,0.031156820924811434,headquarters_state
-2.0740888118743896,-2.0740888118743896,-0.3104453980922699,-0.3104453980922699,patch_random_14,California,37748_1993.txt_headquarters_state_60,-0.03276863468286123,1,-2.13188099861145,-2.13188099861145,-0.03276863468286123,headquarters_state
-2.0740888118743896,-2.0740888118743896,-0.3104453980922699,-0.3104453980922699,patch_random_15,California,37748_1993.txt_headquarters_state_60,0.04066913117266632,1,-2.0023629665374756,-2.0023629665374756,0.04066913117266632,headquarters_state
-2.0740888118743896,-2.0740888118743896,-0.3104453980922699,-0.3104453980922699,patch_random_16,California,37748_1993.txt_headquarters_state_60,-0.33225141759902105,1,-2.660061836242676,-2.660061836242676,-0.33225141759902105,headquarters_state
-2.0740888118743896,-2.0740888118743896,-0.3104453980922699,-0.3104453980922699,patch_random_17,California,37748_1993.txt_headquarters_state_60,-0.044527047890541446,1,-2.152618646621704,-2.152618646621704,-0.044527047890541446,headquarters_state
-2.0740888118743896,-2.0740888118743896,-0.3104453980922699,-0.3104453980922699,patch_random_18,California,37748_1993.txt_headquarters_state_60,0.007385981421186669,1,-2.0610625743865967,-2.0610625743865967,0.007385981421186669,headquarters_state
-2.0740888118743896,-2.0740888118743896,-0.3104453980922699,-0.3104453980922699,patch_random_19,California,37748_1993.txt_headquarters_state_60,0.02754953766390388,1,-2.025501251220703,-2.025501251220703,0.02754953766390388,headquarters_state
-2.0740888118743896,-2.0740888118743896,-0.3104453980922699,-0.3104453980922699,patch_matched_layer_random_00,California,37748_1993.txt_headquarters_state_60,0.03293153291136496,1,-2.0160093307495117,-2.0160093307495117,0.03293153291136496,headquarters_state
-2.0740888118743896,-2.0740888118743896,-0.3104453980922699,-0.3104453980922699,patch_matched_layer_random_01,California,37748_1993.txt_headquarters_state_60,-0.2601730746363014,1,-2.5329413414001465,-2.5329413414001465,-0.2601730746363014,headquarters_state
-2.0740888118743896,-2.0740888118743896,-0.3104453980922699,-0.3104453980922699,patch_matched_layer_random_02,California,37748_1993.txt_headquarters_state_60,-0.09892924324495772,1,-2.2485647201538086,-2.2485647201538086,-0.09892924324495772,headquarters_state
-2.0740888118743896,-2.0740888118743896,-0.3104453980922699,-0.3104453980922699,patch_matched_layer_random_03,California,37748_1993.txt_headquarters_state_60,0.08634315833270148,1,-1.921810269355774,-1.921810269355774,0.08634315833270148,headquarters_state
-2.0740888118743896,-2.0740888118743896,-0.3104453980922699,-0.3104453980922699,patch_matched_layer_random_04,California,37748_1993.txt_headquarters_state_60,-0.0033911220431669152,1,-2.0800695419311523,-2.0800695419311523,-0.0033911220431669152,headquarters_state
-2.0740888118743896,-2.0740888118743896,-0.3104453980922699,-0.3104453980922699,patch_matched_layer_random_05,California,37748_1993.txt_headquarters_state_60,0.021323445703764536,1,-2.0364818572998047,-2.0364818572998047,0.021323445703764536,headquarters_state
-2.0740888118743896,-2.0740888118743896,-0.3104453980922699,-0.3104453980922699,patch_matched_layer_random_06,California,37748_1993.txt_headquarters_state_60,0.085710896909704,1,-1.922925353050232,-1.922925353050232,0.085710896909704,headquarters_state
-2.0740888118743896,-2.0740888118743896,-0.3104453980922699,-0.3104453980922699,patch_matched_layer_random_07,California,37748_1993.txt_headquarters_state_60,-0.3321146101241283,1,-2.659820556640625,-2.659820556640625,-0.3321146101241283,headquarters_state
-2.0740888118743896,-2.0740888118743896,-0.3104453980922699,-0.3104453980922699,patch_matched_layer_random_08,California,37748_1993.txt_headquarters_state_60,0.04070103489210772,1,-2.0023066997528076,-2.0023066997528076,0.04070103489210772,headquarters_state
-2.0740888118743896,-2.0740888118743896,-0.3104453980922699,-0.3104453980922699,patch_matched_layer_random_09,California,37748_1993.txt_headquarters_state_60,-0.317384284339331,1,-2.6338415145874023,-2.6338415145874023,-0.317384284339331,headquarters_state
-2.0740888118743896,-2.0740888118743896,-0.3104453980922699,-0.3104453980922699,patch_matched_layer_random_10,California,37748_1993.txt_headquarters_state_60,-0.031661332284791455,1,-2.1299281120300293,-2.1299281120300293,-0.031661332284791455,headquarters_state
-2.0740888118743896,-2.0740888118743896,-0.3104453980922699,-0.3104453980922699,patch_matched_layer_random_11,California,37748_1993.txt_headquarters_state_60,0.058913800357710315,1,-1.9701858758926392,-1.9701858758926392,0.058913800357710315,headquarters_state
-2.0740888118743896,-2.0740888118743896,-0.3104453980922699,-0.3104453980922699,patch_matched_layer_random_12,California,37748_1993.txt_headquarters_state_60,-0.10545220201820428,1,-2.260068893432617,-2.260068893432617,-0.10545220201820428,headquarters_state
-2.0740888118743896,-2.0740888118743896,-0.3104453980922699,-0.3104453980922699,patch_matched_layer_random_13,California,37748_1993.txt_headquarters_state_60,0.13637488208677634,1,-1.8335721492767334,-1.8335721492767334,0.13637488208677634,headquarters_state
-2.0740888118743896,-2.0740888118743896,-0.3104453980922699,-0.3104453980922699,patch_matched_layer_random_14,California,37748_1993.txt_headquarters_state_60,-0.07434864408262976,1,-2.2052133083343506,-2.2052133083343506,-0.07434864408262976,headquarters_state
-2.0740888118743896,-2.0740888118743896,-0.3104453980922699,-0.3104453980922699,patch_matched_layer_random_15,California,37748_1993.txt_headquarters_state_60,-0.12775939079982912,1,-2.299410820007324,-2.299410820007324,-0.12775939079982912,headquarters_state
-2.0740888118743896,-2.0740888118743896,-0.3104453980922699,-0.3104453980922699,patch_matched_layer_random_16,California,37748_1993.txt_headquarters_state_60,-0.15984533996074524,1,-2.355998992919922,-2.355998992919922,-0.15984533996074524,headquarters_state
-2.0740888118743896,-2.0740888118743896,-0.3104453980922699,-0.3104453980922699,patch_matched_layer_random_17,California,37748_1993.txt_headquarters_state_60,-0.339820575036492,1,-2.6734111309051514,-2.6734111309051514,-0.339820575036492,headquarters_state
-2.0740888118743896,-2.0740888118743896,-0.3104453980922699,-0.3104453980922699,patch_matched_layer_random_18,California,37748_1993.txt_headquarters_state_60,0.05474083441035142,1,-1.9775454998016357,-1.9775454998016357,0.05474083441035142,headquarters_state
-2.0740888118743896,-2.0740888118743896,-0.3104453980922699,-0.3104453980922699,patch_matched_layer_random_19,California,37748_1993.txt_headquarters_state_60,-0.2815796592699662,1,-2.570694923400879,-2.570694923400879,-0.2815796592699662,headquarters_state
-2.386364459991455,-4.77272891998291,-1.7692137956619263,-3.5384275913238525,patch_qr,NJ,276999_1993.txt_headquarters_state_160,0.7267057302104389,2,-1.9378775358200073,-3.8757550716400146,0.7267057302104389,headquarters_state
-2.386364459991455,-4.77272891998291,-1.7692137956619263,-3.5384275913238525,patch_bottom,NJ,276999_1993.txt_headquarters_state_160,0.025685744832708298,2,-2.3705124855041504,-4.741024971008301,0.025685744832708298,headquarters_state
-2.386364459991455,-4.77272891998291,-1.7692137956619263,-3.5384275913238525,patch_same_layer,NJ,276999_1993.txt_headquarters_state_160,0.4223556533807479,2,-2.1257073879241943,-4.251414775848389,0.4223556533807479,headquarters_state
-2.386364459991455,-4.77272891998291,-1.7692137956619263,-3.5384275913238525,patch_random_00,NJ,276999_1993.txt_headquarters_state_160,0.22725363069788015,2,-2.246114730834961,-4.492229461669922,0.22725363069788015,headquarters_state
-2.386364459991455,-4.77272891998291,-1.7692137956619263,-3.5384275913238525,patch_random_01,NJ,276999_1993.txt_headquarters_state_160,-0.017540542028400427,2,-2.3971896171569824,-4.794379234313965,-0.017540542028400427,headquarters_state
-2.386364459991455,-4.77272891998291,-1.7692137956619263,-3.5384275913238525,patch_random_02,NJ,276999_1993.txt_headquarters_state_160,0.23881932418845922,2,-2.2389769554138184,-4.477953910827637,0.23881932418845922,headquarters_state
-2.386364459991455,-4.77272891998291,-1.7692137956619263,-3.5384275913238525,patch_random_03,NJ,276999_1993.txt_headquarters_state_160,0.15586296016928608,2,-2.2901735305786133,-4.580347061157227,0.15586296016928608,headquarters_state
-2.386364459991455,-4.77272891998291,-1.7692137956619263,-3.5384275913238525,patch_random_04,NJ,276999_1993.txt_headquarters_state_160,-0.05615569529663215,2,-2.421020984649658,-4.842041969299316,-0.05615569529663215,headquarters_state
-2.386364459991455,-4.77272891998291,-1.7692137956619263,-3.5384275913238525,patch_random_05,NJ,276999_1993.txt_headquarters_state_160,-0.37294397275660685,2,-2.6165270805358887,-5.233054161071777,-0.37294397275660685,headquarters_state
-2.386364459991455,-4.77272891998291,-1.7692137956619263,-3.5384275913238525,patch_random_06,NJ,276999_1993.txt_headquarters_state_160,0.15336345997274503,2,-2.2917160987854004,-4.583432197570801,0.15336345997274503,headquarters_state
-2.386364459991455,-4.77272891998291,-1.7692137956619263,-3.5384275913238525,patch_random_07,NJ,276999_1993.txt_headquarters_state_160,-0.04399274874517943,2,-2.4135146141052246,-4.827029228210449,-0.04399274874517943,headquarters_state
-2.386364459991455,-4.77272891998291,-1.7692137956619263,-3.5384275913238525,patch_random_08,NJ,276999_1993.txt_headquarters_state_160,0.3077634205679506,2,-2.196428060531616,-4.392856121063232,0.3077634205679506,headquarters_state
-2.386364459991455,-4.77272891998291,-1.7692137956619263,-3.5384275913238525,patch_random_09,NJ,276999_1993.txt_headquarters_state_160,0.33670971898007257,2,-2.1785638332366943,-4.357127666473389,0.33670971898007257,headquarters_state
-2.386364459991455,-4.77272891998291,-1.7692137956619263,-3.5384275913238525,patch_random_10,NJ,276999_1993.txt_headquarters_state_160,-0.11880506892458714,2,-2.4596850872039795,-4.919370174407959,-0.11880506892458714,headquarters_state
-2.386364459991455,-4.77272891998291,-1.7692137956619263,-3.5384275913238525,patch_random_11,NJ,276999_1993.txt_headquarters_state_160,0.2303816759979409,2,-2.2441842555999756,-4.488368511199951,0.2303816759979409,headquarters_state
-2.386364459991455,-4.77272891998291,-1.7692137956619263,-3.5384275913238525,patch_random_12,NJ,276999_1993.txt_headquarters_state_160,-0.03679441997204964,2,-2.409072160720825,-4.81814432144165,-0.03679441997204964,headquarters_state
-2.386364459991455,-4.77272891998291,-1.7692137956619263,-3.5384275913238525,patch_random_13,NJ,276999_1993.txt_headquarters_state_160,0.2009165477923174,2,-2.262368679046631,-4.524737358093262,0.2009165477923174,headquarters_state
-2.386364459991455,-4.77272891998291,-1.7692137956619263,-3.5384275913238525,patch_random_14,NJ,276999_1993.txt_headquarters_state_160,-0.008595267368290924,2,-2.3916690349578857,-4.7833380699157715,-0.008595267368290924,headquarters_state
-2.386364459991455,-4.77272891998291,-1.7692137956619263,-3.5384275913238525,patch_random_15,NJ,276999_1993.txt_headquarters_state_160,0.03568838147704236,2,-2.3643393516540527,-4.7286787033081055,0.03568838147704236,headquarters_state
-2.386364459991455,-4.77272891998291,-1.7692137956619263,-3.5384275913238525,patch_random_16,NJ,276999_1993.txt_headquarters_state_160,-0.3267611673477193,2,-2.5880253314971924,-5.176050662994385,-0.3267611673477193,headquarters_state
-2.386364459991455,-4.77272891998291,-1.7692137956619263,-3.5384275913238525,patch_random_17,NJ,276999_1993.txt_headquarters_state_160,-0.023880078075578008,2,-2.401102066040039,-4.802204132080078,-0.023880078075578008,headquarters_state
-2.386364459991455,-4.77272891998291,-1.7692137956619263,-3.5384275913238525,patch_random_18,NJ,276999_1993.txt_headquarters_state_160,0.17952862980451165,2,-2.2755682468414307,-4.551136493682861,0.17952862980451165,headquarters_state
-2.386364459991455,-4.77272891998291,-1.7692137956619263,-3.5384275913238525,patch_random_19,NJ,276999_1993.txt_headquarters_state_160,-0.0750247970121894,2,-2.432666063308716,-4.865332126617432,-0.0750247970121894,headquarters_state
-2.386364459991455,-4.77272891998291,-1.7692137956619263,-3.5384275913238525,patch_matched_layer_random_00,NJ,276999_1993.txt_headquarters_state_160,-0.004788841489385334,2,-2.389319896697998,-4.778639793395996,-0.004788841489385334,headquarters_state
-2.386364459991455,-4.77272891998291,-1.7692137956619263,-3.5384275913238525,patch_matched_layer_random_01,NJ,276999_1993.txt_headquarters_state_160,0.10113897240408844,2,-2.323946475982666,-4.647892951965332,0.10113897240408844,headquarters_state
-2.386364459991455,-4.77272891998291,-1.7692137956619263,-3.5384275913238525,patch_matched_layer_random_02,NJ,276999_1993.txt_headquarters_state_160,-0.016170259617715545,2,-2.396343946456909,-4.792687892913818,-0.016170259617715545,headquarters_state
-2.386364459991455,-4.77272891998291,-1.7692137956619263,-3.5384275913238525,patch_matched_layer_random_03,NJ,276999_1993.txt_headquarters_state_160,0.19423202663300518,2,-2.266494035720825,-4.53298807144165,0.19423202663300518,headquarters_state
-2.386364459991455,-4.77272891998291,-1.7692137956619263,-3.5384275913238525,patch_matched_layer_random_04,NJ,276999_1993.txt_headquarters_state_160,0.14801831550298578,2,-2.2950148582458496,-4.590029716491699,0.14801831550298578,headquarters_state
-2.386364459991455,-4.77272891998291,-1.7692137956619263,-3.5384275913238525,patch_matched_layer_random_05,NJ,276999_1993.txt_headquarters_state_160,0.003280255976635275,2,-2.3843400478363037,-4.768680095672607,0.003280255976635275,headquarters_state
-2.386364459991455,-4.77272891998291,-1.7692137956619263,-3.5384275913238525,patch_matched_layer_random_06,NJ,276999_1993.txt_headquarters_state_160,0.17058644571651535,2,-2.2810869216918945,-4.562173843383789,0.17058644571651535,headquarters_state
-2.386364459991455,-4.77272891998291,-1.7692137956619263,-3.5384275913238525,patch_matched_layer_random_07,NJ,276999_1993.txt_headquarters_state_160,0.4645840717708109,2,-2.0996460914611816,-4.199292182922363,0.4645840717708109,headquarters_state
-2.386364459991455,-4.77272891998291,-1.7692137956619263,-3.5384275913238525,patch_matched_layer_random_08,NJ,276999_1993.txt_headquarters_state_160,0.3066994911179855,2,-2.197084665298462,-4.394169330596924,0.3066994911179855,headquarters_state
-2.386364459991455,-4.77272891998291,-1.7692137956619263,-3.5384275913238525,patch_matched_layer_random_09,NJ,276999_1993.txt_headquarters_state_160,-0.12966031715064705,2,-2.4663844108581543,-4.932768821716309,-0.12966031715064705,headquarters_state
-2.386364459991455,-4.77272891998291,-1.7692137956619263,-3.5384275913238525,patch_matched_layer_random_10,NJ,276999_1993.txt_headquarters_state_160,0.24495024661799658,2,-2.2351932525634766,-4.470386505126953,0.24495024661799658,headquarters_state
-2.386364459991455,-4.77272891998291,-1.7692137956619263,-3.5384275913238525,patch_matched_layer_random_11,NJ,276999_1993.txt_headquarters_state_160,0.046827189694487285,2,-2.3574650287628174,-4.714930057525635,0.046827189694487285,headquarters_state
-2.386364459991455,-4.77272891998291,-1.7692137956619263,-3.5384275913238525,patch_matched_layer_random_12,NJ,276999_1993.txt_headquarters_state_160,-0.2468849447608525,2,-2.538729667663574,-5.077459335327148,-0.2468849447608525,headquarters_state
-2.386364459991455,-4.77272891998291,-1.7692137956619263,-3.5384275913238525,patch_matched_layer_random_13,NJ,276999_1993.txt_headquarters_state_160,-0.03698796705063806,2,-2.409191608428955,-4.81838321685791,-0.03698796705063806,headquarters_state
-2.386364459991455,-4.77272891998291,-1.7692137956619263,-3.5384275913238525,patch_matched_layer_random_14,NJ,276999_1993.txt_headquarters_state_160,-0.010282333420577609,2,-2.3927102088928223,-4.7854204177856445,-0.010282333420577609,headquarters_state
-2.386364459991455,-4.77272891998291,-1.7692137956619263,-3.5384275913238525,patch_matched_layer_random_15,NJ,276999_1993.txt_headquarters_state_160,0.06355761550771823,2,-2.347139835357666,-4.694279670715332,0.06355761550771823,headquarters_state
-2.386364459991455,-4.77272891998291,-1.7692137956619263,-3.5384275913238525,patch_matched_layer_random_16,NJ,276999_1993.txt_headquarters_state_160,-0.3228430945512248,2,-2.5856072902679443,-5.171214580535889,-0.3228430945512248,headquarters_state
-2.386364459991455,-4.77272891998291,-1.7692137956619263,-3.5384275913238525,patch_matched_layer_random_17,NJ,276999_1993.txt_headquarters_state_160,-0.7634184431822462,2,-2.857508659362793,-5.715017318725586,-0.7634184431822462,headquarters_state
-2.386364459991455,-4.77272891998291,-1.7692137956619263,-3.5384275913238525,patch_matched_layer_random_18,NJ,276999_1993.txt_headquarters_state_160,0.06715272351838456,2,-2.344921112060547,-4.689842224121094,0.06715272351838456,headquarters_state
-2.386364459991455,-4.77272891998291,-1.7692137956619263,-3.5384275913238525,patch_matched_layer_random_19,NJ,276999_1993.txt_headquarters_state_160,-0.19733380207010384,2,-2.5081491470336914,-5.016298294067383,-0.19733380207010384,headquarters_state
-2.4795424938201904,-2.4795424938201904,-1.421582579612732,-1.421582579612732,patch_qr,Florida,828530_1993.txt_headquarters_state_109,1.7043197877678746,1,-0.6764404773712158,-0.6764404773712158,1.7043197877678746,headquarters_state
-2.4795424938201904,-2.4795424938201904,-1.421582579612732,-1.421582579612732,patch_bottom,Florida,828530_1993.txt_headquarters_state_109,-0.01676858245206574,1,-2.4972829818725586,-2.4972829818725586,-0.01676858245206574,headquarters_state
-2.4795424938201904,-2.4795424938201904,-1.421582579612732,-1.421582579612732,patch_same_layer,Florida,828530_1993.txt_headquarters_state_109,0.27700443423527554,1,-2.1864829063415527,-2.1864829063415527,0.27700443423527554,headquarters_state
-2.4795424938201904,-2.4795424938201904,-1.421582579612732,-1.421582579612732,patch_random_00,Florida,828530_1993.txt_headquarters_state_109,0.24518584114072964,1,-2.2201457023620605,-2.2201457023620605,0.24518584114072964,headquarters_state
-2.4795424938201904,-2.4795424938201904,-1.421582579612732,-1.421582579612732,patch_random_01,Florida,828530_1993.txt_headquarters_state_109,-0.11088055847048461,1,-2.5968496799468994,-2.5968496799468994,-0.11088055847048461,headquarters_state
-2.4795424938201904,-2.4795424938201904,-1.421582579612732,-1.421582579612732,patch_random_02,Florida,828530_1993.txt_headquarters_state_109,-0.026021286537820355,1,-2.5070719718933105,-2.5070719718933105,-0.026021286537820355,headquarters_state
-2.4795424938201904,-2.4795424938201904,-1.421582579612732,-1.421582579612732,patch_random_03,Florida,828530_1993.txt_headquarters_state_109,0.1673270563170303,1,-2.3025171756744385,-2.3025171756744385,0.1673270563170303,headquarters_state
-2.4795424938201904,-2.4795424938201904,-1.421582579612732,-1.421582579612732,patch_random_04,Florida,828530_1993.txt_headquarters_state_109,0.08131395699581659,1,-2.3935155868530273,-2.3935155868530273,0.08131395699581659,headquarters_state
-2.4795424938201904,-2.4795424938201904,-1.421582579612732,-1.421582579612732,patch_random_05,Florida,828530_1993.txt_headquarters_state_109,-0.04590565365279328,1,-2.528108835220337,-2.528108835220337,-0.04590565365279328,headquarters_state
-2.4795424938201904,-2.4795424938201904,-1.421582579612732,-1.421582579612732,patch_random_06,Florida,828530_1993.txt_headquarters_state_109,-0.04639783314822141,1,-2.5286295413970947,-2.5286295413970947,-0.04639783314822141,headquarters_state
-2.4795424938201904,-2.4795424938201904,-1.421582579612732,-1.421582579612732,patch_random_07,Florida,828530_1993.txt_headquarters_state_109,-0.12696495733824642,1,-2.6138663291931152,-2.6138663291931152,-0.12696495733824642,headquarters_state
-2.4795424938201904,-2.4795424938201904,-1.421582579612732,-1.421582579612732,patch_random_08,Florida,828530_1993.txt_headquarters_state_109,-0.02942304912183482,1,-2.5106709003448486,-2.5106709003448486,-0.02942304912183482,headquarters_state
-2.4795424938201904,-2.4795424938201904,-1.421582579612732,-1.421582579612732,patch_random_09,Florida,828530_1993.txt_headquarters_state_109,-0.06960756685409977,1,-2.5531845092773438,-2.5531845092773438,-0.06960756685409977,headquarters_state
-2.4795424938201904,-2.4795424938201904,-1.421582579612732,-1.421582579612732,patch_random_10,Florida,828530_1993.txt_headquarters_state_109,-0.037107945172015495,1,-2.518801212310791,-2.518801212310791,-0.037107945172015495,headquarters_state
-2.4795424938201904,-2.4795424938201904,-1.421582579612732,-1.421582579612732,patch_random_11,Florida,828530_1993.txt_headquarters_state_109,0.27909845065996336,1,-2.184267520904541,-2.184267520904541,0.27909845065996336,headquarters_state
-2.4795424938201904,-2.4795424938201904,-1.421582579612732,-1.421582579612732,patch_random_12,Florida,828530_1993.txt_headquarters_state_109,0.04097552049277444,1,-2.436192035675049,-2.436192035675049,0.04097552049277444,headquarters_state
-2.4795424938201904,-2.4795424938201904,-1.421582579612732,-1.421582579612732,patch_random_13,Florida,828530_1993.txt_headquarters_state_109,0.016958558328735114,1,-2.4616010189056396,-2.4616010189056396,0.016958558328735114,headquarters_state
-2.4795424938201904,-2.4795424938201904,-1.421582579612732,-1.421582579612732,patch_random_14,Florida,828530_1993.txt_headquarters_state_109,-0.06908902059998799,1,-2.552635908126831,-2.552635908126831,-0.06908902059998799,headquarters_state
-2.4795424938201904,-2.4795424938201904,-1.421582579612732,-1.421582579612732,patch_random_15,Florida,828530_1993.txt_headquarters_state_109,0.081941801352164,1,-2.3928513526916504,-2.3928513526916504,0.081941801352164,headquarters_state
-2.4795424938201904,-2.4795424938201904,-1.421582579612732,-1.421582579612732,patch_random_16,Florida,828530_1993.txt_headquarters_state_109,0.02078466797771806,1,-2.4575531482696533,-2.4575531482696533,0.02078466797771806,headquarters_state
-2.4795424938201904,-2.4795424938201904,-1.421582579612732,-1.421582579612732,patch_random_17,Florida,828530_1993.txt_headquarters_state_109,-0.09241278490325033,1,-2.5773115158081055,-2.5773115158081055,-0.09241278490325033,headquarters_state
-2.4795424938201904,-2.4795424938201904,-1.421582579612732,-1.421582579612732,patch_random_18,Florida,828530_1993.txt_headquarters_state_109,-0.21309298868449142,1,-2.704986333847046,-2.704986333847046,-0.21309298868449142,headquarters_state
-2.4795424938201904,-2.4795424938201904,-1.421582579612732,-1.421582579612732,patch_random_19,Florida,828530_1993.txt_headquarters_state_109,0.04302085982450781,1,-2.434028148651123,-2.434028148651123,0.04302085982450781,headquarters_state
-2.4795424938201904,-2.4795424938201904,-1.421582579612732,-1.421582579612732,patch_matched_layer_random_00,Florida,828530_1993.txt_headquarters_state_109,0.1545878554484146,1,-2.3159947395324707,-2.3159947395324707,0.1545878554484146,headquarters_state
-2.4795424938201904,-2.4795424938201904,-1.421582579612732,-1.421582579612732,patch_matched_layer_random_01,Florida,828530_1993.txt_headquarters_state_109,-0.2789235736963863,1,-2.774632453918457,-2.774632453918457,-0.2789235736963863,headquarters_state
-2.4795424938201904,-2.4795424938201904,-1.421582579612732,-1.421582579612732,patch_matched_layer_random_02,Florida,828530_1993.txt_headquarters_state_109,-0.1176924218442511,1,-2.6040563583374023,-2.6040563583374023,-0.1176924218442511,headquarters_state
-2.4795424938201904,-2.4795424938201904,-1.421582579612732,-1.421582579612732,patch_matched_layer_random_03,Florida,828530_1993.txt_headquarters_state_109,0.0541805340981346,1,-2.4222216606140137,-2.4222216606140137,0.0541805340981346,headquarters_state
-2.4795424938201904,-2.4795424938201904,-1.421582579612732,-1.421582579612732,patch_matched_layer_random_04,Florida,828530_1993.txt_headquarters_state_109,-0.06611566150535488,1,-2.549490213394165,-2.549490213394165,-0.06611566150535488,headquarters_state
-2.4795424938201904,-2.4795424938201904,-1.421582579612732,-1.421582579612732,patch_matched_layer_random_05,Florida,828530_1993.txt_headquarters_state_109,-0.11924963810496922,1,-2.605703830718994,-2.605703830718994,-0.11924963810496922,headquarters_state
-2.4795424938201904,-2.4795424938201904,-1.421582579612732,-1.421582579612732,patch_matched_layer_random_06,Florida,828530_1993.txt_headquarters_state_109,-0.1296545920808905,1,-2.6167118549346924,-2.6167118549346924,-0.1296545920808905,headquarters_state
-2.4795424938201904,-2.4795424938201904,-1.421582579612732,-1.421582579612732,patch_matched_layer_random_07,Florida,828530_1993.txt_headquarters_state_109,-0.7923889308741335,1,-3.3178582191467285,-3.3178582191467285,-0.7923889308741335,headquarters_state
-2.4795424938201904,-2.4795424938201904,-1.421582579612732,-1.421582579612732,patch_matched_layer_random_08,Florida,828530_1993.txt_headquarters_state_109,0.13835066459443474,1,-2.3331730365753174,-2.3331730365753174,0.13835066459443474,headquarters_state
-2.4795424938201904,-2.4795424938201904,-1.421582579612732,-1.421582579612732,patch_matched_layer_random_09,Florida,828530_1993.txt_headquarters_state_109,0.12118274969461322,1,-2.3513360023498535,-2.3513360023498535,0.12118274969461322,headquarters_state
-2.4795424938201904,-2.4795424938201904,-1.421582579612732,-1.421582579612732,patch_matched_layer_random_10,Florida,828530_1993.txt_headquarters_state_109,0.0767932973445857,1,-2.3982982635498047,-2.3982982635498047,0.0767932973445857,headquarters_state
-2.4795424938201904,-2.4795424938201904,-1.421582579612732,-1.421582579612732,patch_matched_layer_random_11,Florida,828530_1993.txt_headquarters_state_109,0.24432542845137772,1,-2.2210559844970703,-2.2210559844970703,0.24432542845137772,headquarters_state
-2.4795424938201904,-2.4795424938201904,-1.421582579612732,-1.421582579612732,patch_matched_layer_random_12,Florida,828530_1993.txt_headquarters_state_109,-0.28107573220432525,1,-2.776909351348877,-2.776909351348877,-0.28107573220432525,headquarters_state
-2.4795424938201904,-2.4795424938201904,-1.421582579612732,-1.421582579612732,patch_matched_layer_random_13,Florida,828530_1993.txt_headquarters_state_109,0.030802909492945823,1,-2.4469542503356934,-2.4469542503356934,0.030802909492945823,headquarters_state
-2.4795424938201904,-2.4795424938201904,-1.421582579612732,-1.421582579612732,patch_matched_layer_random_14,Florida,828530_1993.txt_headquarters_state_109,-0.3158034576736338,1,-2.813649892807007,-2.813649892807007,-0.3158034576736338,headquarters_state
-2.4795424938201904,-2.4795424938201904,-1.421582579612732,-1.421582579612732,patch_matched_layer_random_15,Florida,828530_1993.txt_headquarters_state_109,-0.4819485169881364,1,-2.989424705505371,-2.989424705505371,-0.4819485169881364,headquarters_state
-2.4795424938201904,-2.4795424938201904,-1.421582579612732,-1.421582579612732,patch_matched_layer_random_16,Florida,828530_1993.txt_headquarters_state_109,0.031030069260066497,1,-2.446713924407959,-2.446713924407959,0.031030069260066497,headquarters_state
-2.4795424938201904,-2.4795424938201904,-1.421582579612732,-1.421582579612732,patch_matched_layer_random_17,Florida,828530_1993.txt_headquarters_state_109,-0.2570256425742475,1,-2.751465320587158,-2.751465320587158,-0.2570256425742475,headquarters_state
-2.4795424938201904,-2.4795424938201904,-1.421582579612732,-1.421582579612732,patch_matched_layer_random_18,Florida,828530_1993.txt_headquarters_state_109,-0.15017311354574198,1,-2.6384196281433105,-2.6384196281433105,-0.15017311354574198,headquarters_state
-2.4795424938201904,-2.4795424938201904,-1.421582579612732,-1.421582579612732,patch_matched_layer_random_19,Florida,828530_1993.txt_headquarters_state_109,-0.35207713155806925,1,-2.8520259857177734,-2.8520259857177734,-0.35207713155806925,headquarters_state
-0.4580353796482086,-0.9160707592964172,-0.04967297613620758,-0.09934595227241516,patch_qr,New Jersey,812427_1993.txt_headquarters_state_247,1.0414667544519767,2,-0.032739512622356415,-0.06547902524471283,1.0414667544519767,headquarters_state
-0.4580353796482086,-0.9160707592964172,-0.04967297613620758,-0.09934595227241516,patch_bottom,New Jersey,812427_1993.txt_headquarters_state_247,-0.03685647484958531,2,-0.4730861783027649,-0.9461723566055298,-0.03685647484958531,headquarters_state
-0.4580353796482086,-0.9160707592964172,-0.04967297613620758,-0.09934595227241516,patch_same_layer,New Jersey,812427_1993.txt_headquarters_state_247,0.3990167831203781,2,-0.2950919270515442,-0.5901838541030884,0.3990167831203781,headquarters_state
-0.4580353796482086,-0.9160707592964172,-0.04967297613620758,-0.09934595227241516,patch_random_00,New Jersey,812427_1993.txt_headquarters_state_247,0.4408045222254824,2,-0.27802738547325134,-0.5560547709465027,0.4408045222254824,headquarters_state
-0.4580353796482086,-0.9160707592964172,-0.04967297613620758,-0.09934595227241516,patch_random_01,New Jersey,812427_1993.txt_headquarters_state_247,-0.06953111792315321,2,-0.48642927408218384,-0.9728585481643677,-0.06953111792315321,headquarters_state
-0.4580353796482086,-0.9160707592964172,-0.04967297613620758,-0.09934595227241516,patch_random_02,New Jersey,812427_1993.txt_headquarters_state_247,0.05918786960079201,2,-0.4338652789592743,-0.8677305579185486,0.05918786960079201,headquarters_state
-0.4580353796482086,-0.9160707592964172,-0.04967297613620758,-0.09934595227241516,patch_random_03,New Jersey,812427_1993.txt_headquarters_state_247,0.11812242533106594,2,-0.40979862213134766,-0.8195972442626953,0.11812242533106594,headquarters_state
-0.4580353796482086,-0.9160707592964172,-0.04967297613620758,-0.09934595227241516,patch_random_04,New Jersey,812427_1993.txt_headquarters_state_247,-0.3194695136100011,2,-0.5884947180747986,-1.1769894361495972,-0.3194695136100011,headquarters_state
-0.4580353796482086,-0.9160707592964172,-0.04967297613620758,-0.09934595227241516,patch_random_05,New Jersey,812427_1993.txt_headquarters_state_247,-0.3656605060650646,2,-0.607357382774353,-1.214714765548706,-0.3656605060650646,headquarters_state
-0.4580353796482086,-0.9160707592964172,-0.04967297613620758,-0.09934595227241516,patch_random_06,New Jersey,812427_1993.txt_headquarters_state_247,0.34853872160860366,2,-0.315705269575119,-0.631410539150238,0.34853872160860366,headquarters_state
-0.4580353796482086,-0.9160707592964172,-0.04967297613620758,-0.09934595227241516,patch_random_07,New Jersey,812427_1993.txt_headquarters_state_247,0.2432255416280769,2,-0.35871121287345886,-0.7174224257469177,0.2432255416280769,headquarters_state
-0.4580353796482086,-0.9160707592964172,-0.04967297613620758,-0.09934595227241516,patch_random_08,New Jersey,812427_1993.txt_headquarters_state_247,0.33973615583320504,2,-0.3192999064922333,-0.6385998129844666,0.33973615583320504,headquarters_state
-0.4580353796482086,-0.9160707592964172,-0.04967297613620758,-0.09934595227241516,patch_random_09,New Jersey,812427_1993.txt_headquarters_state_247,0.39369989210259526,2,-0.29726314544677734,-0.5945262908935547,0.39369989210259526,headquarters_state
-0.4580353796482086,-0.9160707592964172,-0.04967297613620758,-0.09934595227241516,patch_random_10,New Jersey,812427_1993.txt_headquarters_state_247,-0.40368604887541887,2,-0.6228855848312378,-1.2457711696624756,-0.40368604887541887,headquarters_state
-0.4580353796482086,-0.9160707592964172,-0.04967297613620758,-0.09934595227241516,patch_random_11,New Jersey,812427_1993.txt_headquarters_state_247,0.26672899652348425,2,-0.3491132855415344,-0.6982265710830688,0.26672899652348425,headquarters_state
-0.4580353796482086,-0.9160707592964172,-0.04967297613620758,-0.09934595227241516,patch_random_12,New Jersey,812427_1993.txt_headquarters_state_247,0.0694332516309133,2,-0.4296814501285553,-0.8593629002571106,0.0694332516309133,headquarters_state
-0.4580353796482086,-0.9160707592964172,-0.04967297613620758,-0.09934595227241516,patch_random_13,New Jersey,812427_1993.txt_headquarters_state_247,0.17999508625096458,2,-0.3845321536064148,-0.7690643072128296,0.17999508625096458,headquarters_state
-0.4580353796482086,-0.9160707592964172,-0.04967297613620758,-0.09934595227241516,patch_random_14,New Jersey,812427_1993.txt_headquarters_state_247,0.17358086669468858,2,-0.38715147972106934,-0.7743029594421387,0.17358086669468858,headquarters_state
-0.4580353796482086,-0.9160707592964172,-0.04967297613620758,-0.09934595227241516,patch_random_15,New Jersey,812427_1993.txt_headquarters_state_247,-0.07752156132715304,2,-0.4896922707557678,-0.9793845415115356,-0.07752156132715304,headquarters_state
-0.4580353796482086,-0.9160707592964172,-0.04967297613620758,-0.09934595227241516,patch_random_16,New Jersey,812427_1993.txt_headquarters_state_247,-0.7691062315248638,2,-0.7721094489097595,-1.544218897819519,-0.7691062315248638,headquarters_state
-0.4580353796482086,-0.9160707592964172,-0.04967297613620758,-0.09934595227241516,patch_random_17,New Jersey,812427_1993.txt_headquarters_state_247,0.0577246919027174,2,-0.4344627857208252,-0.8689255714416504,0.0577246919027174,headquarters_state
-0.4580353796482086,-0.9160707592964172,-0.04967297613620758,-0.09934595227241516,patch_random_18,New Jersey,812427_1993.txt_headquarters_state_247,0.22122270321368165,2,-0.3676963448524475,-0.735392689704895,0.22122270321368165,headquarters_state
-0.4580353796482086,-0.9160707592964172,-0.04967297613620758,-0.09934595227241516,patch_random_19,New Jersey,812427_1993.txt_headquarters_state_247,0.037397914090545735,2,-0.44276347756385803,-0.8855269551277161,0.037397914090545735,headquarters_state
-0.4580353796482086,-0.9160707592964172,-0.04967297613620758,-0.09934595227241516,patch_matched_layer_random_00,New Jersey,812427_1993.txt_headquarters_state_247,-0.07809576862569416,2,-0.4899267554283142,-0.9798535108566284,-0.07809576862569416,headquarters_state
-0.4580353796482086,-0.9160707592964172,-0.04967297613620758,-0.09934595227241516,patch_matched_layer_random_01,New Jersey,812427_1993.txt_headquarters_state_247,-0.2803272295588898,2,-0.5725104808807373,-1.1450209617614746,-0.2803272295588898,headquarters_state
-0.4580353796482086,-0.9160707592964172,-0.04967297613620758,-0.09934595227241516,patch_matched_layer_random_02,New Jersey,812427_1993.txt_headquarters_state_247,-0.12667423153887591,2,-0.5097643733024597,-1.0195287466049194,-0.12667423153887591,headquarters_state
-0.4580353796482086,-0.9160707592964172,-0.04967297613620758,-0.09934595227241516,patch_matched_layer_random_03,New Jersey,812427_1993.txt_headquarters_state_247,0.06649186233752216,2,-0.43088260293006897,-0.8617652058601379,0.06649186233752216,headquarters_state
-0.4580353796482086,-0.9160707592964172,-0.04967297613620758,-0.09934595227241516,patch_matched_layer_random_04,New Jersey,812427_1993.txt_headquarters_state_247,0.07650662730315566,2,-0.4267929494380951,-0.8535858988761902,0.07650662730315566,headquarters_state
-0.4580353796482086,-0.9160707592964172,-0.04967297613620758,-0.09934595227241516,patch_matched_layer_random_05,New Jersey,812427_1993.txt_headquarters_state_247,0.1258801352481507,2,-0.40663066506385803,-0.8132613301277161,0.1258801352481507,headquarters_state
-0.4580353796482086,-0.9160707592964172,-0.04967297613620758,-0.09934595227241516,patch_matched_layer_random_06,New Jersey,812427_1993.txt_headquarters_state_247,0.30898964657095596,2,-0.3318556249141693,-0.6637112498283386,0.30898964657095596,headquarters_state
-0.4580353796482086,-0.9160707592964172,-0.04967297613620758,-0.09934595227241516,patch_matched_layer_random_07,New Jersey,812427_1993.txt_headquarters_state_247,-0.01743975868113604,2,-0.4651571214199066,-0.9303142428398132,-0.01743975868113604,headquarters_state
-0.4580353796482086,-0.9160707592964172,-0.04967297613620758,-0.09934595227241516,patch_matched_layer_random_08,New Jersey,812427_1993.txt_headquarters_state_247,0.2644564696971914,2,-0.35004130005836487,-0.7000826001167297,0.2644564696971914,headquarters_state
-0.4580353796482086,-0.9160707592964172,-0.04967297613620758,-0.09934595227241516,patch_matched_layer_random_09,New Jersey,812427_1993.txt_headquarters_state_247,-0.7281212003603611,2,-0.7553727030754089,-1.5107454061508179,-0.7281212003603611,headquarters_state
-0.4580353796482086,-0.9160707592964172,-0.04967297613620758,-0.09934595227241516,patch_matched_layer_random_10,New Jersey,812427_1993.txt_headquarters_state_247,0.19299568538096168,2,-0.37922319769859314,-0.7584463953971863,0.19299568538096168,headquarters_state
-0.4580353796482086,-0.9160707592964172,-0.04967297613620758,-0.09934595227241516,patch_matched_layer_random_11,New Jersey,812427_1993.txt_headquarters_state_247,-0.11044097960144628,2,-0.5031353235244751,-1.0062706470489502,-0.11044097960144628,headquarters_state
-0.4580353796482086,-0.9160707592964172,-0.04967297613620758,-0.09934595227241516,patch_matched_layer_random_12,New Jersey,812427_1993.txt_headquarters_state_247,-0.03481544084878464,2,-0.4722526967525482,-0.9445053935050964,-0.03481544084878464,headquarters_state
-0.4580353796482086,-0.9160707592964172,-0.04967297613620758,-0.09934595227241516,patch_matched_layer_random_13,New Jersey,812427_1993.txt_headquarters_state_247,0.39076930386159153,2,-0.29845988750457764,-0.5969197750091553,0.39076930386159153,headquarters_state
-0.4580353796482086,-0.9160707592964172,-0.04967297613620758,-0.09934595227241516,patch_matched_layer_random_14,New Jersey,812427_1993.txt_headquarters_state_247,-0.055702413783427294,2,-0.480782151222229,-0.961564302444458,-0.055702413783427294,headquarters_state
-0.4580353796482086,-0.9160707592964172,-0.04967297613620758,-0.09934595227241516,patch_matched_layer_random_15,New Jersey,812427_1993.txt_headquarters_state_247,0.22248241243840436,2,-0.3671819269657135,-0.734363853931427,0.22248241243840436,headquarters_state
-0.4580353796482086,-0.9160707592964172,-0.04967297613620758,-0.09934595227241516,patch_matched_layer_random_16,New Jersey,812427_1993.txt_headquarters_state_247,-0.6185414587266428,2,-0.7106244564056396,-1.4212489128112793,-0.6185414587266428,headquarters_state
-0.4580353796482086,-0.9160707592964172,-0.04967297613620758,-0.09934595227241516,patch_matched_layer_random_17,New Jersey,812427_1993.txt_headquarters_state_247,-0.9814484992138403,2,-0.8588220477104187,-1.7176440954208374,-0.9814484992138403,headquarters_state
-0.4580353796482086,-0.9160707592964172,-0.04967297613620758,-0.09934595227241516,patch_matched_layer_random_18,New Jersey,812427_1993.txt_headquarters_state_247,0.25997177057382453,2,-0.35187268257141113,-0.7037453651428223,0.25997177057382453,headquarters_state
-0.4580353796482086,-0.9160707592964172,-0.04967297613620758,-0.09934595227241516,patch_matched_layer_random_19,New Jersey,812427_1993.txt_headquarters_state_247,-0.47811945796086275,2,-0.6532813906669617,-1.3065627813339233,-0.47811945796086275,headquarters_state
-2.646862745285034,-2.646862745285034,-0.019200420007109642,-0.019200420007109642,patch_qr,California,201461_1993.txt_headquarters_state_74,0.9972598343996751,1,-0.026400649920105934,-0.026400649920105934,0.9972598343996751,headquarters_state
-2.646862745285034,-2.646862745285034,-0.019200420007109642,-0.019200420007109642,patch_bottom,California,201461_1993.txt_headquarters_state_74,-0.0031059190150554733,1,-2.6550240516662598,-2.6550240516662598,-0.0031059190150554733,headquarters_state
-2.646862745285034,-2.646862745285034,-0.019200420007109642,-0.019200420007109642,patch_same_layer,California,201461_1993.txt_headquarters_state_74,0.45450802666430534,1,-1.4525691270828247,-1.4525691270828247,0.45450802666430534,headquarters_state
-2.646862745285034,-2.646862745285034,-0.019200420007109642,-0.019200420007109642,patch_random_00,California,201461_1993.txt_headquarters_state_74,0.6943890058102141,1,-0.8222429156303406,-0.8222429156303406,0.6943890058102141,headquarters_state
-2.646862745285034,-2.646862745285034,-0.019200420007109642,-0.019200420007109642,patch_random_01,California,201461_1993.txt_headquarters_state_74,-0.03960080769483644,1,-2.750920295715332,-2.750920295715332,-0.03960080769483644,headquarters_state
-2.646862745285034,-2.646862745285034,-0.019200420007109642,-0.019200420007109642,patch_random_02,California,201461_1993.txt_headquarters_state_74,-0.21059012857538886,1,-3.2002224922180176,-3.2002224922180176,-0.21059012857538886,headquarters_state
-2.646862745285034,-2.646862745285034,-0.019200420007109642,-0.019200420007109642,patch_random_03,California,201461_1993.txt_headquarters_state_74,0.3493585906088905,1,-1.7288663387298584,-1.7288663387298584,0.3493585906088905,headquarters_state
-2.646862745285034,-2.646862745285034,-0.019200420007109642,-0.019200420007109642,patch_random_04,California,201461_1993.txt_headquarters_state_74,-0.1794089917929439,1,-3.118288993835449,-3.118288993835449,-0.1794089917929439,headquarters_state
-2.646862745285034,-2.646862745285034,-0.019200420007109642,-0.019200420007109642,patch_random_05,California,201461_1993.txt_headquarters_state_74,-0.1275384838074672,1,-2.9819908142089844,-2.9819908142089844,-0.1275384838074672,headquarters_state
-2.646862745285034,-2.646862745285034,-0.019200420007109642,-0.019200420007109642,patch_random_06,California,201461_1993.txt_headquarters_state_74,0.37894816052378594,1,-1.6511149406433105,-1.6511149406433105,0.37894816052378594,headquarters_state
-2.646862745285034,-2.646862745285034,-0.019200420007109642,-0.019200420007109642,patch_random_07,California,201461_1993.txt_headquarters_state_74,0.2894700462095805,1,-1.8862332105636597,-1.8862332105636597,0.2894700462095805,headquarters_state
-2.646862745285034,-2.646862745285034,-0.019200420007109642,-0.019200420007109642,patch_random_08,California,201461_1993.txt_headquarters_state_74,0.12075901324081957,1,-2.3295488357543945,-2.3295488357543945,0.12075901324081957,headquarters_state
-2.646862745285034,-2.646862745285034,-0.019200420007109642,-0.019200420007109642,patch_random_09,California,201461_1993.txt_headquarters_state_74,0.1879526962215511,1,-2.152986526489258,-2.152986526489258,0.1879526962215511,headquarters_state
-2.646862745285034,-2.646862745285034,-0.019200420007109642,-0.019200420007109642,patch_random_10,California,201461_1993.txt_headquarters_state_74,-0.1387048574286244,1,-3.0113322734832764,-3.0113322734832764,-0.1387048574286244,headquarters_state
-2.646862745285034,-2.646862745285034,-0.019200420007109642,-0.019200420007109642,patch_random_11,California,201461_1993.txt_headquarters_state_74,0.14935241345964145,1,-2.2544150352478027,-2.2544150352478027,0.14935241345964145,headquarters_state
-2.646862745285034,-2.646862745285034,-0.019200420007109642,-0.019200420007109642,patch_random_12,California,201461_1993.txt_headquarters_state_74,0.0017910004217866842,1,-2.6421566009521484,-2.6421566009521484,0.0017910004217866842,headquarters_state
-2.646862745285034,-2.646862745285034,-0.019200420007109642,-0.019200420007109642,patch_random_13,California,201461_1993.txt_headquarters_state_74,0.1079623292909394,1,-2.3631742000579834,-2.3631742000579834,0.1079623292909394,headquarters_state
-2.646862745285034,-2.646862745285034,-0.019200420007109642,-0.019200420007109642,patch_random_14,California,201461_1993.txt_headquarters_state_74,0.1111635191121591,1,-2.354762554168701,-2.354762554168701,0.1111635191121591,headquarters_state
-2.646862745285034,-2.646862745285034,-0.019200420007109642,-0.019200420007109642,patch_random_15,California,201461_1993.txt_headquarters_state_74,0.08768017273368398,1,-2.416468858718872,-2.416468858718872,0.08768017273368398,headquarters_state
-2.646862745285034,-2.646862745285034,-0.019200420007109642,-0.019200420007109642,patch_random_16,California,201461_1993.txt_headquarters_state_74,-0.38948175452381034,1,-3.6702892780303955,-3.6702892780303955,-0.38948175452381034,headquarters_state
-2.646862745285034,-2.646862745285034,-0.019200420007109642,-0.019200420007109642,patch_random_17,California,201461_1993.txt_headquarters_state_74,0.0895931197873609,1,-2.411442279815674,-2.411442279815674,0.0895931197873609,headquarters_state
-2.646862745285034,-2.646862745285034,-0.019200420007109642,-0.019200420007109642,patch_random_18,California,201461_1993.txt_headquarters_state_74,0.20268319606836324,1,-2.1142797470092773,-2.1142797470092773,0.20268319606836324,headquarters_state
-2.646862745285034,-2.646862745285034,-0.019200420007109642,-0.019200420007109642,patch_random_19,California,201461_1993.txt_headquarters_state_74,0.0006748802440472849,1,-2.6450893878936768,-2.6450893878936768,0.0006748802440472849,headquarters_state
-2.646862745285034,-2.646862745285034,-0.019200420007109642,-0.019200420007109642,patch_matched_layer_random_00,California,201461_1993.txt_headquarters_state_74,0.03380834268005039,1,-2.55802583694458,-2.55802583694458,0.03380834268005039,headquarters_state
-2.646862745285034,-2.646862745285034,-0.019200420007109642,-0.019200420007109642,patch_matched_layer_random_01,California,201461_1993.txt_headquarters_state_74,-0.25776805031972044,1,-3.324190139770508,-3.324190139770508,-0.25776805031972044,headquarters_state
-2.646862745285034,-2.646862745285034,-0.019200420007109642,-0.019200420007109642,patch_matched_layer_random_02,California,201461_1993.txt_headquarters_state_74,-0.3658184824228365,1,-3.608110189437866,-3.608110189437866,-0.3658184824228365,headquarters_state
-2.646862745285034,-2.646862745285034,-0.019200420007109642,-0.019200420007109642,patch_matched_layer_random_03,California,201461_1993.txt_headquarters_state_74,0.49277059710188803,1,-1.3520280122756958,-1.3520280122756958,0.49277059710188803,headquarters_state
-2.646862745285034,-2.646862745285034,-0.019200420007109642,-0.019200420007109642,patch_matched_layer_random_04,California,201461_1993.txt_headquarters_state_74,0.05284390342217195,1,-2.5080068111419678,-2.5080068111419678,0.05284390342217195,headquarters_state
-2.646862745285034,-2.646862745285034,-0.019200420007109642,-0.019200420007109642,patch_matched_layer_random_05,California,201461_1993.txt_headquarters_state_74,0.07189234840665096,1,-2.457953929901123,-2.457953929901123,0.07189234840665096,headquarters_state
-2.646862745285034,-2.646862745285034,-0.019200420007109642,-0.019200420007109642,patch_matched_layer_random_06,California,201461_1993.txt_headquarters_state_74,0.2890472252984135,1,-1.887344241142273,-1.887344241142273,0.2890472252984135,headquarters_state
-2.646862745285034,-2.646862745285034,-0.019200420007109642,-0.019200420007109642,patch_matched_layer_random_07,California,201461_1993.txt_headquarters_state_74,-0.07569909761867083,1,-2.8457744121551514,-2.8457744121551514,-0.07569909761867083,headquarters_state
-2.646862745285034,-2.646862745285034,-0.019200420007109642,-0.019200420007109642,patch_matched_layer_random_08,California,201461_1993.txt_headquarters_state_74,0.20040232223469012,1,-2.1202731132507324,-2.1202731132507324,0.20040232223469012,headquarters_state
-2.646862745285034,-2.646862745285034,-0.019200420007109642,-0.019200420007109642,patch_matched_layer_random_09,California,201461_1993.txt_headquarters_state_74,-0.3040640366012744,1,-3.445840358734131,-3.445840358734131,-0.3040640366012744,headquarters_state
-2.646862745285034,-2.646862745285034,-0.019200420007109642,-0.019200420007109642,patch_matched_layer_random_10,California,201461_1993.txt_headquarters_state_74,0.2862051156823318,1,-1.8948123455047607,-1.8948123455047607,0.2862051156823318,headquarters_state
-2.646862745285034,-2.646862745285034,-0.019200420007109642,-0.019200420007109642,patch_matched_layer_random_11,California,201461_1993.txt_headquarters_state_74,-0.14611338751825936,1,-3.030799388885498,-3.030799388885498,-0.14611338751825936,headquarters_state
-2.646862745285034,-2.646862745285034,-0.019200420007109642,-0.019200420007109642,patch_matched_layer_random_12,California,201461_1993.txt_headquarters_state_74,-0.22511302879886405,1,-3.2383837699890137,-3.2383837699890137,-0.22511302879886405,headquarters_state
-2.646862745285034,-2.646862745285034,-0.019200420007109642,-0.019200420007109642,patch_matched_layer_random_13,California,201461_1993.txt_headquarters_state_74,0.38558009744203064,1,-1.6336884498596191,-1.6336884498596191,0.38558009744203064,headquarters_state
-2.646862745285034,-2.646862745285034,-0.019200420007109642,-0.019200420007109642,patch_matched_layer_random_14,California,201461_1993.txt_headquarters_state_74,-0.10533167549749184,1,-2.9236388206481934,-2.9236388206481934,-0.10533167549749184,headquarters_state
-2.646862745285034,-2.646862745285034,-0.019200420007109642,-0.019200420007109642,patch_matched_layer_random_15,California,201461_1993.txt_headquarters_state_74,-0.05228126126119625,1,-2.784240245819092,-2.784240245819092,-0.05228126126119625,headquarters_state
-2.646862745285034,-2.646862745285034,-0.019200420007109642,-0.019200420007109642,patch_matched_layer_random_16,California,201461_1993.txt_headquarters_state_74,-0.03414723454769177,1,-2.7365901470184326,-2.7365901470184326,-0.03414723454769177,headquarters_state
-2.646862745285034,-2.646862745285034,-0.019200420007109642,-0.019200420007109642,patch_matched_layer_random_17,California,201461_1993.txt_headquarters_state_74,-0.3150140093912871,1,-3.4746131896972656,-3.4746131896972656,-0.3150140093912871,headquarters_state
-2.646862745285034,-2.646862745285034,-0.019200420007109642,-0.019200420007109642,patch_matched_layer_random_18,California,201461_1993.txt_headquarters_state_74,-0.12140050333565883,1,-2.965862274169922,-2.965862274169922,-0.12140050333565883,headquarters_state
-2.646862745285034,-2.646862745285034,-0.019200420007109642,-0.019200420007109642,patch_matched_layer_random_19,California,201461_1993.txt_headquarters_state_74,-0.2933590458842555,1,-3.4177112579345703,-3.4177112579345703,-0.2933590458842555,headquarters_state
-3.2461230754852295,-3.2461230754852295,-0.3115616738796234,-0.3115616738796234,patch_qr,Tennessee,764764_1993.txt_headquarters_state_43,0.3356124024667174,1,-2.2612478733062744,-2.2612478733062744,0.3356124024667174,headquarters_state
-3.2461230754852295,-3.2461230754852295,-0.3115616738796234,-0.3115616738796234,patch_bottom,Tennessee,764764_1993.txt_headquarters_state_43,0.013357010712799256,1,-3.206926107406616,-3.206926107406616,0.013357010712799256,headquarters_state
-3.2461230754852295,-3.2461230754852295,-0.3115616738796234,-0.3115616738796234,patch_same_layer,Tennessee,764764_1993.txt_headquarters_state_43,0.1643248509678941,1,-2.763901710510254,-2.763901710510254,0.1643248509678941,headquarters_state
-3.2461230754852295,-3.2461230754852295,-0.3115616738796234,-0.3115616738796234,patch_random_00,Tennessee,764764_1993.txt_headquarters_state_43,0.22958152270706142,1,-2.572402000427246,-2.572402000427246,0.22958152270706142,headquarters_state
-3.2461230754852295,-3.2461230754852295,-0.3115616738796234,-0.3115616738796234,patch_random_01,Tennessee,764764_1993.txt_headquarters_state_43,-0.009668973047676695,1,-3.2744972705841064,-3.2744972705841064,-0.009668973047676695,headquarters_state
-3.2461230754852295,-3.2461230754852295,-0.3115616738796234,-0.3115616738796234,patch_random_02,Tennessee,764764_1993.txt_headquarters_state_43,0.10081307910390491,1,-2.9502809047698975,-2.9502809047698975,0.10081307910390491,headquarters_state
-3.2461230754852295,-3.2461230754852295,-0.3115616738796234,-0.3115616738796234,patch_random_03,Tennessee,764764_1993.txt_headquarters_state_43,0.07870784546148055,1,-3.0151500701904297,-3.0151500701904297,0.07870784546148055,headquarters_state
-3.2461230754852295,-3.2461230754852295,-0.3115616738796234,-0.3115616738796234,patch_random_04,Tennessee,764764_1993.txt_headquarters_state_43,0.09817009647879803,1,-2.9580368995666504,-2.9580368995666504,0.09817009647879803,headquarters_state
-3.2461230754852295,-3.2461230754852295,-0.3115616738796234,-0.3115616738796234,patch_random_05,Tennessee,764764_1993.txt_headquarters_state_43,-0.13362868480690504,1,-3.6382646560668945,-3.6382646560668945,-0.13362868480690504,headquarters_state
-3.2461230754852295,-3.2461230754852295,-0.3115616738796234,-0.3115616738796234,patch_random_06,Tennessee,764764_1993.txt_headquarters_state_43,0.22374122250092546,1,-2.589540719985962,-2.589540719985962,0.22374122250092546,headquarters_state
-3.2461230754852295,-3.2461230754852295,-0.3115616738796234,-0.3115616738796234,patch_random_07,Tennessee,764764_1993.txt_headquarters_state_43,0.08438094336081775,1,-2.998502016067505,-2.998502016067505,0.08438094336081775,headquarters_state
-3.2461230754852295,-3.2461230754852295,-0.3115616738796234,-0.3115616738796234,patch_random_08,Tennessee,764764_1993.txt_headquarters_state_43,0.24697624976742336,1,-2.5213561058044434,-2.5213561058044434,0.24697624976742336,headquarters_state
-3.2461230754852295,-3.2461230754852295,-0.3115616738796234,-0.3115616738796234,patch_random_09,Tennessee,764764_1993.txt_headquarters_state_43,0.12872782107963882,1,-2.868363380432129,-2.868363380432129,0.12872782107963882,headquarters_state
-3.2461230754852295,-3.2461230754852295,-0.3115616738796234,-0.3115616738796234,patch_random_10,Tennessee,764764_1993.txt_headquarters_state_43,-0.07303710366850737,1,-3.4604549407958984,-3.4604549407958984,-0.07303710366850737,headquarters_state
-3.2461230754852295,-3.2461230754852295,-0.3115616738796234,-0.3115616738796234,patch_random_11,Tennessee,764764_1993.txt_headquarters_state_43,0.04213587500880112,1,-3.1224727630615234,-3.1224727630615234,0.04213587500880112,headquarters_state
-3.2461230754852295,-3.2461230754852295,-0.3115616738796234,-0.3115616738796234,patch_random_12,Tennessee,764764_1993.txt_headquarters_state_43,0.003781225734072104,1,-3.2350268363952637,-3.2350268363952637,0.003781225734072104,headquarters_state
-3.2461230754852295,-3.2461230754852295,-0.3115616738796234,-0.3115616738796234,patch_random_13,Tennessee,764764_1993.txt_headquarters_state_43,-0.0425408003232253,1,-3.3709616661071777,-3.3709616661071777,-0.0425408003232253,headquarters_state
-3.2461230754852295,-3.2461230754852295,-0.3115616738796234,-0.3115616738796234,patch_random_14,Tennessee,764764_1993.txt_headquarters_state_43,-0.04194868642043168,1,-3.3692240715026855,-3.3692240715026855,-0.04194868642043168,headquarters_state
-3.2461230754852295,-3.2461230754852295,-0.3115616738796234,-0.3115616738796234,patch_random_15,Tennessee,764764_1993.txt_headquarters_state_43,0.059042481826574705,1,-3.072859287261963,-3.072859287261963,0.059042481826574705,headquarters_state
-3.2461230754852295,-3.2461230754852295,-0.3115616738796234,-0.3115616738796234,patch_random_16,Tennessee,764764_1993.txt_headquarters_state_43,-0.03697778946262099,1,-3.3546366691589355,-3.3546366691589355,-0.03697778946262099,headquarters_state
-3.2461230754852295,-3.2461230754852295,-0.3115616738796234,-0.3115616738796234,patch_random_17,Tennessee,764764_1993.txt_headquarters_state_43,0.029088651660347648,1,-3.1607606410980225,-3.1607606410980225,0.029088651660347648,headquarters_state
-3.2461230754852295,-3.2461230754852295,-0.3115616738796234,-0.3115616738796234,patch_random_18,Tennessee,764764_1993.txt_headquarters_state_43,0.12963272841351853,1,-2.8657078742980957,-2.8657078742980957,0.12963272841351853,headquarters_state
-3.2461230754852295,-3.2461230754852295,-0.3115616738796234,-0.3115616738796234,patch_random_19,Tennessee,764764_1993.txt_headquarters_state_43,-0.023412060223987924,1,-3.3148272037506104,-3.3148272037506104,-0.023412060223987924,headquarters_state
-3.2461230754852295,-3.2461230754852295,-0.3115616738796234,-0.3115616738796234,patch_matched_layer_random_00,Tennessee,764764_1993.txt_headquarters_state_43,-0.08905285854553838,1,-3.5074541568756104,-3.5074541568756104,-0.08905285854553838,headquarters_state
-3.2461230754852295,-3.2461230754852295,-0.3115616738796234,-0.3115616738796234,patch_matched_layer_random_01,Tennessee,764764_1993.txt_headquarters_state_43,0.023214147289409817,1,-3.17799973487854,-3.17799973487854,0.023214147289409817,headquarters_state
-3.2461230754852295,-3.2461230754852295,-0.3115616738796234,-0.3115616738796234,patch_matched_layer_random_02,Tennessee,764764_1993.txt_headquarters_state_43,0.1496613386537194,1,-2.8069326877593994,-2.8069326877593994,0.1496613386537194,headquarters_state
-3.2461230754852295,-3.2461230754852295,-0.3115616738796234,-0.3115616738796234,patch_matched_layer_random_03,Tennessee,764764_1993.txt_headquarters_state_43,0.011686368810611407,1,-3.2118287086486816,-3.2118287086486816,0.011686368810611407,headquarters_state
-3.2461230754852295,-3.2461230754852295,-0.3115616738796234,-0.3115616738796234,patch_matched_layer_random_04,Tennessee,764764_1993.txt_headquarters_state_43,0.11237652415835184,1,-2.9163472652435303,-2.9163472652435303,0.11237652415835184,headquarters_state
-3.2461230754852295,-3.2461230754852295,-0.3115616738796234,-0.3115616738796234,patch_matched_layer_random_05,Tennessee,764764_1993.txt_headquarters_state_43,-0.09954695629090606,1,-3.5382497310638428,-3.5382497310638428,-0.09954695629090606,headquarters_state
-3.2461230754852295,-3.2461230754852295,-0.3115616738796234,-0.3115616738796234,patch_matched_layer_random_06,Tennessee,764764_1993.txt_headquarters_state_43,0.12970194919359262,1,-2.865504741668701,-2.865504741668701,0.12970194919359262,headquarters_state
-3.2461230754852295,-3.2461230754852295,-0.3115616738796234,-0.3115616738796234,patch_matched_layer_random_07,Tennessee,764764_1993.txt_headquarters_state_43,0.28126856544533796,1,-2.4207231998443604,-2.4207231998443604,0.28126856544533796,headquarters_state
-3.2461230754852295,-3.2461230754852295,-0.3115616738796234,-0.3115616738796234,patch_matched_layer_random_08,Tennessee,764764_1993.txt_headquarters_state_43,0.19046122010907127,1,-2.6872029304504395,-2.6872029304504395,0.19046122010907127,headquarters_state
-3.2461230754852295,-3.2461230754852295,-0.3115616738796234,-0.3115616738796234,patch_matched_layer_random_09,Tennessee,764764_1993.txt_headquarters_state_43,-0.03619019997666033,1,-3.352325439453125,-3.352325439453125,-0.03619019997666033,headquarters_state
-3.2461230754852295,-3.2461230754852295,-0.3115616738796234,-0.3115616738796234,patch_matched_layer_random_10,Tennessee,764764_1993.txt_headquarters_state_43,0.09731621103445652,1,-2.960542678833008,-2.960542678833008,0.09731621103445652,headquarters_state
-3.2461230754852295,-3.2461230754852295,-0.3115616738796234,-0.3115616738796234,patch_matched_layer_random_11,Tennessee,764764_1993.txt_headquarters_state_43,-0.0066717620174956945,1,-3.2657017707824707,-3.2657017707824707,-0.0066717620174956945,headquarters_state
-3.2461230754852295,-3.2461230754852295,-0.3115616738796234,-0.3115616738796234,patch_matched_layer_random_12,Tennessee,764764_1993.txt_headquarters_state_43,-0.09435970377284023,1,-3.5230274200439453,-3.5230274200439453,-0.09435970377284023,headquarters_state
-3.2461230754852295,-3.2461230754852295,-0.3115616738796234,-0.3115616738796234,patch_matched_layer_random_13,Tennessee,764764_1993.txt_headquarters_state_43,-0.011439140132482845,1,-3.2796919345855713,-3.2796919345855713,-0.011439140132482845,headquarters_state
-3.2461230754852295,-3.2461230754852295,-0.3115616738796234,-0.3115616738796234,patch_matched_layer_random_14,Tennessee,764764_1993.txt_headquarters_state_43,0.04132781177098756,1,-3.1248440742492676,-3.1248440742492676,0.04132781177098756,headquarters_state
-3.2461230754852295,-3.2461230754852295,-0.3115616738796234,-0.3115616738796234,patch_matched_layer_random_15,Tennessee,764764_1993.txt_headquarters_state_43,0.16994554581189347,1,-2.7474074363708496,-2.7474074363708496,0.16994554581189347,headquarters_state
-3.2461230754852295,-3.2461230754852295,-0.3115616738796234,-0.3115616738796234,patch_matched_layer_random_16,Tennessee,764764_1993.txt_headquarters_state_43,0.01681138762264816,1,-3.196789026260376,-3.196789026260376,0.01681138762264816,headquarters_state
-3.2461230754852295,-3.2461230754852295,-0.3115616738796234,-0.3115616738796234,patch_matched_layer_random_17,Tennessee,764764_1993.txt_headquarters_state_43,-0.2592871492545955,1,-4.007017135620117,-4.007017135620117,-0.2592871492545955,headquarters_state
-3.2461230754852295,-3.2461230754852295,-0.3115616738796234,-0.3115616738796234,patch_matched_layer_random_18,Tennessee,764764_1993.txt_headquarters_state_43,0.06586665955230872,1,-3.052833318710327,-3.052833318710327,0.06586665955230872,headquarters_state
-3.2461230754852295,-3.2461230754852295,-0.3115616738796234,-0.3115616738796234,patch_matched_layer_random_19,Tennessee,764764_1993.txt_headquarters_state_43,-0.2803006932000059,1,-4.068682670593262,-4.068682670593262,-0.2803006932000059,headquarters_state
-0.1729743480682373,-0.6918973922729492,-0.14636269211769104,-0.5854507684707642,patch_qr,Inland Steel Company,50548_1993.txt_registrant_name_177,2.5351065414322815,4,-0.10551096498966217,-0.4220438599586487,2.5351065414322815,registrant_name
-0.1729743480682373,-0.6918973922729492,-0.14636269211769104,-0.5854507684707642,patch_bottom,Inland Steel Company,50548_1993.txt_registrant_name_177,-0.3618808227661688,4,-0.1826045960187912,-0.7304183840751648,-0.3618808227661688,registrant_name
-0.1729743480682373,-0.6918973922729492,-0.14636269211769104,-0.5854507684707642,patch_same_layer,Inland Steel Company,50548_1993.txt_registrant_name_177,1.599053798747731,4,-0.13042087852954865,-0.5216835141181946,1.599053798747731,registrant_name
-0.1729743480682373,-0.6918973922729492,-0.14636269211769104,-0.5854507684707642,patch_random_00,Inland Steel Company,50548_1993.txt_registrant_name_177,-1.0714830464343028,4,-0.20148828625679016,-0.8059531450271606,-1.0714830464343028,registrant_name
-0.1729743480682373,-0.6918973922729492,-0.14636269211769104,-0.5854507684707642,patch_random_01,Inland Steel Company,50548_1993.txt_registrant_name_177,-0.670649394863479,4,-0.19082143902778625,-0.763285756111145,-0.670649394863479,registrant_name
-0.1729743480682373,-0.6918973922729492,-0.14636269211769104,-0.5854507684707642,patch_random_02,Inland Steel Company,50548_1993.txt_registrant_name_177,-0.9303412663127044,4,-0.19773226976394653,-0.7909290790557861,-0.9303412663127044,registrant_name
-0.1729743480682373,-0.6918973922729492,-0.14636269211769104,-0.5854507684707642,patch_random_03,Inland Steel Company,50548_1993.txt_registrant_name_177,1.4431674504081466,4,-0.13456927239894867,-0.5382770895957947,1.4431674504081466,registrant_name
-0.1729743480682373,-0.6918973922729492,-0.14636269211769104,-0.5854507684707642,patch_random_04,Inland Steel Company,50548_1993.txt_registrant_name_177,2.3565125949252974,4,-0.1102636456489563,-0.4410545825958252,2.3565125949252974,registrant_name
-0.1729743480682373,-0.6918973922729492,-0.14636269211769104,-0.5854507684707642,patch_random_05,Inland Steel Company,50548_1993.txt_registrant_name_177,-0.014647137150466045,4,-0.17336413264274597,-0.6934565305709839,-0.014647137150466045,registrant_name
-0.1729743480682373,-0.6918973922729492,-0.14636269211769104,-0.5854507684707642,patch_random_06,Inland Steel Company,50548_1993.txt_registrant_name_177,0.6122669073699323,4,-0.1566809117794037,-0.6267236471176147,0.6122669073699323,registrant_name
-0.1729743480682373,-0.6918973922729492,-0.14636269211769104,-0.5854507684707642,patch_random_07,Inland Steel Company,50548_1993.txt_registrant_name_177,-1.1452142867541903,4,-0.20345039665699005,-0.8138015866279602,-1.1452142867541903,registrant_name
-0.1729743480682373,-0.6918973922729492,-0.14636269211769104,-0.5854507684707642,patch_random_08,Inland Steel Company,50548_1993.txt_registrant_name_177,-0.6468403776741748,4,-0.19018784165382385,-0.7607513666152954,-0.6468403776741748,registrant_name
-0.1729743480682373,-0.6918973922729492,-0.14636269211769104,-0.5854507684707642,patch_random_09,Inland Steel Company,50548_1993.txt_registrant_name_177,-1.091525848910172,4,-0.20202165842056274,-0.808086633682251,-1.091525848910172,registrant_name
-0.1729743480682373,-0.6918973922729492,-0.14636269211769104,-0.5854507684707642,patch_random_10,Inland Steel Company,50548_1993.txt_registrant_name_177,1.4939553541731294,4,-0.1332177221775055,-0.532870888710022,1.4939553541731294,registrant_name
-0.1729743480682373,-0.6918973922729492,-0.14636269211769104,-0.5854507684707642,patch_random_11,Inland Steel Company,50548_1993.txt_registrant_name_177,-0.1747095826254649,4,-0.1776236593723297,-0.7104946374893188,-0.1747095826254649,registrant_name
-0.1729743480682373,-0.6918973922729492,-0.14636269211769104,-0.5854507684707642,patch_random_12,Inland Steel Company,50548_1993.txt_registrant_name_177,1.4299319438393887,4,-0.13492149114608765,-0.5396859645843506,1.4299319438393887,registrant_name
-0.1729743480682373,-0.6918973922729492,-0.14636269211769104,-0.5854507684707642,patch_random_13,Inland Steel Company,50548_1993.txt_registrant_name_177,-0.9789128932659453,4,-0.19902484118938446,-0.7960993647575378,-0.9789128932659453,registrant_name
-0.1729743480682373,-0.6918973922729492,-0.14636269211769104,-0.5854507684707642,patch_random_14,Inland Steel Company,50548_1993.txt_registrant_name_177,-0.060933613606304574,4,-0.1745958924293518,-0.6983835697174072,-0.060933613606304574,registrant_name
-0.1729743480682373,-0.6918973922729492,-0.14636269211769104,-0.5854507684707642,patch_random_15,Inland Steel Company,50548_1993.txt_registrant_name_177,-2.0252256873089873,4,-0.22686895728111267,-0.9074758291244507,-2.0252256873089873,registrant_name
-0.1729743480682373,-0.6918973922729492,-0.14636269211769104,-0.5854507684707642,patch_random_16,Inland Steel Company,50548_1993.txt_registrant_name_177,2.0138175732048884,4,-0.1193833276629448,-0.4775333106517792,2.0138175732048884,registrant_name
-0.1729743480682373,-0.6918973922729492,-0.14636269211769104,-0.5854507684707642,patch_random_17,Inland Steel Company,50548_1993.txt_registrant_name_177,-0.02740052791960033,4,-0.17370352149009705,-0.6948140859603882,-0.02740052791960033,registrant_name
-0.1729743480682373,-0.6918973922729492,-0.14636269211769104,-0.5854507684707642,patch_random_18,Inland Steel Company,50548_1993.txt_registrant_name_177,-0.739244786038016,4,-0.19264687597751617,-0.7705875039100647,-0.739244786038016,registrant_name
-0.1729743480682373,-0.6918973922729492,-0.14636269211769104,-0.5854507684707642,patch_random_19,Inland Steel Company,50548_1993.txt_registrant_name_177,-0.2920966605781582,4,-0.18074752390384674,-0.722990095615387,-0.2920966605781582,registrant_name
-0.1729743480682373,-0.6918973922729492,-0.14636269211769104,-0.5854507684707642,patch_matched_layer_random_00,Inland Steel Company,50548_1993.txt_registrant_name_177,-0.6430131285563739,4,-0.1900859922170639,-0.7603439688682556,-0.6430131285563739,registrant_name
-0.1729743480682373,-0.6918973922729492,-0.14636269211769104,-0.5854507684707642,patch_matched_layer_random_01,Inland Steel Company,50548_1993.txt_registrant_name_177,2.6088769781586425,4,-0.10354781150817871,-0.41419124603271484,2.6088769781586425,registrant_name
-0.1729743480682373,-0.6918973922729492,-0.14636269211769104,-0.5854507684707642,patch_matched_layer_random_02,Inland Steel Company,50548_1993.txt_registrant_name_177,1.585489042364596,4,-0.1307818591594696,-0.5231274366378784,1.585489042364596,registrant_name
-0.1729743480682373,-0.6918973922729492,-0.14636269211769104,-0.5854507684707642,patch_matched_layer_random_03,Inland Steel Company,50548_1993.txt_registrant_name_177,0.584686635929218,4,-0.15741486847400665,-0.6296594738960266,0.584686635929218,registrant_name
-0.1729743480682373,-0.6918973922729492,-0.14636269211769104,-0.5854507684707642,patch_matched_layer_random_04,Inland Steel Company,50548_1993.txt_registrant_name_177,0.4474236202024998,4,-0.1610676646232605,-0.644270658493042,0.4474236202024998,registrant_name
-0.1729743480682373,-0.6918973922729492,-0.14636269211769104,-0.5854507684707642,patch_matched_layer_random_05,Inland Steel Company,50548_1993.txt_registrant_name_177,-5.243388406150924,4,-0.31250959634780884,-1.2500383853912354,-5.243388406150924,registrant_name
-0.1729743480682373,-0.6918973922729492,-0.14636269211769104,-0.5854507684707642,patch_matched_layer_random_06,Inland Steel Company,50548_1993.txt_registrant_name_177,-3.299737160097162,4,-0.2607858180999756,-1.0431432723999023,-3.299737160097162,registrant_name
-0.1729743480682373,-0.6918973922729492,-0.14636269211769104,-0.5854507684707642,patch_matched_layer_random_07,Inland Steel Company,50548_1993.txt_registrant_name_177,-2.2540442292250646,4,-0.23295819759368896,-0.9318327903747559,-2.2540442292250646,registrant_name
-0.1729743480682373,-0.6918973922729492,-0.14636269211769104,-0.5854507684707642,patch_matched_layer_random_08,Inland Steel Company,50548_1993.txt_registrant_name_177,0.39537359214907175,4,-0.1624528020620346,-0.6498112082481384,0.39537359214907175,registrant_name
-0.1729743480682373,-0.6918973922729492,-0.14636269211769104,-0.5854507684707642,patch_matched_layer_random_09,Inland Steel Company,50548_1993.txt_registrant_name_177,1.6898617934707747,4,-0.12800432741641998,-0.5120173096656799,1.6898617934707747,registrant_name
-0.1729743480682373,-0.6918973922729492,-0.14636269211769104,-0.5854507684707642,patch_matched_layer_random_10,Inland Steel Company,50548_1993.txt_registrant_name_177,-1.306744917625952,4,-0.20774899423122406,-0.8309959769248962,-1.306744917625952,registrant_name
-0.1729743480682373,-0.6918973922729492,-0.14636269211769104,-0.5854507684707642,patch_matched_layer_random_11,Inland Steel Company,50548_1993.txt_registrant_name_177,0.3712190866341374,4,-0.1630955934524536,-0.6523823738098145,0.3712190866341374,registrant_name
-0.1729743480682373,-0.6918973922729492,-0.14636269211769104,-0.5854507684707642,patch_matched_layer_random_12,Inland Steel Company,50548_1993.txt_registrant_name_177,-0.22330920701190116,4,-0.17891697585582733,-0.7156679034233093,-0.22330920701190116,registrant_name
-0.1729743480682373,-0.6918973922729492,-0.14636269211769104,-0.5854507684707642,patch_matched_layer_random_13,Inland Steel Company,50548_1993.txt_registrant_name_177,-2.853274411801926,4,-0.24890470504760742,-0.9956188201904297,-2.853274411801926,registrant_name
-0.1729743480682373,-0.6918973922729492,-0.14636269211769104,-0.5854507684707642,patch_matched_layer_random_14,Inland Steel Company,50548_1993.txt_registrant_name_177,-0.31301354291838523,4,-0.18130415678024292,-0.7252166271209717,-0.31301354291838523,registrant_name
-0.1729743480682373,-0.6918973922729492,-0.14636269211769104,-0.5854507684707642,patch_matched_layer_random_15,Inland Steel Company,50548_1993.txt_registrant_name_177,-0.9937005775310519,4,-0.19941836595535278,-0.7976734638214111,-0.9937005775310519,registrant_name
-0.1729743480682373,-0.6918973922729492,-0.14636269211769104,-0.5854507684707642,patch_matched_layer_random_16,Inland Steel Company,50548_1993.txt_registrant_name_177,2.3211311186990375,4,-0.11120520532131195,-0.4448208212852478,2.3211311186990375,registrant_name
-0.1729743480682373,-0.6918973922729492,-0.14636269211769104,-0.5854507684707642,patch_matched_layer_random_17,Inland Steel Company,50548_1993.txt_registrant_name_177,3.198763297380896,4,-0.08784995973110199,-0.35139983892440796,3.198763297380896,registrant_name
-0.1729743480682373,-0.6918973922729492,-0.14636269211769104,-0.5854507684707642,patch_matched_layer_random_18,Inland Steel Company,50548_1993.txt_registrant_name_177,0.5956050749267308,4,-0.15712431073188782,-0.6284972429275513,0.5956050749267308,registrant_name
-0.1729743480682373,-0.6918973922729492,-0.14636269211769104,-0.5854507684707642,patch_matched_layer_random_19,Inland Steel Company,50548_1993.txt_registrant_name_177,-1.3522889021534505,4,-0.20896099507808685,-0.8358439803123474,-1.3522889021534505,registrant_name
