condition,gold,idx,mean_logprob,num_answer_tokens,sum_logprob,task
clean,Gressette,754737_1993.txt_ceo_lastname_200,-0.31206074357032776,3,-0.9361822009086609,ceo_lastname
qr_ablate,Gressette,754737_1993.txt_ceo_lastname_200,-1.0402021408081055,3,-3.1206061840057373,ceo_lastname
patch_qr,Gressette,754737_1993.txt_ceo_lastname_200,-0.15089666843414307,3,-0.4526900053024292,ceo_lastname
patch_bottom,Gressette,754737_1993.txt_ceo_lastname_200,-1.0189177989959717,3,-3.056753158569336,ceo_lastname
patch_same_layer,Gressette,754737_1993.txt_ceo_lastname_200,-0.9755691289901733,3,-2.9267072677612305,ceo_lastname
patch_random_00,Gressette,754737_1993.txt_ceo_lastname_200,-1.0211939811706543,3,-3.063581943511963,ceo_lastname
patch_random_01,Gressette,754737_1993.txt_ceo_lastname_200,-1.031691551208496,3,-3.0950746536254883,ceo_lastname
patch_random_02,Gressette,754737_1993.txt_ceo_lastname_200,-1.2541311979293823,3,-3.7623934745788574,ceo_lastname
patch_random_03,Gressette,754737_1993.txt_ceo_lastname_200,-0.9320622682571411,3,-2.796186685562134,ceo_lastname
patch_random_04,Gressette,754737_1993.txt_ceo_lastname_200,-1.1685426235198975,3,-3.5056278705596924,ceo_lastname
patch_random_05,Gressette,754737_1993.txt_ceo_lastname_200,-1.0568770170211792,3,-3.170630931854248,ceo_lastname
patch_random_06,Gressette,754737_1993.txt_ceo_lastname_200,-0.6682871580123901,3,-2.004861354827881,ceo_lastname
patch_random_07,Gressette,754737_1993.txt_ceo_lastname_200,-0.803325355052948,3,-2.409976005554199,ceo_lastname
patch_random_08,Gressette,754737_1993.txt_ceo_lastname_200,-0.9257029294967651,3,-2.777108669281006,ceo_lastname
patch_random_09,Gressette,754737_1993.txt_ceo_lastname_200,-0.8567134141921997,3,-2.5701401233673096,ceo_lastname
patch_random_10,Gressette,754737_1993.txt_ceo_lastname_200,-1.0453081130981445,3,-3.1359243392944336,ceo_lastname
patch_random_11,Gressette,754737_1993.txt_ceo_lastname_200,-1.0387383699417114,3,-3.1162149906158447,ceo_lastname
patch_random_12,Gressette,754737_1993.txt_ceo_lastname_200,-1.039833903312683,3,-3.1195015907287598,ceo_lastname
patch_random_13,Gressette,754737_1993.txt_ceo_lastname_200,-1.005286693572998,3,-3.015860080718994,ceo_lastname
patch_random_14,Gressette,754737_1993.txt_ceo_lastname_200,-0.9050000905990601,3,-2.7150001525878906,ceo_lastname
patch_random_15,Gressette,754737_1993.txt_ceo_lastname_200,-0.9824472665786743,3,-2.9473416805267334,ceo_lastname
patch_random_16,Gressette,754737_1993.txt_ceo_lastname_200,-1.4020142555236816,3,-4.206042766571045,ceo_lastname
patch_random_17,Gressette,754737_1993.txt_ceo_lastname_200,-0.8521332144737244,3,-2.5563995838165283,ceo_lastname
patch_random_18,Gressette,754737_1993.txt_ceo_lastname_200,-0.8037586212158203,3,-2.411275863647461,ceo_lastname
patch_random_19,Gressette,754737_1993.txt_ceo_lastname_200,-0.9976899027824402,3,-2.993069648742676,ceo_lastname
patch_matched_layer_random_00,Gressette,754737_1993.txt_ceo_lastname_200,-1.1111657619476318,3,-3.3334970474243164,ceo_lastname
patch_matched_layer_random_01,Gressette,754737_1993.txt_ceo_lastname_200,-1.158280611038208,3,-3.474841594696045,ceo_lastname
patch_matched_layer_random_02,Gressette,754737_1993.txt_ceo_lastname_200,-1.2065207958221436,3,-3.6195623874664307,ceo_lastname
patch_matched_layer_random_03,Gressette,754737_1993.txt_ceo_lastname_200,-0.9803158044815063,3,-2.9409472942352295,ceo_lastname
patch_matched_layer_random_04,Gressette,754737_1993.txt_ceo_lastname_200,-1.0336461067199707,3,-3.100938081741333,ceo_lastname
patch_matched_layer_random_05,Gressette,754737_1993.txt_ceo_lastname_200,-1.0647063255310059,3,-3.1941187381744385,ceo_lastname
patch_matched_layer_random_06,Gressette,754737_1993.txt_ceo_lastname_200,-0.8443210124969482,3,-2.5329630374908447,ceo_lastname
patch_matched_layer_random_07,Gressette,754737_1993.txt_ceo_lastname_200,-1.0055071115493774,3,-3.0165212154388428,ceo_lastname
patch_matched_layer_random_08,Gressette,754737_1993.txt_ceo_lastname_200,-0.9892642498016357,3,-2.9677927494049072,ceo_lastname
patch_matched_layer_random_09,Gressette,754737_1993.txt_ceo_lastname_200,-1.2392923831939697,3,-3.717877149581909,ceo_lastname
patch_matched_layer_random_10,Gressette,754737_1993.txt_ceo_lastname_200,-0.9421079158782959,3,-2.8263237476348877,ceo_lastname
patch_matched_layer_random_11,Gressette,754737_1993.txt_ceo_lastname_200,-1.0579246282577515,3,-3.173773765563965,ceo_lastname
patch_matched_layer_random_12,Gressette,754737_1993.txt_ceo_lastname_200,-1.089982271194458,3,-3.269946575164795,ceo_lastname
patch_matched_layer_random_13,Gressette,754737_1993.txt_ceo_lastname_200,-0.7985146045684814,3,-2.3955438137054443,ceo_lastname
patch_matched_layer_random_14,Gressette,754737_1993.txt_ceo_lastname_200,-1.1044117212295532,3,-3.31323504447937,ceo_lastname
patch_matched_layer_random_15,Gressette,754737_1993.txt_ceo_lastname_200,-0.7825700640678406,3,-2.347710132598877,ceo_lastname
patch_matched_layer_random_16,Gressette,754737_1993.txt_ceo_lastname_200,-1.2231440544128418,3,-3.6694321632385254,ceo_lastname
patch_matched_layer_random_17,Gressette,754737_1993.txt_ceo_lastname_200,-1.1741414070129395,3,-3.5224242210388184,ceo_lastname
patch_matched_layer_random_18,Gressette,754737_1993.txt_ceo_lastname_200,-0.8349494338035583,3,-2.5048482418060303,ceo_lastname
patch_matched_layer_random_19,Gressette,754737_1993.txt_ceo_lastname_200,-1.070725917816162,3,-3.2121775150299072,ceo_lastname
clean,Beard,764764_1993.txt_ceo_lastname_45,-0.026395339518785477,2,-0.05279067903757095,ceo_lastname
qr_ablate,Beard,764764_1993.txt_ceo_lastname_45,-0.775365948677063,2,-1.550731897354126,ceo_lastname
patch_qr,Beard,764764_1993.txt_ceo_lastname_45,-0.04696663096547127,2,-0.09393326193094254,ceo_lastname
patch_bottom,Beard,764764_1993.txt_ceo_lastname_45,-0.7904418706893921,2,-1.5808837413787842,ceo_lastname
patch_same_layer,Beard,764764_1993.txt_ceo_lastname_45,-0.9163997173309326,2,-1.8327994346618652,ceo_lastname
patch_random_00,Beard,764764_1993.txt_ceo_lastname_45,-0.625549852848053,2,-1.251099705696106,ceo_lastname
patch_random_01,Beard,764764_1993.txt_ceo_lastname_45,-0.739130437374115,2,-1.47826087474823,ceo_lastname
patch_random_02,Beard,764764_1993.txt_ceo_lastname_45,-0.9190714359283447,2,-1.8381428718566895,ceo_lastname
patch_random_03,Beard,764764_1993.txt_ceo_lastname_45,-0.7267962694168091,2,-1.4535925388336182,ceo_lastname
patch_random_04,Beard,764764_1993.txt_ceo_lastname_45,-1.3235530853271484,2,-2.647106170654297,ceo_lastname
patch_random_05,Beard,764764_1993.txt_ceo_lastname_45,-0.7280833125114441,2,-1.4561666250228882,ceo_lastname
patch_random_06,Beard,764764_1993.txt_ceo_lastname_45,-0.37623330950737,2,-0.75246661901474,ceo_lastname
patch_random_07,Beard,764764_1993.txt_ceo_lastname_45,-0.514583170413971,2,-1.029166340827942,ceo_lastname
patch_random_08,Beard,764764_1993.txt_ceo_lastname_45,-0.5579286813735962,2,-1.1158573627471924,ceo_lastname
patch_random_09,Beard,764764_1993.txt_ceo_lastname_45,-0.602031946182251,2,-1.204063892364502,ceo_lastname
patch_random_10,Beard,764764_1993.txt_ceo_lastname_45,-1.038012981414795,2,-2.07602596282959,ceo_lastname
patch_random_11,Beard,764764_1993.txt_ceo_lastname_45,-0.6585485339164734,2,-1.3170970678329468,ceo_lastname
patch_random_12,Beard,764764_1993.txt_ceo_lastname_45,-0.7202408909797668,2,-1.4404817819595337,ceo_lastname
patch_random_13,Beard,764764_1993.txt_ceo_lastname_45,-0.6901196837425232,2,-1.3802393674850464,ceo_lastname
patch_random_14,Beard,764764_1993.txt_ceo_lastname_45,-0.6755797863006592,2,-1.3511595726013184,ceo_lastname
patch_random_15,Beard,764764_1993.txt_ceo_lastname_45,-0.7339780926704407,2,-1.4679561853408813,ceo_lastname
patch_random_16,Beard,764764_1993.txt_ceo_lastname_45,-1.451316237449646,2,-2.902632474899292,ceo_lastname
patch_random_17,Beard,764764_1993.txt_ceo_lastname_45,-0.6761175394058228,2,-1.3522350788116455,ceo_lastname
patch_random_18,Beard,764764_1993.txt_ceo_lastname_45,-0.5495254993438721,2,-1.0990509986877441,ceo_lastname
patch_random_19,Beard,764764_1993.txt_ceo_lastname_45,-0.7721232771873474,2,-1.5442465543746948,ceo_lastname
patch_matched_layer_random_00,Beard,764764_1993.txt_ceo_lastname_45,-0.706072211265564,2,-1.412144422531128,ceo_lastname
patch_matched_layer_random_01,Beard,764764_1993.txt_ceo_lastname_45,-0.631305992603302,2,-1.262611985206604,ceo_lastname
patch_matched_layer_random_02,Beard,764764_1993.txt_ceo_lastname_45,-0.9809491038322449,2,-1.9618982076644897,ceo_lastname
patch_matched_layer_random_03,Beard,764764_1993.txt_ceo_lastname_45,-0.7252099514007568,2,-1.4504199028015137,ceo_lastname
patch_matched_layer_random_04,Beard,764764_1993.txt_ceo_lastname_45,-0.7843367457389832,2,-1.5686734914779663,ceo_lastname
patch_matched_layer_random_05,Beard,764764_1993.txt_ceo_lastname_45,-0.6679474115371704,2,-1.3358948230743408,ceo_lastname
patch_matched_layer_random_06,Beard,764764_1993.txt_ceo_lastname_45,-0.48061978816986084,2,-0.9612395763397217,ceo_lastname
patch_matched_layer_random_07,Beard,764764_1993.txt_ceo_lastname_45,-0.29542744159698486,2,-0.5908548831939697,ceo_lastname
patch_matched_layer_random_08,Beard,764764_1993.txt_ceo_lastname_45,-0.5750444531440735,2,-1.150088906288147,ceo_lastname
patch_matched_layer_random_09,Beard,764764_1993.txt_ceo_lastname_45,-1.177000641822815,2,-2.35400128364563,ceo_lastname
patch_matched_layer_random_10,Beard,764764_1993.txt_ceo_lastname_45,-0.5939705967903137,2,-1.1879411935806274,ceo_lastname
patch_matched_layer_random_11,Beard,764764_1993.txt_ceo_lastname_45,-0.6933030486106873,2,-1.3866060972213745,ceo_lastname
patch_matched_layer_random_12,Beard,764764_1993.txt_ceo_lastname_45,-0.7634846568107605,2,-1.526969313621521,ceo_lastname
patch_matched_layer_random_13,Beard,764764_1993.txt_ceo_lastname_45,-0.7642064690589905,2,-1.528412938117981,ceo_lastname
patch_matched_layer_random_14,Beard,764764_1993.txt_ceo_lastname_45,-0.6782539486885071,2,-1.3565078973770142,ceo_lastname
patch_matched_layer_random_15,Beard,764764_1993.txt_ceo_lastname_45,-0.5270710587501526,2,-1.0541421175003052,ceo_lastname
patch_matched_layer_random_16,Beard,764764_1993.txt_ceo_lastname_45,-0.7012616991996765,2,-1.402523398399353,ceo_lastname
patch_matched_layer_random_17,Beard,764764_1993.txt_ceo_lastname_45,-0.8235239386558533,2,-1.6470478773117065,ceo_lastname
patch_matched_layer_random_18,Beard,764764_1993.txt_ceo_lastname_45,-0.5007753372192383,2,-1.0015506744384766,ceo_lastname
patch_matched_layer_random_19,Beard,764764_1993.txt_ceo_lastname_45,-0.7248113751411438,2,-1.4496227502822876,ceo_lastname
clean,Goldsmith,201461_1993.txt_ceo_lastname_77,-1.0510826110839844,2,-2.1021652221679688,ceo_lastname
qr_ablate,Goldsmith,201461_1993.txt_ceo_lastname_77,-1.4293326139450073,2,-2.8586652278900146,ceo_lastname
patch_qr,Goldsmith,201461_1993.txt_ceo_lastname_77,-0.027622217312455177,2,-0.055244434624910355,ceo_lastname
patch_bottom,Goldsmith,201461_1993.txt_ceo_lastname_77,-1.4158051013946533,2,-2.8316102027893066,ceo_lastname
patch_same_layer,Goldsmith,201461_1993.txt_ceo_lastname_77,-1.4918184280395508,2,-2.9836368560791016,ceo_lastname
patch_random_00,Goldsmith,201461_1993.txt_ceo_lastname_77,-0.39848050475120544,2,-0.7969610095024109,ceo_lastname
patch_random_01,Goldsmith,201461_1993.txt_ceo_lastname_77,-1.4317597150802612,2,-2.8635194301605225,ceo_lastname
patch_random_02,Goldsmith,201461_1993.txt_ceo_lastname_77,-1.581021785736084,2,-3.162043571472168,ceo_lastname
patch_random_03,Goldsmith,201461_1993.txt_ceo_lastname_77,-1.3154735565185547,2,-2.6309471130371094,ceo_lastname
patch_random_04,Goldsmith,201461_1993.txt_ceo_lastname_77,-2.391730546951294,2,-4.783461093902588,ceo_lastname
patch_random_05,Goldsmith,201461_1993.txt_ceo_lastname_77,-1.3621145486831665,2,-2.724229097366333,ceo_lastname
patch_random_06,Goldsmith,201461_1993.txt_ceo_lastname_77,-0.8626298904418945,2,-1.725259780883789,ceo_lastname
patch_random_07,Goldsmith,201461_1993.txt_ceo_lastname_77,-0.6457968950271606,2,-1.2915937900543213,ceo_lastname
patch_random_08,Goldsmith,201461_1993.txt_ceo_lastname_77,-0.9228517413139343,2,-1.8457034826278687,ceo_lastname
patch_random_09,Goldsmith,201461_1993.txt_ceo_lastname_77,-1.1068522930145264,2,-2.2137045860290527,ceo_lastname
patch_random_10,Goldsmith,201461_1993.txt_ceo_lastname_77,-1.8426851034164429,2,-3.6853702068328857,ceo_lastname
patch_random_11,Goldsmith,201461_1993.txt_ceo_lastname_77,-1.111087679862976,2,-2.222175359725952,ceo_lastname
patch_random_12,Goldsmith,201461_1993.txt_ceo_lastname_77,-1.285607933998108,2,-2.571215867996216,ceo_lastname
patch_random_13,Goldsmith,201461_1993.txt_ceo_lastname_77,-1.2114497423171997,2,-2.4228994846343994,ceo_lastname
patch_random_14,Goldsmith,201461_1993.txt_ceo_lastname_77,-1.3696322441101074,2,-2.739264488220215,ceo_lastname
patch_random_15,Goldsmith,201461_1993.txt_ceo_lastname_77,-1.0772563219070435,2,-2.154512643814087,ceo_lastname
patch_random_16,Goldsmith,201461_1993.txt_ceo_lastname_77,-2.1680328845977783,2,-4.336065769195557,ceo_lastname
patch_random_17,Goldsmith,201461_1993.txt_ceo_lastname_77,-1.3473159074783325,2,-2.694631814956665,ceo_lastname
patch_random_18,Goldsmith,201461_1993.txt_ceo_lastname_77,-1.1067382097244263,2,-2.2134764194488525,ceo_lastname
patch_random_19,Goldsmith,201461_1993.txt_ceo_lastname_77,-1.170727014541626,2,-2.341454029083252,ceo_lastname
patch_matched_layer_random_00,Goldsmith,201461_1993.txt_ceo_lastname_77,-1.6512377262115479,2,-3.3024754524230957,ceo_lastname
patch_matched_layer_random_01,Goldsmith,201461_1993.txt_ceo_lastname_77,-1.6399480104446411,2,-3.2798960208892822,ceo_lastname
patch_matched_layer_random_02,Goldsmith,201461_1993.txt_ceo_lastname_77,-1.7923847436904907,2,-3.5847694873809814,ceo_lastname
patch_matched_layer_random_03,Goldsmith,201461_1993.txt_ceo_lastname_77,-0.9333663582801819,2,-1.8667327165603638,ceo_lastname
patch_matched_layer_random_04,Goldsmith,201461_1993.txt_ceo_lastname_77,-1.0359877347946167,2,-2.0719754695892334,ceo_lastname
patch_matched_layer_random_05,Goldsmith,201461_1993.txt_ceo_lastname_77,-1.5648126602172852,2,-3.1296253204345703,ceo_lastname
patch_matched_layer_random_06,Goldsmith,201461_1993.txt_ceo_lastname_77,-1.2667078971862793,2,-2.5334157943725586,ceo_lastname
patch_matched_layer_random_07,Goldsmith,201461_1993.txt_ceo_lastname_77,-1.0027016401290894,2,-2.0054032802581787,ceo_lastname
patch_matched_layer_random_08,Goldsmith,201461_1993.txt_ceo_lastname_77,-1.3426718711853027,2,-2.6853437423706055,ceo_lastname
patch_matched_layer_random_09,Goldsmith,201461_1993.txt_ceo_lastname_77,-2.514878273010254,2,-5.029756546020508,ceo_lastname
patch_matched_layer_random_10,Goldsmith,201461_1993.txt_ceo_lastname_77,-0.8290233016014099,2,-1.6580466032028198,ceo_lastname
patch_matched_layer_random_11,Goldsmith,201461_1993.txt_ceo_lastname_77,-1.8458915948867798,2,-3.6917831897735596,ceo_lastname
patch_matched_layer_random_12,Goldsmith,201461_1993.txt_ceo_lastname_77,-1.5139942169189453,2,-3.0279884338378906,ceo_lastname
patch_matched_layer_random_13,Goldsmith,201461_1993.txt_ceo_lastname_77,-1.352989673614502,2,-2.705979347229004,ceo_lastname
patch_matched_layer_random_14,Goldsmith,201461_1993.txt_ceo_lastname_77,-1.4877166748046875,2,-2.975433349609375,ceo_lastname
patch_matched_layer_random_15,Goldsmith,201461_1993.txt_ceo_lastname_77,-0.9024276733398438,2,-1.8048553466796875,ceo_lastname
patch_matched_layer_random_16,Goldsmith,201461_1993.txt_ceo_lastname_77,-1.7394081354141235,2,-3.478816270828247,ceo_lastname
patch_matched_layer_random_17,Goldsmith,201461_1993.txt_ceo_lastname_77,-2.047879457473755,2,-4.09575891494751,ceo_lastname
patch_matched_layer_random_18,Goldsmith,201461_1993.txt_ceo_lastname_77,-0.9942120313644409,2,-1.9884240627288818,ceo_lastname
patch_matched_layer_random_19,Goldsmith,201461_1993.txt_ceo_lastname_77,-1.7097539901733398,2,-3.4195079803466797,ceo_lastname
clean,Peterson,859257_1993.txt_ceo_lastname_146,-0.18288439512252808,2,-0.36576879024505615,ceo_lastname
qr_ablate,Peterson,859257_1993.txt_ceo_lastname_146,-1.1450916528701782,2,-2.2901833057403564,ceo_lastname
patch_qr,Peterson,859257_1993.txt_ceo_lastname_146,-0.2465410679578781,2,-0.4930821359157562,ceo_lastname
patch_bottom,Peterson,859257_1993.txt_ceo_lastname_146,-1.1541438102722168,2,-2.3082876205444336,ceo_lastname
patch_same_layer,Peterson,859257_1993.txt_ceo_lastname_146,-1.1328904628753662,2,-2.2657809257507324,ceo_lastname
patch_random_00,Peterson,859257_1993.txt_ceo_lastname_146,-0.9379799962043762,2,-1.8759599924087524,ceo_lastname
patch_random_01,Peterson,859257_1993.txt_ceo_lastname_146,-1.1154320240020752,2,-2.2308640480041504,ceo_lastname
patch_random_02,Peterson,859257_1993.txt_ceo_lastname_146,-1.4272898435592651,2,-2.8545796871185303,ceo_lastname
patch_random_03,Peterson,859257_1993.txt_ceo_lastname_146,-1.142802357673645,2,-2.28560471534729,ceo_lastname
patch_random_04,Peterson,859257_1993.txt_ceo_lastname_146,-1.7007392644882202,2,-3.4014785289764404,ceo_lastname
patch_random_05,Peterson,859257_1993.txt_ceo_lastname_146,-1.1473307609558105,2,-2.294661521911621,ceo_lastname
patch_random_06,Peterson,859257_1993.txt_ceo_lastname_146,-0.961395800113678,2,-1.922791600227356,ceo_lastname
patch_random_07,Peterson,859257_1993.txt_ceo_lastname_146,-0.9285412430763245,2,-1.857082486152649,ceo_lastname
patch_random_08,Peterson,859257_1993.txt_ceo_lastname_146,-1.0020798444747925,2,-2.004159688949585,ceo_lastname
patch_random_09,Peterson,859257_1993.txt_ceo_lastname_146,-1.011782169342041,2,-2.023564338684082,ceo_lastname
patch_random_10,Peterson,859257_1993.txt_ceo_lastname_146,-1.4707653522491455,2,-2.941530704498291,ceo_lastname
patch_random_11,Peterson,859257_1993.txt_ceo_lastname_146,-0.9604479670524597,2,-1.9208959341049194,ceo_lastname
patch_random_12,Peterson,859257_1993.txt_ceo_lastname_146,-1.097099781036377,2,-2.194199562072754,ceo_lastname
patch_random_13,Peterson,859257_1993.txt_ceo_lastname_146,-1.0322587490081787,2,-2.0645174980163574,ceo_lastname
patch_random_14,Peterson,859257_1993.txt_ceo_lastname_146,-1.0766856670379639,2,-2.1533713340759277,ceo_lastname
patch_random_15,Peterson,859257_1993.txt_ceo_lastname_146,-1.1140227317810059,2,-2.2280454635620117,ceo_lastname
patch_random_16,Peterson,859257_1993.txt_ceo_lastname_146,-1.976701259613037,2,-3.953402519226074,ceo_lastname
patch_random_17,Peterson,859257_1993.txt_ceo_lastname_146,-1.0414129495620728,2,-2.0828258991241455,ceo_lastname
patch_random_18,Peterson,859257_1993.txt_ceo_lastname_146,-0.9317725896835327,2,-1.8635451793670654,ceo_lastname
patch_random_19,Peterson,859257_1993.txt_ceo_lastname_146,-1.0945274829864502,2,-2.1890549659729004,ceo_lastname
patch_matched_layer_random_00,Peterson,859257_1993.txt_ceo_lastname_146,-1.1534085273742676,2,-2.306817054748535,ceo_lastname
patch_matched_layer_random_01,Peterson,859257_1993.txt_ceo_lastname_146,-0.9461031556129456,2,-1.8922063112258911,ceo_lastname
patch_matched_layer_random_02,Peterson,859257_1993.txt_ceo_lastname_146,-1.4776259660720825,2,-2.955251932144165,ceo_lastname
patch_matched_layer_random_03,Peterson,859257_1993.txt_ceo_lastname_146,-1.1552913188934326,2,-2.3105826377868652,ceo_lastname
patch_matched_layer_random_04,Peterson,859257_1993.txt_ceo_lastname_146,-1.1222859621047974,2,-2.2445719242095947,ceo_lastname
patch_matched_layer_random_05,Peterson,859257_1993.txt_ceo_lastname_146,-0.9295448064804077,2,-1.8590896129608154,ceo_lastname
patch_matched_layer_random_06,Peterson,859257_1993.txt_ceo_lastname_146,-1.006155252456665,2,-2.01231050491333,ceo_lastname
patch_matched_layer_random_07,Peterson,859257_1993.txt_ceo_lastname_146,-1.0464632511138916,2,-2.092926502227783,ceo_lastname
patch_matched_layer_random_08,Peterson,859257_1993.txt_ceo_lastname_146,-0.94044429063797,2,-1.88088858127594,ceo_lastname
patch_matched_layer_random_09,Peterson,859257_1993.txt_ceo_lastname_146,-1.3655885457992554,2,-2.7311770915985107,ceo_lastname
patch_matched_layer_random_10,Peterson,859257_1993.txt_ceo_lastname_146,-1.0479059219360352,2,-2.0958118438720703,ceo_lastname
patch_matched_layer_random_11,Peterson,859257_1993.txt_ceo_lastname_146,-1.1757508516311646,2,-2.351501703262329,ceo_lastname
patch_matched_layer_random_12,Peterson,859257_1993.txt_ceo_lastname_146,-1.1342625617980957,2,-2.2685251235961914,ceo_lastname
patch_matched_layer_random_13,Peterson,859257_1993.txt_ceo_lastname_146,-0.9368229508399963,2,-1.8736459016799927,ceo_lastname
patch_matched_layer_random_14,Peterson,859257_1993.txt_ceo_lastname_146,-1.1757941246032715,2,-2.351588249206543,ceo_lastname
patch_matched_layer_random_15,Peterson,859257_1993.txt_ceo_lastname_146,-1.0185908079147339,2,-2.0371816158294678,ceo_lastname
patch_matched_layer_random_16,Peterson,859257_1993.txt_ceo_lastname_146,-1.3214318752288818,2,-2.6428637504577637,ceo_lastname
patch_matched_layer_random_17,Peterson,859257_1993.txt_ceo_lastname_146,-1.3759710788726807,2,-2.7519421577453613,ceo_lastname
patch_matched_layer_random_18,Peterson,859257_1993.txt_ceo_lastname_146,-0.9640423059463501,2,-1.9280846118927002,ceo_lastname
patch_matched_layer_random_19,Peterson,859257_1993.txt_ceo_lastname_146,-1.2184674739837646,2,-2.4369349479675293,ceo_lastname
clean,Craig,40454_1993.txt_ceo_lastname_90,-0.07809071987867355,1,-0.07809071987867355,ceo_lastname
qr_ablate,Craig,40454_1993.txt_ceo_lastname_90,-1.3589973449707031,1,-1.3589973449707031,ceo_lastname
patch_qr,Craig,40454_1993.txt_ceo_lastname_90,-0.22961176931858063,1,-0.22961176931858063,ceo_lastname
patch_bottom,Craig,40454_1993.txt_ceo_lastname_90,-1.3524082899093628,1,-1.3524082899093628,ceo_lastname
patch_same_layer,Craig,40454_1993.txt_ceo_lastname_90,-1.4487360715866089,1,-1.4487360715866089,ceo_lastname
patch_random_00,Craig,40454_1993.txt_ceo_lastname_90,-1.2443997859954834,1,-1.2443997859954834,ceo_lastname
patch_random_01,Craig,40454_1993.txt_ceo_lastname_90,-1.341128945350647,1,-1.341128945350647,ceo_lastname
patch_random_02,Craig,40454_1993.txt_ceo_lastname_90,-2.260680675506592,1,-2.260680675506592,ceo_lastname
patch_random_03,Craig,40454_1993.txt_ceo_lastname_90,-1.230536699295044,1,-1.230536699295044,ceo_lastname
patch_random_04,Craig,40454_1993.txt_ceo_lastname_90,-1.814538836479187,1,-1.814538836479187,ceo_lastname
patch_random_05,Craig,40454_1993.txt_ceo_lastname_90,-1.2488186359405518,1,-1.2488186359405518,ceo_lastname
patch_random_06,Craig,40454_1993.txt_ceo_lastname_90,-0.5338383913040161,1,-0.5338383913040161,ceo_lastname
patch_random_07,Craig,40454_1993.txt_ceo_lastname_90,-0.8974027633666992,1,-0.8974027633666992,ceo_lastname
patch_random_08,Craig,40454_1993.txt_ceo_lastname_90,-1.0308051109313965,1,-1.0308051109313965,ceo_lastname
patch_random_09,Craig,40454_1993.txt_ceo_lastname_90,-1.0897488594055176,1,-1.0897488594055176,ceo_lastname
patch_random_10,Craig,40454_1993.txt_ceo_lastname_90,-2.1580121517181396,1,-2.1580121517181396,ceo_lastname
patch_random_11,Craig,40454_1993.txt_ceo_lastname_90,-1.0142167806625366,1,-1.0142167806625366,ceo_lastname
patch_random_12,Craig,40454_1993.txt_ceo_lastname_90,-1.1415526866912842,1,-1.1415526866912842,ceo_lastname
patch_random_13,Craig,40454_1993.txt_ceo_lastname_90,-1.1591699123382568,1,-1.1591699123382568,ceo_lastname
patch_random_14,Craig,40454_1993.txt_ceo_lastname_90,-1.1843312978744507,1,-1.1843312978744507,ceo_lastname
patch_random_15,Craig,40454_1993.txt_ceo_lastname_90,-1.3137520551681519,1,-1.3137520551681519,ceo_lastname
patch_random_16,Craig,40454_1993.txt_ceo_lastname_90,-2.1337485313415527,1,-2.1337485313415527,ceo_lastname
patch_random_17,Craig,40454_1993.txt_ceo_lastname_90,-0.9945508241653442,1,-0.9945508241653442,ceo_lastname
patch_random_18,Craig,40454_1993.txt_ceo_lastname_90,-0.8840134143829346,1,-0.8840134143829346,ceo_lastname
patch_random_19,Craig,40454_1993.txt_ceo_lastname_90,-1.3495066165924072,1,-1.3495066165924072,ceo_lastname
patch_matched_layer_random_00,Craig,40454_1993.txt_ceo_lastname_90,-1.379734754562378,1,-1.379734754562378,ceo_lastname
patch_matched_layer_random_01,Craig,40454_1993.txt_ceo_lastname_90,-1.0904970169067383,1,-1.0904970169067383,ceo_lastname
patch_matched_layer_random_02,Craig,40454_1993.txt_ceo_lastname_90,-1.2620872259140015,1,-1.2620872259140015,ceo_lastname
patch_matched_layer_random_03,Craig,40454_1993.txt_ceo_lastname_90,-1.0739219188690186,1,-1.0739219188690186,ceo_lastname
patch_matched_layer_random_04,Craig,40454_1993.txt_ceo_lastname_90,-1.255299687385559,1,-1.255299687385559,ceo_lastname
patch_matched_layer_random_05,Craig,40454_1993.txt_ceo_lastname_90,-1.1882542371749878,1,-1.1882542371749878,ceo_lastname
patch_matched_layer_random_06,Craig,40454_1993.txt_ceo_lastname_90,-0.6835278868675232,1,-0.6835278868675232,ceo_lastname
patch_matched_layer_random_07,Craig,40454_1993.txt_ceo_lastname_90,-0.6309563517570496,1,-0.6309563517570496,ceo_lastname
patch_matched_layer_random_08,Craig,40454_1993.txt_ceo_lastname_90,-0.9843214750289917,1,-0.9843214750289917,ceo_lastname
patch_matched_layer_random_09,Craig,40454_1993.txt_ceo_lastname_90,-2.452897071838379,1,-2.452897071838379,ceo_lastname
patch_matched_layer_random_10,Craig,40454_1993.txt_ceo_lastname_90,-0.9472857117652893,1,-0.9472857117652893,ceo_lastname
patch_matched_layer_random_11,Craig,40454_1993.txt_ceo_lastname_90,-1.313958764076233,1,-1.313958764076233,ceo_lastname
patch_matched_layer_random_12,Craig,40454_1993.txt_ceo_lastname_90,-1.386129379272461,1,-1.386129379272461,ceo_lastname
patch_matched_layer_random_13,Craig,40454_1993.txt_ceo_lastname_90,-1.0002728700637817,1,-1.0002728700637817,ceo_lastname
patch_matched_layer_random_14,Craig,40454_1993.txt_ceo_lastname_90,-1.254319667816162,1,-1.254319667816162,ceo_lastname
patch_matched_layer_random_15,Craig,40454_1993.txt_ceo_lastname_90,-0.713437020778656,1,-0.713437020778656,ceo_lastname
patch_matched_layer_random_16,Craig,40454_1993.txt_ceo_lastname_90,-1.3825173377990723,1,-1.3825173377990723,ceo_lastname
patch_matched_layer_random_17,Craig,40454_1993.txt_ceo_lastname_90,-1.8100223541259766,1,-1.8100223541259766,ceo_lastname
patch_matched_layer_random_18,Craig,40454_1993.txt_ceo_lastname_90,-0.9166179895401001,1,-0.9166179895401001,ceo_lastname
patch_matched_layer_random_19,Craig,40454_1993.txt_ceo_lastname_90,-2.1558682918548584,1,-2.1558682918548584,ceo_lastname
clean,Jones,310431_1993.txt_ceo_lastname_70,-0.39095309376716614,1,-0.39095309376716614,ceo_lastname
qr_ablate,Jones,310431_1993.txt_ceo_lastname_70,-2.1669094562530518,1,-2.1669094562530518,ceo_lastname
patch_qr,Jones,310431_1993.txt_ceo_lastname_70,-0.7723073363304138,1,-0.7723073363304138,ceo_lastname
patch_bottom,Jones,310431_1993.txt_ceo_lastname_70,-2.204660177230835,1,-2.204660177230835,ceo_lastname
patch_same_layer,Jones,310431_1993.txt_ceo_lastname_70,-1.9926426410675049,1,-1.9926426410675049,ceo_lastname
patch_random_00,Jones,310431_1993.txt_ceo_lastname_70,-1.9555634260177612,1,-1.9555634260177612,ceo_lastname
patch_random_01,Jones,310431_1993.txt_ceo_lastname_70,-2.207841396331787,1,-2.207841396331787,ceo_lastname
patch_random_02,Jones,310431_1993.txt_ceo_lastname_70,-2.154966354370117,1,-2.154966354370117,ceo_lastname
patch_random_03,Jones,310431_1993.txt_ceo_lastname_70,-2.174889326095581,1,-2.174889326095581,ceo_lastname
patch_random_04,Jones,310431_1993.txt_ceo_lastname_70,-2.1718080043792725,1,-2.1718080043792725,ceo_lastname
patch_random_05,Jones,310431_1993.txt_ceo_lastname_70,-2.0854849815368652,1,-2.0854849815368652,ceo_lastname
patch_random_06,Jones,310431_1993.txt_ceo_lastname_70,-1.702895998954773,1,-1.702895998954773,ceo_lastname
patch_random_07,Jones,310431_1993.txt_ceo_lastname_70,-1.9479056596755981,1,-1.9479056596755981,ceo_lastname
patch_random_08,Jones,310431_1993.txt_ceo_lastname_70,-2.030759811401367,1,-2.030759811401367,ceo_lastname
patch_random_09,Jones,310431_1993.txt_ceo_lastname_70,-2.098659038543701,1,-2.098659038543701,ceo_lastname
patch_random_10,Jones,310431_1993.txt_ceo_lastname_70,-2.421661376953125,1,-2.421661376953125,ceo_lastname
patch_random_11,Jones,310431_1993.txt_ceo_lastname_70,-2.1513614654541016,1,-2.1513614654541016,ceo_lastname
patch_random_12,Jones,310431_1993.txt_ceo_lastname_70,-2.1831676959991455,1,-2.1831676959991455,ceo_lastname
patch_random_13,Jones,310431_1993.txt_ceo_lastname_70,-1.9372451305389404,1,-1.9372451305389404,ceo_lastname
patch_random_14,Jones,310431_1993.txt_ceo_lastname_70,-2.04429030418396,1,-2.04429030418396,ceo_lastname
patch_random_15,Jones,310431_1993.txt_ceo_lastname_70,-2.069985866546631,1,-2.069985866546631,ceo_lastname
patch_random_16,Jones,310431_1993.txt_ceo_lastname_70,-2.193798065185547,1,-2.193798065185547,ceo_lastname
patch_random_17,Jones,310431_1993.txt_ceo_lastname_70,-1.8618271350860596,1,-1.8618271350860596,ceo_lastname
patch_random_18,Jones,310431_1993.txt_ceo_lastname_70,-1.961198329925537,1,-1.961198329925537,ceo_lastname
patch_random_19,Jones,310431_1993.txt_ceo_lastname_70,-2.107778787612915,1,-2.107778787612915,ceo_lastname
patch_matched_layer_random_00,Jones,310431_1993.txt_ceo_lastname_70,-2.0638604164123535,1,-2.0638604164123535,ceo_lastname
patch_matched_layer_random_01,Jones,310431_1993.txt_ceo_lastname_70,-1.9665435552597046,1,-1.9665435552597046,ceo_lastname
patch_matched_layer_random_02,Jones,310431_1993.txt_ceo_lastname_70,-2.174764394760132,1,-2.174764394760132,ceo_lastname
patch_matched_layer_random_03,Jones,310431_1993.txt_ceo_lastname_70,-1.9850637912750244,1,-1.9850637912750244,ceo_lastname
patch_matched_layer_random_04,Jones,310431_1993.txt_ceo_lastname_70,-2.1993346214294434,1,-2.1993346214294434,ceo_lastname
patch_matched_layer_random_05,Jones,310431_1993.txt_ceo_lastname_70,-2.072460651397705,1,-2.072460651397705,ceo_lastname
patch_matched_layer_random_06,Jones,310431_1993.txt_ceo_lastname_70,-1.9347847700119019,1,-1.9347847700119019,ceo_lastname
patch_matched_layer_random_07,Jones,310431_1993.txt_ceo_lastname_70,-1.5150896310806274,1,-1.5150896310806274,ceo_lastname
patch_matched_layer_random_08,Jones,310431_1993.txt_ceo_lastname_70,-2.0018668174743652,1,-2.0018668174743652,ceo_lastname
patch_matched_layer_random_09,Jones,310431_1993.txt_ceo_lastname_70,-2.358755588531494,1,-2.358755588531494,ceo_lastname
patch_matched_layer_random_10,Jones,310431_1993.txt_ceo_lastname_70,-1.9486567974090576,1,-1.9486567974090576,ceo_lastname
patch_matched_layer_random_11,Jones,310431_1993.txt_ceo_lastname_70,-2.168699026107788,1,-2.168699026107788,ceo_lastname
patch_matched_layer_random_12,Jones,310431_1993.txt_ceo_lastname_70,-2.324578285217285,1,-2.324578285217285,ceo_lastname
patch_matched_layer_random_13,Jones,310431_1993.txt_ceo_lastname_70,-2.2022523880004883,1,-2.2022523880004883,ceo_lastname
patch_matched_layer_random_14,Jones,310431_1993.txt_ceo_lastname_70,-2.099222183227539,1,-2.099222183227539,ceo_lastname
patch_matched_layer_random_15,Jones,310431_1993.txt_ceo_lastname_70,-1.9272831678390503,1,-1.9272831678390503,ceo_lastname
patch_matched_layer_random_16,Jones,310431_1993.txt_ceo_lastname_70,-2.1336283683776855,1,-2.1336283683776855,ceo_lastname
patch_matched_layer_random_17,Jones,310431_1993.txt_ceo_lastname_70,-2.2485880851745605,1,-2.2485880851745605,ceo_lastname
patch_matched_layer_random_18,Jones,310431_1993.txt_ceo_lastname_70,-2.0208842754364014,1,-2.0208842754364014,ceo_lastname
patch_matched_layer_random_19,Jones,310431_1993.txt_ceo_lastname_70,-2.116866111755371,1,-2.116866111755371,ceo_lastname
clean,Allender,34501_1993.txt_ceo_lastname_220,-0.3296787142753601,2,-0.6593574285507202,ceo_lastname
qr_ablate,Allender,34501_1993.txt_ceo_lastname_220,-1.9224555492401123,2,-3.8449110984802246,ceo_lastname
patch_qr,Allender,34501_1993.txt_ceo_lastname_220,-0.20363487303256989,2,-0.40726974606513977,ceo_lastname
patch_bottom,Allender,34501_1993.txt_ceo_lastname_220,-1.9229086637496948,2,-3.8458173274993896,ceo_lastname
patch_same_layer,Allender,34501_1993.txt_ceo_lastname_220,-1.4836320877075195,2,-2.967264175415039,ceo_lastname
patch_random_00,Allender,34501_1993.txt_ceo_lastname_220,-1.7172850370407104,2,-3.434570074081421,ceo_lastname
patch_random_01,Allender,34501_1993.txt_ceo_lastname_220,-1.904597520828247,2,-3.809195041656494,ceo_lastname
patch_random_02,Allender,34501_1993.txt_ceo_lastname_220,-2.2675211429595947,2,-4.5350422859191895,ceo_lastname
patch_random_03,Allender,34501_1993.txt_ceo_lastname_220,-1.9952850341796875,2,-3.990570068359375,ceo_lastname
patch_random_04,Allender,34501_1993.txt_ceo_lastname_220,-2.7592029571533203,2,-5.518405914306641,ceo_lastname
patch_random_05,Allender,34501_1993.txt_ceo_lastname_220,-1.8710697889328003,2,-3.7421395778656006,ceo_lastname
patch_random_06,Allender,34501_1993.txt_ceo_lastname_220,-0.8704975843429565,2,-1.740995168685913,ceo_lastname
patch_random_07,Allender,34501_1993.txt_ceo_lastname_220,-1.2415322065353394,2,-2.4830644130706787,ceo_lastname
patch_random_08,Allender,34501_1993.txt_ceo_lastname_220,-1.6498388051986694,2,-3.299677610397339,ceo_lastname
patch_random_09,Allender,34501_1993.txt_ceo_lastname_220,-1.5466368198394775,2,-3.093273639678955,ceo_lastname
patch_random_10,Allender,34501_1993.txt_ceo_lastname_220,-2.197340965270996,2,-4.394681930541992,ceo_lastname
patch_random_11,Allender,34501_1993.txt_ceo_lastname_220,-1.6489956378936768,2,-3.2979912757873535,ceo_lastname
patch_random_12,Allender,34501_1993.txt_ceo_lastname_220,-1.671020746231079,2,-3.342041492462158,ceo_lastname
patch_random_13,Allender,34501_1993.txt_ceo_lastname_220,-1.807371973991394,2,-3.614743947982788,ceo_lastname
patch_random_14,Allender,34501_1993.txt_ceo_lastname_220,-1.841754674911499,2,-3.683509349822998,ceo_lastname
patch_random_15,Allender,34501_1993.txt_ceo_lastname_220,-1.8818005323410034,2,-3.763601064682007,ceo_lastname
patch_random_16,Allender,34501_1993.txt_ceo_lastname_220,-2.9024624824523926,2,-5.804924964904785,ceo_lastname
patch_random_17,Allender,34501_1993.txt_ceo_lastname_220,-1.5440860986709595,2,-3.088172197341919,ceo_lastname
patch_random_18,Allender,34501_1993.txt_ceo_lastname_220,-1.168867588043213,2,-2.337735176086426,ceo_lastname
patch_random_19,Allender,34501_1993.txt_ceo_lastname_220,-1.865993618965149,2,-3.731987237930298,ceo_lastname
patch_matched_layer_random_00,Allender,34501_1993.txt_ceo_lastname_220,-1.8650670051574707,2,-3.7301340103149414,ceo_lastname
patch_matched_layer_random_01,Allender,34501_1993.txt_ceo_lastname_220,-2.266714334487915,2,-4.53342866897583,ceo_lastname
patch_matched_layer_random_02,Allender,34501_1993.txt_ceo_lastname_220,-2.3857526779174805,2,-4.771505355834961,ceo_lastname
patch_matched_layer_random_03,Allender,34501_1993.txt_ceo_lastname_220,-1.8966741561889648,2,-3.7933483123779297,ceo_lastname
patch_matched_layer_random_04,Allender,34501_1993.txt_ceo_lastname_220,-1.9558227062225342,2,-3.9116454124450684,ceo_lastname
patch_matched_layer_random_05,Allender,34501_1993.txt_ceo_lastname_220,-1.7271947860717773,2,-3.4543895721435547,ceo_lastname
patch_matched_layer_random_06,Allender,34501_1993.txt_ceo_lastname_220,-1.2509262561798096,2,-2.501852512359619,ceo_lastname
patch_matched_layer_random_07,Allender,34501_1993.txt_ceo_lastname_220,-1.0967639684677124,2,-2.193527936935425,ceo_lastname
patch_matched_layer_random_08,Allender,34501_1993.txt_ceo_lastname_220,-1.2650610208511353,2,-2.5301220417022705,ceo_lastname
patch_matched_layer_random_09,Allender,34501_1993.txt_ceo_lastname_220,-2.082153081893921,2,-4.164306163787842,ceo_lastname
patch_matched_layer_random_10,Allender,34501_1993.txt_ceo_lastname_220,-1.4295047521591187,2,-2.8590095043182373,ceo_lastname
patch_matched_layer_random_11,Allender,34501_1993.txt_ceo_lastname_220,-1.9702240228652954,2,-3.940448045730591,ceo_lastname
patch_matched_layer_random_12,Allender,34501_1993.txt_ceo_lastname_220,-1.8411219120025635,2,-3.682243824005127,ceo_lastname
patch_matched_layer_random_13,Allender,34501_1993.txt_ceo_lastname_220,-1.626430869102478,2,-3.252861738204956,ceo_lastname
patch_matched_layer_random_14,Allender,34501_1993.txt_ceo_lastname_220,-1.6988813877105713,2,-3.3977627754211426,ceo_lastname
patch_matched_layer_random_15,Allender,34501_1993.txt_ceo_lastname_220,-1.3270962238311768,2,-2.6541924476623535,ceo_lastname
patch_matched_layer_random_16,Allender,34501_1993.txt_ceo_lastname_220,-1.8413645029067993,2,-3.6827290058135986,ceo_lastname
patch_matched_layer_random_17,Allender,34501_1993.txt_ceo_lastname_220,-2.1795454025268555,2,-4.359090805053711,ceo_lastname
patch_matched_layer_random_18,Allender,34501_1993.txt_ceo_lastname_220,-1.44614577293396,2,-2.89229154586792,ceo_lastname
patch_matched_layer_random_19,Allender,34501_1993.txt_ceo_lastname_220,-1.924207091331482,2,-3.848414182662964,ceo_lastname
clean,Will,7383_1993.txt_ceo_lastname_24,-0.8249900937080383,1,-0.8249900937080383,ceo_lastname
qr_ablate,Will,7383_1993.txt_ceo_lastname_24,-6.65240478515625,1,-6.65240478515625,ceo_lastname
patch_qr,Will,7383_1993.txt_ceo_lastname_24,-2.357358932495117,1,-2.357358932495117,ceo_lastname
patch_bottom,Will,7383_1993.txt_ceo_lastname_24,-6.617939472198486,1,-6.617939472198486,ceo_lastname
patch_same_layer,Will,7383_1993.txt_ceo_lastname_24,-7.162146091461182,1,-7.162146091461182,ceo_lastname
patch_random_00,Will,7383_1993.txt_ceo_lastname_24,-6.606837749481201,1,-6.606837749481201,ceo_lastname
patch_random_01,Will,7383_1993.txt_ceo_lastname_24,-6.740476608276367,1,-6.740476608276367,ceo_lastname
patch_random_02,Will,7383_1993.txt_ceo_lastname_24,-8.23932933807373,1,-8.23932933807373,ceo_lastname
patch_random_03,Will,7383_1993.txt_ceo_lastname_24,-6.776240825653076,1,-6.776240825653076,ceo_lastname
patch_random_04,Will,7383_1993.txt_ceo_lastname_24,-6.950583457946777,1,-6.950583457946777,ceo_lastname
patch_random_05,Will,7383_1993.txt_ceo_lastname_24,-6.6413044929504395,1,-6.6413044929504395,ceo_lastname
patch_random_06,Will,7383_1993.txt_ceo_lastname_24,-3.577927589416504,1,-3.577927589416504,ceo_lastname
patch_random_07,Will,7383_1993.txt_ceo_lastname_24,-5.0326104164123535,1,-5.0326104164123535,ceo_lastname
patch_random_08,Will,7383_1993.txt_ceo_lastname_24,-6.004905700683594,1,-6.004905700683594,ceo_lastname
patch_random_09,Will,7383_1993.txt_ceo_lastname_24,-6.129800796508789,1,-6.129800796508789,ceo_lastname
patch_random_10,Will,7383_1993.txt_ceo_lastname_24,-7.202254772186279,1,-7.202254772186279,ceo_lastname
patch_random_11,Will,7383_1993.txt_ceo_lastname_24,-6.511433124542236,1,-6.511433124542236,ceo_lastname
patch_random_12,Will,7383_1993.txt_ceo_lastname_24,-6.545344352722168,1,-6.545344352722168,ceo_lastname
patch_random_13,Will,7383_1993.txt_ceo_lastname_24,-6.548852920532227,1,-6.548852920532227,ceo_lastname
patch_random_14,Will,7383_1993.txt_ceo_lastname_24,-6.382214546203613,1,-6.382214546203613,ceo_lastname
patch_random_15,Will,7383_1993.txt_ceo_lastname_24,-6.458428382873535,1,-6.458428382873535,ceo_lastname
patch_random_16,Will,7383_1993.txt_ceo_lastname_24,-6.875009536743164,1,-6.875009536743164,ceo_lastname
patch_random_17,Will,7383_1993.txt_ceo_lastname_24,-6.217705249786377,1,-6.217705249786377,ceo_lastname
patch_random_18,Will,7383_1993.txt_ceo_lastname_24,-4.44027042388916,1,-4.44027042388916,ceo_lastname
patch_random_19,Will,7383_1993.txt_ceo_lastname_24,-6.6170334815979,1,-6.6170334815979,ceo_lastname
patch_matched_layer_random_00,Will,7383_1993.txt_ceo_lastname_24,-6.682919502258301,1,-6.682919502258301,ceo_lastname
patch_matched_layer_random_01,Will,7383_1993.txt_ceo_lastname_24,-5.706868648529053,1,-5.706868648529053,ceo_lastname
patch_matched_layer_random_02,Will,7383_1993.txt_ceo_lastname_24,-6.37062931060791,1,-6.37062931060791,ceo_lastname
patch_matched_layer_random_03,Will,7383_1993.txt_ceo_lastname_24,-6.725178241729736,1,-6.725178241729736,ceo_lastname
patch_matched_layer_random_04,Will,7383_1993.txt_ceo_lastname_24,-6.711830139160156,1,-6.711830139160156,ceo_lastname
patch_matched_layer_random_05,Will,7383_1993.txt_ceo_lastname_24,-5.975401878356934,1,-5.975401878356934,ceo_lastname
patch_matched_layer_random_06,Will,7383_1993.txt_ceo_lastname_24,-3.411862850189209,1,-3.411862850189209,ceo_lastname
patch_matched_layer_random_07,Will,7383_1993.txt_ceo_lastname_24,-5.4775824546813965,1,-5.4775824546813965,ceo_lastname
patch_matched_layer_random_08,Will,7383_1993.txt_ceo_lastname_24,-6.476934432983398,1,-6.476934432983398,ceo_lastname
patch_matched_layer_random_09,Will,7383_1993.txt_ceo_lastname_24,-7.146050930023193,1,-7.146050930023193,ceo_lastname
patch_matched_layer_random_10,Will,7383_1993.txt_ceo_lastname_24,-6.263426303863525,1,-6.263426303863525,ceo_lastname
patch_matched_layer_random_11,Will,7383_1993.txt_ceo_lastname_24,-6.384545803070068,1,-6.384545803070068,ceo_lastname
patch_matched_layer_random_12,Will,7383_1993.txt_ceo_lastname_24,-6.514984607696533,1,-6.514984607696533,ceo_lastname
patch_matched_layer_random_13,Will,7383_1993.txt_ceo_lastname_24,-3.938321352005005,1,-3.938321352005005,ceo_lastname
patch_matched_layer_random_14,Will,7383_1993.txt_ceo_lastname_24,-6.584041595458984,1,-6.584041595458984,ceo_lastname
patch_matched_layer_random_15,Will,7383_1993.txt_ceo_lastname_24,-3.2603726387023926,1,-3.2603726387023926,ceo_lastname
patch_matched_layer_random_16,Will,7383_1993.txt_ceo_lastname_24,-6.768952369689941,1,-6.768952369689941,ceo_lastname
patch_matched_layer_random_17,Will,7383_1993.txt_ceo_lastname_24,-6.539403438568115,1,-6.539403438568115,ceo_lastname
patch_matched_layer_random_18,Will,7383_1993.txt_ceo_lastname_24,-4.097644805908203,1,-4.097644805908203,ceo_lastname
patch_matched_layer_random_19,Will,7383_1993.txt_ceo_lastname_24,-7.1873779296875,1,-7.1873779296875,ceo_lastname
clean,Peterson,865227_1993.txt_ceo_lastname_51,-0.2085600197315216,2,-0.4171200394630432,ceo_lastname
qr_ablate,Peterson,865227_1993.txt_ceo_lastname_51,-1.5298830270767212,2,-3.0597660541534424,ceo_lastname
patch_qr,Peterson,865227_1993.txt_ceo_lastname_51,-0.2948324978351593,2,-0.5896649956703186,ceo_lastname
patch_bottom,Peterson,865227_1993.txt_ceo_lastname_51,-1.5331025123596191,2,-3.0662050247192383,ceo_lastname
patch_same_layer,Peterson,865227_1993.txt_ceo_lastname_51,-1.318323016166687,2,-2.636646032333374,ceo_lastname
patch_random_00,Peterson,865227_1993.txt_ceo_lastname_51,-1.222287654876709,2,-2.444575309753418,ceo_lastname
patch_random_01,Peterson,865227_1993.txt_ceo_lastname_51,-1.465724229812622,2,-2.931448459625244,ceo_lastname
patch_random_02,Peterson,865227_1993.txt_ceo_lastname_51,-2.234787702560425,2,-4.46957540512085,ceo_lastname
patch_random_03,Peterson,865227_1993.txt_ceo_lastname_51,-1.5336593389511108,2,-3.0673186779022217,ceo_lastname
patch_random_04,Peterson,865227_1993.txt_ceo_lastname_51,-2.633572578430176,2,-5.267145156860352,ceo_lastname
patch_random_05,Peterson,865227_1993.txt_ceo_lastname_51,-1.4965872764587402,2,-2.9931745529174805,ceo_lastname
patch_random_06,Peterson,865227_1993.txt_ceo_lastname_51,-0.9613744020462036,2,-1.9227488040924072,ceo_lastname
patch_random_07,Peterson,865227_1993.txt_ceo_lastname_51,-1.107824683189392,2,-2.215649366378784,ceo_lastname
patch_random_08,Peterson,865227_1993.txt_ceo_lastname_51,-1.2563378810882568,2,-2.5126757621765137,ceo_lastname
patch_random_09,Peterson,865227_1993.txt_ceo_lastname_51,-1.2537084817886353,2,-2.5074169635772705,ceo_lastname
patch_random_10,Peterson,865227_1993.txt_ceo_lastname_51,-1.8569986820220947,2,-3.7139973640441895,ceo_lastname
patch_random_11,Peterson,865227_1993.txt_ceo_lastname_51,-1.0691192150115967,2,-2.1382384300231934,ceo_lastname
patch_random_12,Peterson,865227_1993.txt_ceo_lastname_51,-1.4892486333847046,2,-2.978497266769409,ceo_lastname
patch_random_13,Peterson,865227_1993.txt_ceo_lastname_51,-1.2759910821914673,2,-2.5519821643829346,ceo_lastname
patch_random_14,Peterson,865227_1993.txt_ceo_lastname_51,-1.4120254516601562,2,-2.8240509033203125,ceo_lastname
patch_random_15,Peterson,865227_1993.txt_ceo_lastname_51,-1.4648654460906982,2,-2.9297308921813965,ceo_lastname
patch_random_16,Peterson,865227_1993.txt_ceo_lastname_51,-2.8580403327941895,2,-5.716080665588379,ceo_lastname
patch_random_17,Peterson,865227_1993.txt_ceo_lastname_51,-1.3318431377410889,2,-2.6636862754821777,ceo_lastname
patch_random_18,Peterson,865227_1993.txt_ceo_lastname_51,-1.1380255222320557,2,-2.2760510444641113,ceo_lastname
patch_random_19,Peterson,865227_1993.txt_ceo_lastname_51,-1.4575566053390503,2,-2.9151132106781006,ceo_lastname
patch_matched_layer_random_00,Peterson,865227_1993.txt_ceo_lastname_51,-1.6088988780975342,2,-3.2177977561950684,ceo_lastname
patch_matched_layer_random_01,Peterson,865227_1993.txt_ceo_lastname_51,-1.7099806070327759,2,-3.4199612140655518,ceo_lastname
patch_matched_layer_random_02,Peterson,865227_1993.txt_ceo_lastname_51,-2.1308071613311768,2,-4.2616143226623535,ceo_lastname
patch_matched_layer_random_03,Peterson,865227_1993.txt_ceo_lastname_51,-1.4871617555618286,2,-2.9743235111236572,ceo_lastname
patch_matched_layer_random_04,Peterson,865227_1993.txt_ceo_lastname_51,-1.4648691415786743,2,-2.9297382831573486,ceo_lastname
patch_matched_layer_random_05,Peterson,865227_1993.txt_ceo_lastname_51,-1.1899358034133911,2,-2.3798716068267822,ceo_lastname
patch_matched_layer_random_06,Peterson,865227_1993.txt_ceo_lastname_51,-1.2050338983535767,2,-2.4100677967071533,ceo_lastname
patch_matched_layer_random_07,Peterson,865227_1993.txt_ceo_lastname_51,-1.370288372039795,2,-2.74057674407959,ceo_lastname
patch_matched_layer_random_08,Peterson,865227_1993.txt_ceo_lastname_51,-1.0790867805480957,2,-2.1581735610961914,ceo_lastname
patch_matched_layer_random_09,Peterson,865227_1993.txt_ceo_lastname_51,-1.956566572189331,2,-3.913133144378662,ceo_lastname
patch_matched_layer_random_10,Peterson,865227_1993.txt_ceo_lastname_51,-1.321799397468567,2,-2.643598794937134,ceo_lastname
patch_matched_layer_random_11,Peterson,865227_1993.txt_ceo_lastname_51,-1.775111198425293,2,-3.550222396850586,ceo_lastname
patch_matched_layer_random_12,Peterson,865227_1993.txt_ceo_lastname_51,-1.5602507591247559,2,-3.1205015182495117,ceo_lastname
patch_matched_layer_random_13,Peterson,865227_1993.txt_ceo_lastname_51,-1.0873253345489502,2,-2.1746506690979004,ceo_lastname
patch_matched_layer_random_14,Peterson,865227_1993.txt_ceo_lastname_51,-1.5260971784591675,2,-3.052194356918335,ceo_lastname
patch_matched_layer_random_15,Peterson,865227_1993.txt_ceo_lastname_51,-1.1687707901000977,2,-2.3375415802001953,ceo_lastname
patch_matched_layer_random_16,Peterson,865227_1993.txt_ceo_lastname_51,-1.9028172492980957,2,-3.8056344985961914,ceo_lastname
patch_matched_layer_random_17,Peterson,865227_1993.txt_ceo_lastname_51,-2.059048891067505,2,-4.11809778213501,ceo_lastname
patch_matched_layer_random_18,Peterson,865227_1993.txt_ceo_lastname_51,-1.1581531763076782,2,-2.3163063526153564,ceo_lastname
patch_matched_layer_random_19,Peterson,865227_1993.txt_ceo_lastname_51,-1.6884007453918457,2,-3.3768014907836914,ceo_lastname
clean,Lenzie,71180_1993.txt_ceo_lastname_215,-0.10549672693014145,3,-0.31649017333984375,ceo_lastname
qr_ablate,Lenzie,71180_1993.txt_ceo_lastname_215,-0.8192517161369324,3,-2.4577550888061523,ceo_lastname
patch_qr,Lenzie,71180_1993.txt_ceo_lastname_215,-0.10989844053983688,3,-0.32969531416893005,ceo_lastname
patch_bottom,Lenzie,71180_1993.txt_ceo_lastname_215,-0.8286585807800293,3,-2.485975742340088,ceo_lastname
patch_same_layer,Lenzie,71180_1993.txt_ceo_lastname_215,-0.8436598181724548,3,-2.5309793949127197,ceo_lastname
patch_random_00,Lenzie,71180_1993.txt_ceo_lastname_215,-0.8208295106887817,3,-2.4624884128570557,ceo_lastname
patch_random_01,Lenzie,71180_1993.txt_ceo_lastname_215,-0.8018631935119629,3,-2.4055895805358887,ceo_lastname
patch_random_02,Lenzie,71180_1993.txt_ceo_lastname_215,-1.117659568786621,3,-3.352978467941284,ceo_lastname
patch_random_03,Lenzie,71180_1993.txt_ceo_lastname_215,-0.7796510457992554,3,-2.3389530181884766,ceo_lastname
patch_random_04,Lenzie,71180_1993.txt_ceo_lastname_215,-1.0817654132843018,3,-3.245296001434326,ceo_lastname
patch_random_05,Lenzie,71180_1993.txt_ceo_lastname_215,-0.7642771601676941,3,-2.2928314208984375,ceo_lastname
patch_random_06,Lenzie,71180_1993.txt_ceo_lastname_215,-0.4110930562019348,3,-1.2332791090011597,ceo_lastname
patch_random_07,Lenzie,71180_1993.txt_ceo_lastname_215,-0.6437784433364868,3,-1.931335210800171,ceo_lastname
patch_random_08,Lenzie,71180_1993.txt_ceo_lastname_215,-0.7614127993583679,3,-2.284238338470459,ceo_lastname
patch_random_09,Lenzie,71180_1993.txt_ceo_lastname_215,-0.7273918390274048,3,-2.182175397872925,ceo_lastname
patch_random_10,Lenzie,71180_1993.txt_ceo_lastname_215,-0.9965821504592896,3,-2.989746332168579,ceo_lastname
patch_random_11,Lenzie,71180_1993.txt_ceo_lastname_215,-0.7105852961540222,3,-2.131755828857422,ceo_lastname
patch_random_12,Lenzie,71180_1993.txt_ceo_lastname_215,-0.7912468314170837,3,-2.3737404346466064,ceo_lastname
patch_random_13,Lenzie,71180_1993.txt_ceo_lastname_215,-0.739673376083374,3,-2.219020128250122,ceo_lastname
patch_random_14,Lenzie,71180_1993.txt_ceo_lastname_215,-0.7524780035018921,3,-2.2574338912963867,ceo_lastname
patch_random_15,Lenzie,71180_1993.txt_ceo_lastname_215,-0.8134974241256714,3,-2.4404921531677246,ceo_lastname
patch_random_16,Lenzie,71180_1993.txt_ceo_lastname_215,-1.0611915588378906,3,-3.183574676513672,ceo_lastname
patch_random_17,Lenzie,71180_1993.txt_ceo_lastname_215,-0.6949698328971863,3,-2.084909439086914,ceo_lastname
patch_random_18,Lenzie,71180_1993.txt_ceo_lastname_215,-0.6568905711174011,3,-1.9706716537475586,ceo_lastname
patch_random_19,Lenzie,71180_1993.txt_ceo_lastname_215,-0.8109675645828247,3,-2.4329025745391846,ceo_lastname
patch_matched_layer_random_00,Lenzie,71180_1993.txt_ceo_lastname_215,-0.777983546257019,3,-2.3339505195617676,ceo_lastname
patch_matched_layer_random_01,Lenzie,71180_1993.txt_ceo_lastname_215,-0.7432740926742554,3,-2.2298221588134766,ceo_lastname
patch_matched_layer_random_02,Lenzie,71180_1993.txt_ceo_lastname_215,-0.9123513102531433,3,-2.737053871154785,ceo_lastname
patch_matched_layer_random_03,Lenzie,71180_1993.txt_ceo_lastname_215,-0.8318226337432861,3,-2.4954679012298584,ceo_lastname
patch_matched_layer_random_04,Lenzie,71180_1993.txt_ceo_lastname_215,-0.7987763285636902,3,-2.396328926086426,ceo_lastname
patch_matched_layer_random_05,Lenzie,71180_1993.txt_ceo_lastname_215,-0.7687305808067322,3,-2.3061916828155518,ceo_lastname
patch_matched_layer_random_06,Lenzie,71180_1993.txt_ceo_lastname_215,-0.5820286273956299,3,-1.7460857629776,ceo_lastname
patch_matched_layer_random_07,Lenzie,71180_1993.txt_ceo_lastname_215,-0.6317542791366577,3,-1.8952627182006836,ceo_lastname
patch_matched_layer_random_08,Lenzie,71180_1993.txt_ceo_lastname_215,-0.6803333163261414,3,-2.0409998893737793,ceo_lastname
patch_matched_layer_random_09,Lenzie,71180_1993.txt_ceo_lastname_215,-0.9635524749755859,3,-2.890657424926758,ceo_lastname
patch_matched_layer_random_10,Lenzie,71180_1993.txt_ceo_lastname_215,-0.7685756087303162,3,-2.3057267665863037,ceo_lastname
patch_matched_layer_random_11,Lenzie,71180_1993.txt_ceo_lastname_215,-0.8389109969139099,3,-2.516732931137085,ceo_lastname
patch_matched_layer_random_12,Lenzie,71180_1993.txt_ceo_lastname_215,-0.8620842695236206,3,-2.5862526893615723,ceo_lastname
patch_matched_layer_random_13,Lenzie,71180_1993.txt_ceo_lastname_215,-0.6065335273742676,3,-1.8196005821228027,ceo_lastname
patch_matched_layer_random_14,Lenzie,71180_1993.txt_ceo_lastname_215,-0.8085459470748901,3,-2.425637722015381,ceo_lastname
patch_matched_layer_random_15,Lenzie,71180_1993.txt_ceo_lastname_215,-0.567947268486023,3,-1.7038418054580688,ceo_lastname
patch_matched_layer_random_16,Lenzie,71180_1993.txt_ceo_lastname_215,-0.9013800024986267,3,-2.7041399478912354,ceo_lastname
patch_matched_layer_random_17,Lenzie,71180_1993.txt_ceo_lastname_215,-1.032299280166626,3,-3.096897602081299,ceo_lastname
patch_matched_layer_random_18,Lenzie,71180_1993.txt_ceo_lastname_215,-0.6708515882492065,3,-2.01255464553833,ceo_lastname
patch_matched_layer_random_19,Lenzie,71180_1993.txt_ceo_lastname_215,-0.8137136697769165,3,-2.44114089012146,ceo_lastname
clean,35000,104669_1993.txt_employees_count_total_83,-0.7406673431396484,6,-4.444004058837891,employees_count_total
qr_ablate,35000,104669_1993.txt_employees_count_total_83,-1.7088279724121094,6,-10.252967834472656,employees_count_total
patch_qr,35000,104669_1993.txt_employees_count_total_83,-0.7131110429763794,6,-4.278666019439697,employees_count_total
patch_bottom,35000,104669_1993.txt_employees_count_total_83,-1.696094036102295,6,-10.17656421661377,employees_count_total
patch_same_layer,35000,104669_1993.txt_employees_count_total_83,-1.6545252799987793,6,-9.927151679992676,employees_count_total
patch_random_00,35000,104669_1993.txt_employees_count_total_83,-1.3751790523529053,6,-8.251073837280273,employees_count_total
patch_random_01,35000,104669_1993.txt_employees_count_total_83,-1.5966905355453491,6,-9.580142974853516,employees_count_total
patch_random_02,35000,104669_1993.txt_employees_count_total_83,-1.8547857999801636,6,-11.128714561462402,employees_count_total
patch_random_03,35000,104669_1993.txt_employees_count_total_83,-1.7066564559936523,6,-10.239938735961914,employees_count_total
patch_random_04,35000,104669_1993.txt_employees_count_total_83,-1.4123568534851074,6,-8.474141120910645,employees_count_total
patch_random_05,35000,104669_1993.txt_employees_count_total_83,-1.6650861501693726,6,-9.990516662597656,employees_count_total
patch_random_06,35000,104669_1993.txt_employees_count_total_83,-1.6573480367660522,6,-9.944087982177734,employees_count_total
patch_random_07,35000,104669_1993.txt_employees_count_total_83,-1.6353563070297241,6,-9.812137603759766,employees_count_total
patch_random_08,35000,104669_1993.txt_employees_count_total_83,-1.596296787261963,6,-9.577780723571777,employees_count_total
patch_random_09,35000,104669_1993.txt_employees_count_total_83,-1.2412340641021729,6,-7.447403907775879,employees_count_total
patch_random_10,35000,104669_1993.txt_employees_count_total_83,-1.7038886547088623,6,-10.223331451416016,employees_count_total
patch_random_11,35000,104669_1993.txt_employees_count_total_83,-1.613422155380249,6,-9.680532455444336,employees_count_total
patch_random_12,35000,104669_1993.txt_employees_count_total_83,-1.719809889793396,6,-10.318859100341797,employees_count_total
patch_random_13,35000,104669_1993.txt_employees_count_total_83,-1.6716949939727783,6,-10.030169486999512,employees_count_total
patch_random_14,35000,104669_1993.txt_employees_count_total_83,-1.6940009593963623,6,-10.164005279541016,employees_count_total
patch_random_15,35000,104669_1993.txt_employees_count_total_83,-1.6413006782531738,6,-9.847804069519043,employees_count_total
patch_random_16,35000,104669_1993.txt_employees_count_total_83,-1.7497243881225586,6,-10.498346328735352,employees_count_total
patch_random_17,35000,104669_1993.txt_employees_count_total_83,-1.698779821395874,6,-10.192678451538086,employees_count_total
patch_random_18,35000,104669_1993.txt_employees_count_total_83,-1.5648078918457031,6,-9.388847351074219,employees_count_total
patch_random_19,35000,104669_1993.txt_employees_count_total_83,-1.6508445739746094,6,-9.905067443847656,employees_count_total
patch_matched_layer_random_00,35000,104669_1993.txt_employees_count_total_83,-1.6311979293823242,6,-9.787187576293945,employees_count_total
patch_matched_layer_random_01,35000,104669_1993.txt_employees_count_total_83,-1.364856481552124,6,-8.189138412475586,employees_count_total
patch_matched_layer_random_02,35000,104669_1993.txt_employees_count_total_83,-1.5299410820007324,6,-9.179646492004395,employees_count_total
patch_matched_layer_random_03,35000,104669_1993.txt_employees_count_total_83,-1.6357072591781616,6,-9.81424331665039,employees_count_total
patch_matched_layer_random_04,35000,104669_1993.txt_employees_count_total_83,-1.598869800567627,6,-9.593218803405762,employees_count_total
patch_matched_layer_random_05,35000,104669_1993.txt_employees_count_total_83,-1.6467469930648804,6,-9.880481719970703,employees_count_total
patch_matched_layer_random_06,35000,104669_1993.txt_employees_count_total_83,-1.4519364833831787,6,-8.711618423461914,employees_count_total
patch_matched_layer_random_07,35000,104669_1993.txt_employees_count_total_83,-1.510815978050232,6,-9.064895629882812,employees_count_total
patch_matched_layer_random_08,35000,104669_1993.txt_employees_count_total_83,-1.6223039627075195,6,-9.733823776245117,employees_count_total
patch_matched_layer_random_09,35000,104669_1993.txt_employees_count_total_83,-1.5770223140716553,6,-9.462133407592773,employees_count_total
patch_matched_layer_random_10,35000,104669_1993.txt_employees_count_total_83,-1.6374099254608154,6,-9.824459075927734,employees_count_total
patch_matched_layer_random_11,35000,104669_1993.txt_employees_count_total_83,-1.6752341985702515,6,-10.05140495300293,employees_count_total
patch_matched_layer_random_12,35000,104669_1993.txt_employees_count_total_83,-1.703092098236084,6,-10.218552589416504,employees_count_total
patch_matched_layer_random_13,35000,104669_1993.txt_employees_count_total_83,-1.5995347499847412,6,-9.597208023071289,employees_count_total
patch_matched_layer_random_14,35000,104669_1993.txt_employees_count_total_83,-1.7223358154296875,6,-10.334014892578125,employees_count_total
patch_matched_layer_random_15,35000,104669_1993.txt_employees_count_total_83,-1.2725038528442383,6,-7.63502311706543,employees_count_total
patch_matched_layer_random_16,35000,104669_1993.txt_employees_count_total_83,-1.6640019416809082,6,-9.98401165008545,employees_count_total
patch_matched_layer_random_17,35000,104669_1993.txt_employees_count_total_83,-1.5328972339630127,6,-9.197382926940918,employees_count_total
patch_matched_layer_random_18,35000,104669_1993.txt_employees_count_total_83,-1.4142693281173706,6,-8.485615730285645,employees_count_total
patch_matched_layer_random_19,35000,104669_1993.txt_employees_count_total_83,-1.6007508039474487,6,-9.604504585266113,employees_count_total
clean,6101,80661_1993.txt_employees_count_total_29,-0.45300912857055664,5,-2.265045642852783,employees_count_total
qr_ablate,6101,80661_1993.txt_employees_count_total_29,-1.3672068119049072,5,-6.836033821105957,employees_count_total
patch_qr,6101,80661_1993.txt_employees_count_total_29,-0.4447239935398102,5,-2.2236199378967285,employees_count_total
patch_bottom,6101,80661_1993.txt_employees_count_total_29,-1.364881992340088,5,-6.8244099617004395,employees_count_total
patch_same_layer,6101,80661_1993.txt_employees_count_total_29,-1.4355982542037964,5,-7.177990913391113,employees_count_total
patch_random_00,6101,80661_1993.txt_employees_count_total_29,-0.933686375617981,5,-4.668431758880615,employees_count_total
patch_random_01,6101,80661_1993.txt_employees_count_total_29,-1.3214117288589478,5,-6.607058525085449,employees_count_total
patch_random_02,6101,80661_1993.txt_employees_count_total_29,-1.527215838432312,5,-7.636078834533691,employees_count_total
patch_random_03,6101,80661_1993.txt_employees_count_total_29,-1.366236925125122,5,-6.831184387207031,employees_count_total
patch_random_04,6101,80661_1993.txt_employees_count_total_29,-1.148916244506836,5,-5.74458122253418,employees_count_total
patch_random_05,6101,80661_1993.txt_employees_count_total_29,-1.4105192422866821,5,-7.052596092224121,employees_count_total
patch_random_06,6101,80661_1993.txt_employees_count_total_29,-1.2579377889633179,5,-6.289689064025879,employees_count_total
patch_random_07,6101,80661_1993.txt_employees_count_total_29,-1.2894588708877563,5,-6.447294235229492,employees_count_total
patch_random_08,6101,80661_1993.txt_employees_count_total_29,-1.2634044885635376,5,-6.317022323608398,employees_count_total
patch_random_09,6101,80661_1993.txt_employees_count_total_29,-0.845141589641571,5,-4.2257080078125,employees_count_total
patch_random_10,6101,80661_1993.txt_employees_count_total_29,-1.480763554573059,5,-7.403817653656006,employees_count_total
patch_random_11,6101,80661_1993.txt_employees_count_total_29,-1.2442587614059448,5,-6.221293926239014,employees_count_total
patch_random_12,6101,80661_1993.txt_employees_count_total_29,-1.3207260370254517,5,-6.603630065917969,employees_count_total
patch_random_13,6101,80661_1993.txt_employees_count_total_29,-1.3455358743667603,5,-6.727679252624512,employees_count_total
patch_random_14,6101,80661_1993.txt_employees_count_total_29,-1.363836407661438,5,-6.8191819190979,employees_count_total
patch_random_15,6101,80661_1993.txt_employees_count_total_29,-1.3306314945220947,5,-6.6531572341918945,employees_count_total
patch_random_16,6101,80661_1993.txt_employees_count_total_29,-1.5362451076507568,5,-7.681225299835205,employees_count_total
patch_random_17,6101,80661_1993.txt_employees_count_total_29,-1.3469454050064087,5,-6.734726905822754,employees_count_total
patch_random_18,6101,80661_1993.txt_employees_count_total_29,-1.2406843900680542,5,-6.203421592712402,employees_count_total
patch_random_19,6101,80661_1993.txt_employees_count_total_29,-1.3473942279815674,5,-6.736970901489258,employees_count_total
patch_matched_layer_random_00,6101,80661_1993.txt_employees_count_total_29,-1.2438101768493652,5,-6.219050884246826,employees_count_total
patch_matched_layer_random_01,6101,80661_1993.txt_employees_count_total_29,-1.2096381187438965,5,-6.048190593719482,employees_count_total
patch_matched_layer_random_02,6101,80661_1993.txt_employees_count_total_29,-1.3947285413742065,5,-6.973642349243164,employees_count_total
patch_matched_layer_random_03,6101,80661_1993.txt_employees_count_total_29,-1.3142426013946533,5,-6.5712127685546875,employees_count_total
patch_matched_layer_random_04,6101,80661_1993.txt_employees_count_total_29,-1.3621740341186523,5,-6.810870170593262,employees_count_total
patch_matched_layer_random_05,6101,80661_1993.txt_employees_count_total_29,-1.2121165990829468,5,-6.060583114624023,employees_count_total
patch_matched_layer_random_06,6101,80661_1993.txt_employees_count_total_29,-1.1684976816177368,5,-5.8424882888793945,employees_count_total
patch_matched_layer_random_07,6101,80661_1993.txt_employees_count_total_29,-1.2312803268432617,5,-6.156401634216309,employees_count_total
patch_matched_layer_random_08,6101,80661_1993.txt_employees_count_total_29,-1.0741840600967407,5,-5.370920181274414,employees_count_total
patch_matched_layer_random_09,6101,80661_1993.txt_employees_count_total_29,-1.2236727476119995,5,-6.118363380432129,employees_count_total
patch_matched_layer_random_10,6101,80661_1993.txt_employees_count_total_29,-1.1587234735488892,5,-5.793617248535156,employees_count_total
patch_matched_layer_random_11,6101,80661_1993.txt_employees_count_total_29,-1.4858664274215698,5,-7.429332256317139,employees_count_total
patch_matched_layer_random_12,6101,80661_1993.txt_employees_count_total_29,-1.3024204969406128,5,-6.512102127075195,employees_count_total
patch_matched_layer_random_13,6101,80661_1993.txt_employees_count_total_29,-1.24748694896698,5,-6.2374348640441895,employees_count_total
patch_matched_layer_random_14,6101,80661_1993.txt_employees_count_total_29,-1.312252163887024,5,-6.56126070022583,employees_count_total
patch_matched_layer_random_15,6101,80661_1993.txt_employees_count_total_29,-1.1952660083770752,5,-5.976329803466797,employees_count_total
patch_matched_layer_random_16,6101,80661_1993.txt_employees_count_total_29,-1.2397745847702026,5,-6.1988725662231445,employees_count_total
patch_matched_layer_random_17,6101,80661_1993.txt_employees_count_total_29,-1.5133531093597412,5,-7.566765308380127,employees_count_total
patch_matched_layer_random_18,6101,80661_1993.txt_employees_count_total_29,-1.3866561651229858,5,-6.933280944824219,employees_count_total
patch_matched_layer_random_19,6101,80661_1993.txt_employees_count_total_29,-1.2362186908721924,5,-6.181093215942383,employees_count_total
clean,257,18497_1993.txt_employees_count_total_34,-0.14310716092586517,4,-0.5724286437034607,employees_count_total
qr_ablate,257,18497_1993.txt_employees_count_total_34,-0.6391259431838989,4,-2.5565037727355957,employees_count_total
patch_qr,257,18497_1993.txt_employees_count_total_34,-0.10435543209314346,4,-0.41742172837257385,employees_count_total
patch_bottom,257,18497_1993.txt_employees_count_total_34,-0.6403489112854004,4,-2.5613956451416016,employees_count_total
patch_same_layer,257,18497_1993.txt_employees_count_total_34,-0.8480923771858215,4,-3.392369508743286,employees_count_total
patch_random_00,257,18497_1993.txt_employees_count_total_34,-0.40229588747024536,4,-1.6091835498809814,employees_count_total
patch_random_01,257,18497_1993.txt_employees_count_total_34,-0.5982314348220825,4,-2.39292573928833,employees_count_total
patch_random_02,257,18497_1993.txt_employees_count_total_34,-0.8549247980117798,4,-3.419699192047119,employees_count_total
patch_random_03,257,18497_1993.txt_employees_count_total_34,-0.5927677154541016,4,-2.3710708618164062,employees_count_total
patch_random_04,257,18497_1993.txt_employees_count_total_34,-0.6426308155059814,4,-2.570523262023926,employees_count_total
patch_random_05,257,18497_1993.txt_employees_count_total_34,-1.0647534132003784,4,-4.259013652801514,employees_count_total
patch_random_06,257,18497_1993.txt_employees_count_total_34,-0.5399767160415649,4,-2.1599068641662598,employees_count_total
patch_random_07,257,18497_1993.txt_employees_count_total_34,-0.4321800470352173,4,-1.7287201881408691,employees_count_total
patch_random_08,257,18497_1993.txt_employees_count_total_34,-0.46527963876724243,4,-1.8611185550689697,employees_count_total
patch_random_09,257,18497_1993.txt_employees_count_total_34,-0.31599485874176025,4,-1.263979434967041,employees_count_total
patch_random_10,257,18497_1993.txt_employees_count_total_34,-1.0203588008880615,4,-4.081435203552246,employees_count_total
patch_random_11,257,18497_1993.txt_employees_count_total_34,-0.41130346059799194,4,-1.6452138423919678,employees_count_total
patch_random_12,257,18497_1993.txt_employees_count_total_34,-0.6341665983200073,4,-2.5366663932800293,employees_count_total
patch_random_13,257,18497_1993.txt_employees_count_total_34,-0.5269949436187744,4,-2.1079797744750977,employees_count_total
patch_random_14,257,18497_1993.txt_employees_count_total_34,-0.5978920459747314,4,-2.391568183898926,employees_count_total
patch_random_15,257,18497_1993.txt_employees_count_total_34,-0.5885025262832642,4,-2.3540101051330566,employees_count_total
patch_random_16,257,18497_1993.txt_employees_count_total_34,-1.2055747509002686,4,-4.822299003601074,employees_count_total
patch_random_17,257,18497_1993.txt_employees_count_total_34,-0.6020241975784302,4,-2.4080967903137207,employees_count_total
patch_random_18,257,18497_1993.txt_employees_count_total_34,-0.5914485454559326,4,-2.3657941818237305,employees_count_total
patch_random_19,257,18497_1993.txt_employees_count_total_34,-0.5785527229309082,4,-2.314210891723633,employees_count_total
patch_matched_layer_random_00,257,18497_1993.txt_employees_count_total_34,-0.6146031022071838,4,-2.4584124088287354,employees_count_total
patch_matched_layer_random_01,257,18497_1993.txt_employees_count_total_34,-0.5091565251350403,4,-2.036626100540161,employees_count_total
patch_matched_layer_random_02,257,18497_1993.txt_employees_count_total_34,-0.7044973373413086,4,-2.8179893493652344,employees_count_total
patch_matched_layer_random_03,257,18497_1993.txt_employees_count_total_34,-0.6215947270393372,4,-2.4863789081573486,employees_count_total
patch_matched_layer_random_04,257,18497_1993.txt_employees_count_total_34,-0.5539443492889404,4,-2.2157773971557617,employees_count_total
patch_matched_layer_random_05,257,18497_1993.txt_employees_count_total_34,-0.7018253803253174,4,-2.8073015213012695,employees_count_total
patch_matched_layer_random_06,257,18497_1993.txt_employees_count_total_34,-0.5144801139831543,4,-2.057920455932617,employees_count_total
patch_matched_layer_random_07,257,18497_1993.txt_employees_count_total_34,-0.3661011755466461,4,-1.4644047021865845,employees_count_total
patch_matched_layer_random_08,257,18497_1993.txt_employees_count_total_34,-0.430291086435318,4,-1.721164345741272,employees_count_total
patch_matched_layer_random_09,257,18497_1993.txt_employees_count_total_34,-1.1381888389587402,4,-4.552755355834961,employees_count_total
patch_matched_layer_random_10,257,18497_1993.txt_employees_count_total_34,-0.5786076188087463,4,-2.3144304752349854,employees_count_total
patch_matched_layer_random_11,257,18497_1993.txt_employees_count_total_34,-0.9459962844848633,4,-3.783985137939453,employees_count_total
patch_matched_layer_random_12,257,18497_1993.txt_employees_count_total_34,-0.728958785533905,4,-2.91583514213562,employees_count_total
patch_matched_layer_random_13,257,18497_1993.txt_employees_count_total_34,-0.8206498622894287,4,-3.282599449157715,employees_count_total
patch_matched_layer_random_14,257,18497_1993.txt_employees_count_total_34,-0.6296379566192627,4,-2.518551826477051,employees_count_total
patch_matched_layer_random_15,257,18497_1993.txt_employees_count_total_34,-0.45886969566345215,4,-1.8354787826538086,employees_count_total
patch_matched_layer_random_16,257,18497_1993.txt_employees_count_total_34,-1.091149091720581,4,-4.364596366882324,employees_count_total
patch_matched_layer_random_17,257,18497_1993.txt_employees_count_total_34,-1.351658582687378,4,-5.406634330749512,employees_count_total
patch_matched_layer_random_18,257,18497_1993.txt_employees_count_total_34,-0.44940972328186035,4,-1.7976388931274414,employees_count_total
patch_matched_layer_random_19,257,18497_1993.txt_employees_count_total_34,-0.6437397003173828,4,-2.5749588012695312,employees_count_total
clean,51250,18230_1993.txt_employees_count_total_244,-0.7989850044250488,6,-4.793910026550293,employees_count_total
qr_ablate,51250,18230_1993.txt_employees_count_total_244,-1.4973623752593994,6,-8.984173774719238,employees_count_total
patch_qr,51250,18230_1993.txt_employees_count_total_244,-0.8836307525634766,6,-5.301784515380859,employees_count_total
patch_bottom,51250,18230_1993.txt_employees_count_total_244,-1.5003589391708374,6,-9.002153396606445,employees_count_total
patch_same_layer,51250,18230_1993.txt_employees_count_total_244,-1.3828294277191162,6,-8.296976089477539,employees_count_total
patch_random_00,51250,18230_1993.txt_employees_count_total_244,-1.3104197978973389,6,-7.862518787384033,employees_count_total
patch_random_01,51250,18230_1993.txt_employees_count_total_244,-1.454521894454956,6,-8.727130889892578,employees_count_total
patch_random_02,51250,18230_1993.txt_employees_count_total_244,-1.6299302577972412,6,-9.779581069946289,employees_count_total
patch_random_03,51250,18230_1993.txt_employees_count_total_244,-1.4470751285552979,6,-8.682450294494629,employees_count_total
patch_random_04,51250,18230_1993.txt_employees_count_total_244,-1.4032323360443115,6,-8.419393539428711,employees_count_total
patch_random_05,51250,18230_1993.txt_employees_count_total_244,-1.536935567855835,6,-9.221612930297852,employees_count_total
patch_random_06,51250,18230_1993.txt_employees_count_total_244,-1.4319262504577637,6,-8.591557502746582,employees_count_total
patch_random_07,51250,18230_1993.txt_employees_count_total_244,-1.4411948919296265,6,-8.64716911315918,employees_count_total
patch_random_08,51250,18230_1993.txt_employees_count_total_244,-1.3302810192108154,6,-7.981686115264893,employees_count_total
patch_random_09,51250,18230_1993.txt_employees_count_total_244,-1.271507740020752,6,-7.6290459632873535,employees_count_total
patch_random_10,51250,18230_1993.txt_employees_count_total_244,-1.4373040199279785,6,-8.623824119567871,employees_count_total
patch_random_11,51250,18230_1993.txt_employees_count_total_244,-1.401352882385254,6,-8.408117294311523,employees_count_total
patch_random_12,51250,18230_1993.txt_employees_count_total_244,-1.4687814712524414,6,-8.812688827514648,employees_count_total
patch_random_13,51250,18230_1993.txt_employees_count_total_244,-1.4685338735580444,6,-8.811203002929688,employees_count_total
patch_random_14,51250,18230_1993.txt_employees_count_total_244,-1.4798603057861328,6,-8.879161834716797,employees_count_total
patch_random_15,51250,18230_1993.txt_employees_count_total_244,-1.4539260864257812,6,-8.723556518554688,employees_count_total
patch_random_16,51250,18230_1993.txt_employees_count_total_244,-1.5949420928955078,6,-9.569652557373047,employees_count_total
patch_random_17,51250,18230_1993.txt_employees_count_total_244,-1.4993219375610352,6,-8.995931625366211,employees_count_total
patch_random_18,51250,18230_1993.txt_employees_count_total_244,-1.3183212280273438,6,-7.9099273681640625,employees_count_total
patch_random_19,51250,18230_1993.txt_employees_count_total_244,-1.5080490112304688,6,-9.048294067382812,employees_count_total
patch_matched_layer_random_00,51250,18230_1993.txt_employees_count_total_244,-1.4014763832092285,6,-8.408858299255371,employees_count_total
patch_matched_layer_random_01,51250,18230_1993.txt_employees_count_total_244,-1.3543246984481812,6,-8.125947952270508,employees_count_total
patch_matched_layer_random_02,51250,18230_1993.txt_employees_count_total_244,-1.5822042226791382,6,-9.49322509765625,employees_count_total
patch_matched_layer_random_03,51250,18230_1993.txt_employees_count_total_244,-1.4905107021331787,6,-8.943063735961914,employees_count_total
patch_matched_layer_random_04,51250,18230_1993.txt_employees_count_total_244,-1.475579023361206,6,-8.853473663330078,employees_count_total
patch_matched_layer_random_05,51250,18230_1993.txt_employees_count_total_244,-1.3813728094100952,6,-8.288236618041992,employees_count_total
patch_matched_layer_random_06,51250,18230_1993.txt_employees_count_total_244,-1.3997130393981934,6,-8.39827823638916,employees_count_total
patch_matched_layer_random_07,51250,18230_1993.txt_employees_count_total_244,-1.4157190322875977,6,-8.494314193725586,employees_count_total
patch_matched_layer_random_08,51250,18230_1993.txt_employees_count_total_244,-1.4307827949523926,6,-8.584696769714355,employees_count_total
patch_matched_layer_random_09,51250,18230_1993.txt_employees_count_total_244,-1.4030487537384033,6,-8.418292045593262,employees_count_total
patch_matched_layer_random_10,51250,18230_1993.txt_employees_count_total_244,-1.3807549476623535,6,-8.284529685974121,employees_count_total
patch_matched_layer_random_11,51250,18230_1993.txt_employees_count_total_244,-1.4767429828643799,6,-8.860457420349121,employees_count_total
patch_matched_layer_random_12,51250,18230_1993.txt_employees_count_total_244,-1.604576826095581,6,-9.627460479736328,employees_count_total
patch_matched_layer_random_13,51250,18230_1993.txt_employees_count_total_244,-1.372658610343933,6,-8.23595142364502,employees_count_total
patch_matched_layer_random_14,51250,18230_1993.txt_employees_count_total_244,-1.3814988136291504,6,-8.288992881774902,employees_count_total
patch_matched_layer_random_15,51250,18230_1993.txt_employees_count_total_244,-1.4618816375732422,6,-8.771289825439453,employees_count_total
patch_matched_layer_random_16,51250,18230_1993.txt_employees_count_total_244,-1.3454258441925049,6,-8.072554588317871,employees_count_total
patch_matched_layer_random_17,51250,18230_1993.txt_employees_count_total_244,-1.586054801940918,6,-9.516328811645508,employees_count_total
patch_matched_layer_random_18,51250,18230_1993.txt_employees_count_total_244,-1.4797810316085815,6,-8.87868595123291,employees_count_total
patch_matched_layer_random_19,51250,18230_1993.txt_employees_count_total_244,-1.4674265384674072,6,-8.804558753967285,employees_count_total
clean,76200,732714_1993.txt_employees_count_total_169,-0.9785625338554382,6,-5.87137508392334,employees_count_total
qr_ablate,76200,732714_1993.txt_employees_count_total_169,-1.8775947093963623,6,-11.265567779541016,employees_count_total
patch_qr,76200,732714_1993.txt_employees_count_total_169,-0.9509736895561218,6,-5.705842018127441,employees_count_total
patch_bottom,76200,732714_1993.txt_employees_count_total_169,-1.8897651433944702,6,-11.338590621948242,employees_count_total
patch_same_layer,76200,732714_1993.txt_employees_count_total_169,-2.0192627906799316,6,-12.11557674407959,employees_count_total
patch_random_00,76200,732714_1993.txt_employees_count_total_169,-1.6867945194244385,6,-10.120766639709473,employees_count_total
patch_random_01,76200,732714_1993.txt_employees_count_total_169,-1.6909809112548828,6,-10.145885467529297,employees_count_total
patch_random_02,76200,732714_1993.txt_employees_count_total_169,-2.035231590270996,6,-12.211389541625977,employees_count_total
patch_random_03,76200,732714_1993.txt_employees_count_total_169,-1.8703162670135498,6,-11.22189712524414,employees_count_total
patch_random_04,76200,732714_1993.txt_employees_count_total_169,-1.933832049369812,6,-11.602992057800293,employees_count_total
patch_random_05,76200,732714_1993.txt_employees_count_total_169,-1.948809027671814,6,-11.692853927612305,employees_count_total
patch_random_06,76200,732714_1993.txt_employees_count_total_169,-1.7645387649536133,6,-10.58723258972168,employees_count_total
patch_random_07,76200,732714_1993.txt_employees_count_total_169,-1.816627860069275,6,-10.89976692199707,employees_count_total
patch_random_08,76200,732714_1993.txt_employees_count_total_169,-1.750549077987671,6,-10.503293991088867,employees_count_total
patch_random_09,76200,732714_1993.txt_employees_count_total_169,-1.6718521118164062,6,-10.031112670898438,employees_count_total
patch_random_10,76200,732714_1993.txt_employees_count_total_169,-1.8144807815551758,6,-10.886884689331055,employees_count_total
patch_random_11,76200,732714_1993.txt_employees_count_total_169,-1.697912573814392,6,-10.187475204467773,employees_count_total
patch_random_12,76200,732714_1993.txt_employees_count_total_169,-1.8706071376800537,6,-11.223642349243164,employees_count_total
patch_random_13,76200,732714_1993.txt_employees_count_total_169,-1.8762149810791016,6,-11.25728988647461,employees_count_total
patch_random_14,76200,732714_1993.txt_employees_count_total_169,-1.903838038444519,6,-11.423027992248535,employees_count_total
patch_random_15,76200,732714_1993.txt_employees_count_total_169,-1.8359363079071045,6,-11.015617370605469,employees_count_total
patch_random_16,76200,732714_1993.txt_employees_count_total_169,-1.953176498413086,6,-11.719058990478516,employees_count_total
patch_random_17,76200,732714_1993.txt_employees_count_total_169,-1.8912568092346191,6,-11.347540855407715,employees_count_total
patch_random_18,76200,732714_1993.txt_employees_count_total_169,-1.8232059478759766,6,-10.93923568725586,employees_count_total
patch_random_19,76200,732714_1993.txt_employees_count_total_169,-1.7928693294525146,6,-10.75721549987793,employees_count_total
patch_matched_layer_random_00,76200,732714_1993.txt_employees_count_total_169,-1.7919162511825562,6,-10.751497268676758,employees_count_total
patch_matched_layer_random_01,76200,732714_1993.txt_employees_count_total_169,-1.6431277990341187,6,-9.858766555786133,employees_count_total
patch_matched_layer_random_02,76200,732714_1993.txt_employees_count_total_169,-1.8534038066864014,6,-11.12042236328125,employees_count_total
patch_matched_layer_random_03,76200,732714_1993.txt_employees_count_total_169,-1.8854179382324219,6,-11.312507629394531,employees_count_total
patch_matched_layer_random_04,76200,732714_1993.txt_employees_count_total_169,-1.8025128841400146,6,-10.81507682800293,employees_count_total
patch_matched_layer_random_05,76200,732714_1993.txt_employees_count_total_169,-1.898331642150879,6,-11.389989852905273,employees_count_total
patch_matched_layer_random_06,76200,732714_1993.txt_employees_count_total_169,-1.4875543117523193,6,-8.925325393676758,employees_count_total
patch_matched_layer_random_07,76200,732714_1993.txt_employees_count_total_169,-1.7770084142684937,6,-10.662050247192383,employees_count_total
patch_matched_layer_random_08,76200,732714_1993.txt_employees_count_total_169,-1.7923948764801025,6,-10.754368782043457,employees_count_total
patch_matched_layer_random_09,76200,732714_1993.txt_employees_count_total_169,-1.7332271337509155,6,-10.399362564086914,employees_count_total
patch_matched_layer_random_10,76200,732714_1993.txt_employees_count_total_169,-1.8209030628204346,6,-10.92541790008545,employees_count_total
patch_matched_layer_random_11,76200,732714_1993.txt_employees_count_total_169,-1.791168212890625,6,-10.74700927734375,employees_count_total
patch_matched_layer_random_12,76200,732714_1993.txt_employees_count_total_169,-1.8133265972137451,6,-10.879959106445312,employees_count_total
patch_matched_layer_random_13,76200,732714_1993.txt_employees_count_total_169,-1.6106574535369873,6,-9.663944244384766,employees_count_total
patch_matched_layer_random_14,76200,732714_1993.txt_employees_count_total_169,-1.8737411499023438,6,-11.242446899414062,employees_count_total
patch_matched_layer_random_15,76200,732714_1993.txt_employees_count_total_169,-1.4474608898162842,6,-8.684764862060547,employees_count_total
patch_matched_layer_random_16,76200,732714_1993.txt_employees_count_total_169,-1.7998120784759521,6,-10.798871994018555,employees_count_total
patch_matched_layer_random_17,76200,732714_1993.txt_employees_count_total_169,-1.7624552249908447,6,-10.57473087310791,employees_count_total
patch_matched_layer_random_18,76200,732714_1993.txt_employees_count_total_169,-1.8125050067901611,6,-10.875029563903809,employees_count_total
patch_matched_layer_random_19,76200,732714_1993.txt_employees_count_total_169,-1.9803059101104736,6,-11.881834983825684,employees_count_total
clean,5300,34501_1993.txt_employees_count_total_219,-0.5548505187034607,5,-2.7742526531219482,employees_count_total
qr_ablate,5300,34501_1993.txt_employees_count_total_219,-1.2163560390472412,5,-6.081779956817627,employees_count_total
patch_qr,5300,34501_1993.txt_employees_count_total_219,-0.5851465463638306,5,-2.9257326126098633,employees_count_total
patch_bottom,5300,34501_1993.txt_employees_count_total_219,-1.2084461450576782,5,-6.042230606079102,employees_count_total
patch_same_layer,5300,34501_1993.txt_employees_count_total_219,-1.0320876836776733,5,-5.160438537597656,employees_count_total
patch_random_00,5300,34501_1993.txt_employees_count_total_219,-1.0375142097473145,5,-5.187571048736572,employees_count_total
patch_random_01,5300,34501_1993.txt_employees_count_total_219,-1.1263178586959839,5,-5.631588935852051,employees_count_total
patch_random_02,5300,34501_1993.txt_employees_count_total_219,-1.353030800819397,5,-6.765153884887695,employees_count_total
patch_random_03,5300,34501_1993.txt_employees_count_total_219,-1.1789653301239014,5,-5.894826412200928,employees_count_total
patch_random_04,5300,34501_1993.txt_employees_count_total_219,-1.2912849187850952,5,-6.456424236297607,employees_count_total
patch_random_05,5300,34501_1993.txt_employees_count_total_219,-1.2105809450149536,5,-6.0529046058654785,employees_count_total
patch_random_06,5300,34501_1993.txt_employees_count_total_219,-1.1577481031417847,5,-5.788740158081055,employees_count_total
patch_random_07,5300,34501_1993.txt_employees_count_total_219,-1.2069792747497559,5,-6.034896373748779,employees_count_total
patch_random_08,5300,34501_1993.txt_employees_count_total_219,-1.0949615240097046,5,-5.474807262420654,employees_count_total
patch_random_09,5300,34501_1993.txt_employees_count_total_219,-0.9969694018363953,5,-4.984847068786621,employees_count_total
patch_random_10,5300,34501_1993.txt_employees_count_total_219,-1.2492916584014893,5,-6.246458053588867,employees_count_total
patch_random_11,5300,34501_1993.txt_employees_count_total_219,-1.0501989126205444,5,-5.2509942054748535,employees_count_total
patch_random_12,5300,34501_1993.txt_employees_count_total_219,-1.1970579624176025,5,-5.985289573669434,employees_count_total
patch_random_13,5300,34501_1993.txt_employees_count_total_219,-1.1695404052734375,5,-5.8477020263671875,employees_count_total
patch_random_14,5300,34501_1993.txt_employees_count_total_219,-1.2002321481704712,5,-6.001160621643066,employees_count_total
patch_random_15,5300,34501_1993.txt_employees_count_total_219,-1.195979118347168,5,-5.97989559173584,employees_count_total
patch_random_16,5300,34501_1993.txt_employees_count_total_219,-1.3614411354064941,5,-6.807205677032471,employees_count_total
patch_random_17,5300,34501_1993.txt_employees_count_total_219,-1.2077850103378296,5,-6.0389251708984375,employees_count_total
patch_random_18,5300,34501_1993.txt_employees_count_total_219,-1.1178867816925049,5,-5.589433670043945,employees_count_total
patch_random_19,5300,34501_1993.txt_employees_count_total_219,-1.2269595861434937,5,-6.1347975730896,employees_count_total
patch_matched_layer_random_00,5300,34501_1993.txt_employees_count_total_219,-1.1069331169128418,5,-5.534665584564209,employees_count_total
patch_matched_layer_random_01,5300,34501_1993.txt_employees_count_total_219,-1.1063916683197021,5,-5.531958103179932,employees_count_total
patch_matched_layer_random_02,5300,34501_1993.txt_employees_count_total_219,-1.1987223625183105,5,-5.993611812591553,employees_count_total
patch_matched_layer_random_03,5300,34501_1993.txt_employees_count_total_219,-1.1719764471054077,5,-5.859882354736328,employees_count_total
patch_matched_layer_random_04,5300,34501_1993.txt_employees_count_total_219,-1.082649827003479,5,-5.4132490158081055,employees_count_total
patch_matched_layer_random_05,5300,34501_1993.txt_employees_count_total_219,-1.141775131225586,5,-5.70887565612793,employees_count_total
patch_matched_layer_random_06,5300,34501_1993.txt_employees_count_total_219,-1.1308660507202148,5,-5.654330253601074,employees_count_total
patch_matched_layer_random_07,5300,34501_1993.txt_employees_count_total_219,-1.0351332426071167,5,-5.175665855407715,employees_count_total
patch_matched_layer_random_08,5300,34501_1993.txt_employees_count_total_219,-1.071630597114563,5,-5.358152866363525,employees_count_total
patch_matched_layer_random_09,5300,34501_1993.txt_employees_count_total_219,-1.1425429582595825,5,-5.712714672088623,employees_count_total
patch_matched_layer_random_10,5300,34501_1993.txt_employees_count_total_219,-1.1173683404922485,5,-5.586841583251953,employees_count_total
patch_matched_layer_random_11,5300,34501_1993.txt_employees_count_total_219,-1.2680416107177734,5,-6.340208053588867,employees_count_total
patch_matched_layer_random_12,5300,34501_1993.txt_employees_count_total_219,-1.2360318899154663,5,-6.180159568786621,employees_count_total
patch_matched_layer_random_13,5300,34501_1993.txt_employees_count_total_219,-1.1147058010101318,5,-5.57352876663208,employees_count_total
patch_matched_layer_random_14,5300,34501_1993.txt_employees_count_total_219,-1.196391224861145,5,-5.9819560050964355,employees_count_total
patch_matched_layer_random_15,5300,34501_1993.txt_employees_count_total_219,-1.1007840633392334,5,-5.503920078277588,employees_count_total
patch_matched_layer_random_16,5300,34501_1993.txt_employees_count_total_219,-1.1198240518569946,5,-5.599120140075684,employees_count_total
patch_matched_layer_random_17,5300,34501_1993.txt_employees_count_total_219,-1.3755342960357666,5,-6.877671241760254,employees_count_total
patch_matched_layer_random_18,5300,34501_1993.txt_employees_count_total_219,-1.1895707845687866,5,-5.947854042053223,employees_count_total
patch_matched_layer_random_19,5300,34501_1993.txt_employees_count_total_219,-1.16801917552948,5,-5.840095520019531,employees_count_total
clean,3712,103392_1993.txt_employees_count_total_176,-0.3125041127204895,5,-1.5625205039978027,employees_count_total
qr_ablate,3712,103392_1993.txt_employees_count_total_176,-1.252795934677124,5,-6.263979434967041,employees_count_total
patch_qr,3712,103392_1993.txt_employees_count_total_176,-0.3838360011577606,5,-1.919179916381836,employees_count_total
patch_bottom,3712,103392_1993.txt_employees_count_total_176,-1.2570823431015015,5,-6.285411834716797,employees_count_total
patch_same_layer,3712,103392_1993.txt_employees_count_total_176,-1.1229450702667236,5,-5.614725112915039,employees_count_total
patch_random_00,3712,103392_1993.txt_employees_count_total_176,-1.126556634902954,5,-5.632782936096191,employees_count_total
patch_random_01,3712,103392_1993.txt_employees_count_total_176,-1.1845324039459229,5,-5.922661781311035,employees_count_total
patch_random_02,3712,103392_1993.txt_employees_count_total_176,-1.3651951551437378,5,-6.82597541809082,employees_count_total
patch_random_03,3712,103392_1993.txt_employees_count_total_176,-1.2362630367279053,5,-6.181314945220947,employees_count_total
patch_random_04,3712,103392_1993.txt_employees_count_total_176,-1.2926825284957886,5,-6.463412761688232,employees_count_total
patch_random_05,3712,103392_1993.txt_employees_count_total_176,-1.1961733102798462,5,-5.980866432189941,employees_count_total
patch_random_06,3712,103392_1993.txt_employees_count_total_176,-1.2063026428222656,5,-6.031513214111328,employees_count_total
patch_random_07,3712,103392_1993.txt_employees_count_total_176,-1.14752995967865,5,-5.737649917602539,employees_count_total
patch_random_08,3712,103392_1993.txt_employees_count_total_176,-1.2548553943634033,5,-6.2742767333984375,employees_count_total
patch_random_09,3712,103392_1993.txt_employees_count_total_176,-1.0848839282989502,5,-5.424419403076172,employees_count_total
patch_random_10,3712,103392_1993.txt_employees_count_total_176,-1.2313703298568726,5,-6.156851768493652,employees_count_total
patch_random_11,3712,103392_1993.txt_employees_count_total_176,-1.1542549133300781,5,-5.771274566650391,employees_count_total
patch_random_12,3712,103392_1993.txt_employees_count_total_176,-1.2082632780075073,5,-6.041316032409668,employees_count_total
patch_random_13,3712,103392_1993.txt_employees_count_total_176,-1.185310959815979,5,-5.9265546798706055,employees_count_total
patch_random_14,3712,103392_1993.txt_employees_count_total_176,-1.2564241886138916,5,-6.282120704650879,employees_count_total
patch_random_15,3712,103392_1993.txt_employees_count_total_176,-1.2015790939331055,5,-6.007895469665527,employees_count_total
patch_random_16,3712,103392_1993.txt_employees_count_total_176,-1.3524525165557861,5,-6.762262344360352,employees_count_total
patch_random_17,3712,103392_1993.txt_employees_count_total_176,-1.2242701053619385,5,-6.121350288391113,employees_count_total
patch_random_18,3712,103392_1993.txt_employees_count_total_176,-1.136635422706604,5,-5.6831769943237305,employees_count_total
patch_random_19,3712,103392_1993.txt_employees_count_total_176,-1.278866171836853,5,-6.3943305015563965,employees_count_total
patch_matched_layer_random_00,3712,103392_1993.txt_employees_count_total_176,-1.1826788187026978,5,-5.913393974304199,employees_count_total
patch_matched_layer_random_01,3712,103392_1993.txt_employees_count_total_176,-1.0673997402191162,5,-5.336998462677002,employees_count_total
patch_matched_layer_random_02,3712,103392_1993.txt_employees_count_total_176,-1.3488619327545166,5,-6.744309425354004,employees_count_total
patch_matched_layer_random_03,3712,103392_1993.txt_employees_count_total_176,-1.1607820987701416,5,-5.803910255432129,employees_count_total
patch_matched_layer_random_04,3712,103392_1993.txt_employees_count_total_176,-1.2035572528839111,5,-6.017786026000977,employees_count_total
patch_matched_layer_random_05,3712,103392_1993.txt_employees_count_total_176,-1.2643276453018188,5,-6.321638107299805,employees_count_total
patch_matched_layer_random_06,3712,103392_1993.txt_employees_count_total_176,-1.2233928442001343,5,-6.116964340209961,employees_count_total
patch_matched_layer_random_07,3712,103392_1993.txt_employees_count_total_176,-1.1792044639587402,5,-5.896022319793701,employees_count_total
patch_matched_layer_random_08,3712,103392_1993.txt_employees_count_total_176,-1.1731394529342651,5,-5.865697383880615,employees_count_total
patch_matched_layer_random_09,3712,103392_1993.txt_employees_count_total_176,-1.2826780080795288,5,-6.413390159606934,employees_count_total
patch_matched_layer_random_10,3712,103392_1993.txt_employees_count_total_176,-1.1458040475845337,5,-5.729020118713379,employees_count_total
patch_matched_layer_random_11,3712,103392_1993.txt_employees_count_total_176,-1.2600082159042358,5,-6.300041198730469,employees_count_total
patch_matched_layer_random_12,3712,103392_1993.txt_employees_count_total_176,-1.2634880542755127,5,-6.317440032958984,employees_count_total
patch_matched_layer_random_13,3712,103392_1993.txt_employees_count_total_176,-1.223280906677246,5,-6.1164045333862305,employees_count_total
patch_matched_layer_random_14,3712,103392_1993.txt_employees_count_total_176,-1.194685459136963,5,-5.9734272956848145,employees_count_total
patch_matched_layer_random_15,3712,103392_1993.txt_employees_count_total_176,-1.1730049848556519,5,-5.865024566650391,employees_count_total
patch_matched_layer_random_16,3712,103392_1993.txt_employees_count_total_176,-1.1408499479293823,5,-5.704249382019043,employees_count_total
patch_matched_layer_random_17,3712,103392_1993.txt_employees_count_total_176,-1.1994212865829468,5,-5.997106075286865,employees_count_total
patch_matched_layer_random_18,3712,103392_1993.txt_employees_count_total_176,-1.3001984357833862,5,-6.5009918212890625,employees_count_total
patch_matched_layer_random_19,3712,103392_1993.txt_employees_count_total_176,-1.1253660917282104,5,-5.626830577850342,employees_count_total
clean,4729,40878_1993.txt_employees_count_total_18,-0.6785755753517151,5,-3.3928778171539307,employees_count_total
qr_ablate,4729,40878_1993.txt_employees_count_total_18,-1.439797282218933,5,-7.198986053466797,employees_count_total
patch_qr,4729,40878_1993.txt_employees_count_total_18,-0.7762731909751892,5,-3.8813657760620117,employees_count_total
patch_bottom,4729,40878_1993.txt_employees_count_total_18,-1.4306577444076538,5,-7.1532883644104,employees_count_total
patch_same_layer,4729,40878_1993.txt_employees_count_total_18,-1.332357406616211,5,-6.661787033081055,employees_count_total
patch_random_00,4729,40878_1993.txt_employees_count_total_18,-1.0984009504318237,5,-5.49200439453125,employees_count_total
patch_random_01,4729,40878_1993.txt_employees_count_total_18,-1.353659987449646,5,-6.7683000564575195,employees_count_total
patch_random_02,4729,40878_1993.txt_employees_count_total_18,-1.7404931783676147,5,-8.702466011047363,employees_count_total
patch_random_03,4729,40878_1993.txt_employees_count_total_18,-1.3974639177322388,5,-6.987319469451904,employees_count_total
patch_random_04,4729,40878_1993.txt_employees_count_total_18,-1.3511326313018799,5,-6.75566291809082,employees_count_total
patch_random_05,4729,40878_1993.txt_employees_count_total_18,-1.569900393486023,5,-7.849501609802246,employees_count_total
patch_random_06,4729,40878_1993.txt_employees_count_total_18,-1.304834008216858,5,-6.524169921875,employees_count_total
patch_random_07,4729,40878_1993.txt_employees_count_total_18,-1.3282337188720703,5,-6.641168594360352,employees_count_total
patch_random_08,4729,40878_1993.txt_employees_count_total_18,-1.2004069089889526,5,-6.0020341873168945,employees_count_total
patch_random_09,4729,40878_1993.txt_employees_count_total_18,-0.9423009157180786,5,-4.7115044593811035,employees_count_total
patch_random_10,4729,40878_1993.txt_employees_count_total_18,-1.604467749595642,5,-8.0223388671875,employees_count_total
patch_random_11,4729,40878_1993.txt_employees_count_total_18,-1.1760766506195068,5,-5.880383014678955,employees_count_total
patch_random_12,4729,40878_1993.txt_employees_count_total_18,-1.387738585472107,5,-6.938692569732666,employees_count_total
patch_random_13,4729,40878_1993.txt_employees_count_total_18,-1.4048292636871338,5,-7.02414608001709,employees_count_total
patch_random_14,4729,40878_1993.txt_employees_count_total_18,-1.4300079345703125,5,-7.1500396728515625,employees_count_total
patch_random_15,4729,40878_1993.txt_employees_count_total_18,-1.387181282043457,5,-6.935906410217285,employees_count_total
patch_random_16,4729,40878_1993.txt_employees_count_total_18,-1.7286232709884644,5,-8.643115997314453,employees_count_total
patch_random_17,4729,40878_1993.txt_employees_count_total_18,-1.4278348684310913,5,-7.139173984527588,employees_count_total
patch_random_18,4729,40878_1993.txt_employees_count_total_18,-1.2184680700302124,5,-6.092340469360352,employees_count_total
patch_random_19,4729,40878_1993.txt_employees_count_total_18,-1.4049898386001587,5,-7.024949073791504,employees_count_total
patch_matched_layer_random_00,4729,40878_1993.txt_employees_count_total_18,-1.3042610883712769,5,-6.521305561065674,employees_count_total
patch_matched_layer_random_01,4729,40878_1993.txt_employees_count_total_18,-1.3367795944213867,5,-6.683897972106934,employees_count_total
patch_matched_layer_random_02,4729,40878_1993.txt_employees_count_total_18,-1.4637995958328247,5,-7.318997859954834,employees_count_total
patch_matched_layer_random_03,4729,40878_1993.txt_employees_count_total_18,-1.3928840160369873,5,-6.964419841766357,employees_count_total
patch_matched_layer_random_04,4729,40878_1993.txt_employees_count_total_18,-1.4365050792694092,5,-7.182525157928467,employees_count_total
patch_matched_layer_random_05,4729,40878_1993.txt_employees_count_total_18,-1.338815689086914,5,-6.69407844543457,employees_count_total
patch_matched_layer_random_06,4729,40878_1993.txt_employees_count_total_18,-1.2443530559539795,5,-6.221765041351318,employees_count_total
patch_matched_layer_random_07,4729,40878_1993.txt_employees_count_total_18,-1.216217279434204,5,-6.081086158752441,employees_count_total
patch_matched_layer_random_08,4729,40878_1993.txt_employees_count_total_18,-1.1903167963027954,5,-5.9515838623046875,employees_count_total
patch_matched_layer_random_09,4729,40878_1993.txt_employees_count_total_18,-1.2057887315750122,5,-6.0289435386657715,employees_count_total
patch_matched_layer_random_10,4729,40878_1993.txt_employees_count_total_18,-1.218286156654358,5,-6.0914306640625,employees_count_total
patch_matched_layer_random_11,4729,40878_1993.txt_employees_count_total_18,-1.5515879392623901,5,-7.757939338684082,employees_count_total
patch_matched_layer_random_12,4729,40878_1993.txt_employees_count_total_18,-1.4070111513137817,5,-7.035055637359619,employees_count_total
patch_matched_layer_random_13,4729,40878_1993.txt_employees_count_total_18,-1.196475863456726,5,-5.98237943649292,employees_count_total
patch_matched_layer_random_14,4729,40878_1993.txt_employees_count_total_18,-1.3138811588287354,5,-6.569405555725098,employees_count_total
patch_matched_layer_random_15,4729,40878_1993.txt_employees_count_total_18,-1.2849764823913574,5,-6.424882411956787,employees_count_total
patch_matched_layer_random_16,4729,40878_1993.txt_employees_count_total_18,-1.2500598430633545,5,-6.250298976898193,employees_count_total
patch_matched_layer_random_17,4729,40878_1993.txt_employees_count_total_18,-1.6248855590820312,5,-8.124427795410156,employees_count_total
patch_matched_layer_random_18,4729,40878_1993.txt_employees_count_total_18,-1.2275418043136597,5,-6.13770866394043,employees_count_total
patch_matched_layer_random_19,4729,40878_1993.txt_employees_count_total_18,-1.3475865125656128,5,-6.737932205200195,employees_count_total
clean,4200,277821_1993.txt_employees_count_total_156,-0.5263102650642395,5,-2.6315512657165527,employees_count_total
qr_ablate,4200,277821_1993.txt_employees_count_total_156,-1.271247148513794,5,-6.356235504150391,employees_count_total
patch_qr,4200,277821_1993.txt_employees_count_total_156,-0.5465766787528992,5,-2.7328832149505615,employees_count_total
patch_bottom,4200,277821_1993.txt_employees_count_total_156,-1.271411418914795,5,-6.357057094573975,employees_count_total
patch_same_layer,4200,277821_1993.txt_employees_count_total_156,-0.8521192669868469,5,-4.26059627532959,employees_count_total
patch_random_00,4200,277821_1993.txt_employees_count_total_156,-0.9098572731018066,5,-4.549286365509033,employees_count_total
patch_random_01,4200,277821_1993.txt_employees_count_total_156,-1.1604015827178955,5,-5.802007675170898,employees_count_total
patch_random_02,4200,277821_1993.txt_employees_count_total_156,-1.4284348487854004,5,-7.142174243927002,employees_count_total
patch_random_03,4200,277821_1993.txt_employees_count_total_156,-1.2459944486618042,5,-6.2299723625183105,employees_count_total
patch_random_04,4200,277821_1993.txt_employees_count_total_156,-1.087808609008789,5,-5.439043045043945,employees_count_total
patch_random_05,4200,277821_1993.txt_employees_count_total_156,-1.2385845184326172,5,-6.192922592163086,employees_count_total
patch_random_06,4200,277821_1993.txt_employees_count_total_156,-1.2242166996002197,5,-6.1210832595825195,employees_count_total
patch_random_07,4200,277821_1993.txt_employees_count_total_156,-1.1605366468429565,5,-5.802682876586914,employees_count_total
patch_random_08,4200,277821_1993.txt_employees_count_total_156,-1.1708439588546753,5,-5.854219913482666,employees_count_total
patch_random_09,4200,277821_1993.txt_employees_count_total_156,-0.7197546362876892,5,-3.5987730026245117,employees_count_total
patch_random_10,4200,277821_1993.txt_employees_count_total_156,-1.3139146566390991,5,-6.569573402404785,employees_count_total
patch_random_11,4200,277821_1993.txt_employees_count_total_156,-1.0708496570587158,5,-5.354248046875,employees_count_total
patch_random_12,4200,277821_1993.txt_employees_count_total_156,-1.2231336832046509,5,-6.115668296813965,employees_count_total
patch_random_13,4200,277821_1993.txt_employees_count_total_156,-1.2427654266357422,5,-6.213827133178711,employees_count_total
patch_random_14,4200,277821_1993.txt_employees_count_total_156,-1.2548385858535767,5,-6.274192810058594,employees_count_total
patch_random_15,4200,277821_1993.txt_employees_count_total_156,-1.2749537229537964,5,-6.3747687339782715,employees_count_total
patch_random_16,4200,277821_1993.txt_employees_count_total_156,-1.3405689001083374,5,-6.702844142913818,employees_count_total
patch_random_17,4200,277821_1993.txt_employees_count_total_156,-1.2452994585037231,5,-6.226497173309326,employees_count_total
patch_random_18,4200,277821_1993.txt_employees_count_total_156,-1.16548752784729,5,-5.827437400817871,employees_count_total
patch_random_19,4200,277821_1993.txt_employees_count_total_156,-1.2942622900009155,5,-6.471311569213867,employees_count_total
patch_matched_layer_random_00,4200,277821_1993.txt_employees_count_total_156,-1.1320867538452148,5,-5.660433769226074,employees_count_total
patch_matched_layer_random_01,4200,277821_1993.txt_employees_count_total_156,-0.9747274518013,5,-4.8736371994018555,employees_count_total
patch_matched_layer_random_02,4200,277821_1993.txt_employees_count_total_156,-1.1917966604232788,5,-5.958983421325684,employees_count_total
patch_matched_layer_random_03,4200,277821_1993.txt_employees_count_total_156,-1.229335904121399,5,-6.146679401397705,employees_count_total
patch_matched_layer_random_04,4200,277821_1993.txt_employees_count_total_156,-1.2245254516601562,5,-6.122627258300781,employees_count_total
patch_matched_layer_random_05,4200,277821_1993.txt_employees_count_total_156,-1.1137826442718506,5,-5.568912982940674,employees_count_total
patch_matched_layer_random_06,4200,277821_1993.txt_employees_count_total_156,-1.1497455835342407,5,-5.748727798461914,employees_count_total
patch_matched_layer_random_07,4200,277821_1993.txt_employees_count_total_156,-1.0222759246826172,5,-5.111379623413086,employees_count_total
patch_matched_layer_random_08,4200,277821_1993.txt_employees_count_total_156,-1.0545114278793335,5,-5.272556781768799,employees_count_total
patch_matched_layer_random_09,4200,277821_1993.txt_employees_count_total_156,-1.045062780380249,5,-5.225313663482666,employees_count_total
patch_matched_layer_random_10,4200,277821_1993.txt_employees_count_total_156,-1.1252950429916382,5,-5.6264753341674805,employees_count_total
patch_matched_layer_random_11,4200,277821_1993.txt_employees_count_total_156,-1.2509374618530273,5,-6.254687309265137,employees_count_total
patch_matched_layer_random_12,4200,277821_1993.txt_employees_count_total_156,-1.2720308303833008,5,-6.360154151916504,employees_count_total
patch_matched_layer_random_13,4200,277821_1993.txt_employees_count_total_156,-1.046204686164856,5,-5.23102331161499,employees_count_total
patch_matched_layer_random_14,4200,277821_1993.txt_employees_count_total_156,-1.2809298038482666,5,-6.404648780822754,employees_count_total
patch_matched_layer_random_15,4200,277821_1993.txt_employees_count_total_156,-1.0966089963912964,5,-5.4830451011657715,employees_count_total
patch_matched_layer_random_16,4200,277821_1993.txt_employees_count_total_156,-1.1401783227920532,5,-5.700891494750977,employees_count_total
patch_matched_layer_random_17,4200,277821_1993.txt_employees_count_total_156,-1.3090016841888428,5,-6.545008182525635,employees_count_total
patch_matched_layer_random_18,4200,277821_1993.txt_employees_count_total_156,-1.1980785131454468,5,-5.990392684936523,employees_count_total
patch_matched_layer_random_19,4200,277821_1993.txt_employees_count_total_156,-1.1566625833511353,5,-5.783312797546387,employees_count_total
clean,1741,71180_1993.txt_employees_count_total_214,-0.3915938138961792,5,-1.957969069480896,employees_count_total
qr_ablate,1741,71180_1993.txt_employees_count_total_214,-1.1555874347686768,5,-5.777936935424805,employees_count_total
patch_qr,1741,71180_1993.txt_employees_count_total_214,-0.35410162806510925,5,-1.7705081701278687,employees_count_total
patch_bottom,1741,71180_1993.txt_employees_count_total_214,-1.159927248954773,5,-5.799635887145996,employees_count_total
patch_same_layer,1741,71180_1993.txt_employees_count_total_214,-1.4327012300491333,5,-7.163506031036377,employees_count_total
patch_random_00,1741,71180_1993.txt_employees_count_total_214,-0.9378072023391724,5,-4.689035892486572,employees_count_total
patch_random_01,1741,71180_1993.txt_employees_count_total_214,-1.074499487876892,5,-5.37249755859375,employees_count_total
patch_random_02,1741,71180_1993.txt_employees_count_total_214,-1.4344481229782104,5,-7.172240734100342,employees_count_total
patch_random_03,1741,71180_1993.txt_employees_count_total_214,-1.1466058492660522,5,-5.733028888702393,employees_count_total
patch_random_04,1741,71180_1993.txt_employees_count_total_214,-1.1702688932418823,5,-5.851344585418701,employees_count_total
patch_random_05,1741,71180_1993.txt_employees_count_total_214,-1.2880159616470337,5,-6.440079689025879,employees_count_total
patch_random_06,1741,71180_1993.txt_employees_count_total_214,-0.9730071425437927,5,-4.865035533905029,employees_count_total
patch_random_07,1741,71180_1993.txt_employees_count_total_214,-1.0550143718719482,5,-5.275071620941162,employees_count_total
patch_random_08,1741,71180_1993.txt_employees_count_total_214,-1.0946944952011108,5,-5.4734721183776855,employees_count_total
patch_random_09,1741,71180_1993.txt_employees_count_total_214,-0.9787532091140747,5,-4.893765926361084,employees_count_total
patch_random_10,1741,71180_1993.txt_employees_count_total_214,-1.3075939416885376,5,-6.537969589233398,employees_count_total
patch_random_11,1741,71180_1993.txt_employees_count_total_214,-1.0430946350097656,5,-5.215473175048828,employees_count_total
patch_random_12,1741,71180_1993.txt_employees_count_total_214,-1.1003143787384033,5,-5.5015716552734375,employees_count_total
patch_random_13,1741,71180_1993.txt_employees_count_total_214,-1.039674162864685,5,-5.198370933532715,employees_count_total
patch_random_14,1741,71180_1993.txt_employees_count_total_214,-1.1666103601455688,5,-5.833051681518555,employees_count_total
patch_random_15,1741,71180_1993.txt_employees_count_total_214,-1.1231482028961182,5,-5.615740776062012,employees_count_total
patch_random_16,1741,71180_1993.txt_employees_count_total_214,-1.3930578231811523,5,-6.965289115905762,employees_count_total
patch_random_17,1741,71180_1993.txt_employees_count_total_214,-1.1352250576019287,5,-5.6761250495910645,employees_count_total
patch_random_18,1741,71180_1993.txt_employees_count_total_214,-1.0463917255401611,5,-5.231958389282227,employees_count_total
patch_random_19,1741,71180_1993.txt_employees_count_total_214,-1.1251128911972046,5,-5.625564098358154,employees_count_total
patch_matched_layer_random_00,1741,71180_1993.txt_employees_count_total_214,-0.9886810183525085,5,-4.9434051513671875,employees_count_total
patch_matched_layer_random_01,1741,71180_1993.txt_employees_count_total_214,-1.1104239225387573,5,-5.552119731903076,employees_count_total
patch_matched_layer_random_02,1741,71180_1993.txt_employees_count_total_214,-1.2938669919967651,5,-6.469334602355957,employees_count_total
patch_matched_layer_random_03,1741,71180_1993.txt_employees_count_total_214,-1.1675703525543213,5,-5.837851524353027,employees_count_total
patch_matched_layer_random_04,1741,71180_1993.txt_employees_count_total_214,-1.0439532995224,5,-5.219766616821289,employees_count_total
patch_matched_layer_random_05,1741,71180_1993.txt_employees_count_total_214,-1.1161432266235352,5,-5.580716133117676,employees_count_total
patch_matched_layer_random_06,1741,71180_1993.txt_employees_count_total_214,-1.0712403059005737,5,-5.356201171875,employees_count_total
patch_matched_layer_random_07,1741,71180_1993.txt_employees_count_total_214,-0.9412363171577454,5,-4.706181526184082,employees_count_total
patch_matched_layer_random_08,1741,71180_1993.txt_employees_count_total_214,-0.9734721183776855,5,-4.867360591888428,employees_count_total
patch_matched_layer_random_09,1741,71180_1993.txt_employees_count_total_214,-1.1146944761276245,5,-5.573472499847412,employees_count_total
patch_matched_layer_random_10,1741,71180_1993.txt_employees_count_total_214,-1.016792893409729,5,-5.0839643478393555,employees_count_total
patch_matched_layer_random_11,1741,71180_1993.txt_employees_count_total_214,-1.3627389669418335,5,-6.813694477081299,employees_count_total
patch_matched_layer_random_12,1741,71180_1993.txt_employees_count_total_214,-1.1759717464447021,5,-5.879858493804932,employees_count_total
patch_matched_layer_random_13,1741,71180_1993.txt_employees_count_total_214,-1.1292842626571655,5,-5.646421432495117,employees_count_total
patch_matched_layer_random_14,1741,71180_1993.txt_employees_count_total_214,-1.1727732419967651,5,-5.863865852355957,employees_count_total
patch_matched_layer_random_15,1741,71180_1993.txt_employees_count_total_214,-1.1136671304702759,5,-5.56833553314209,employees_count_total
patch_matched_layer_random_16,1741,71180_1993.txt_employees_count_total_214,-1.1702015399932861,5,-5.851007461547852,employees_count_total
patch_matched_layer_random_17,1741,71180_1993.txt_employees_count_total_214,-1.6808372735977173,5,-8.404186248779297,employees_count_total
patch_matched_layer_random_18,1741,71180_1993.txt_employees_count_total_214,-1.139276146888733,5,-5.696380615234375,employees_count_total
patch_matched_layer_random_19,1741,71180_1993.txt_employees_count_total_214,-1.1005735397338867,5,-5.502867698669434,employees_count_total
clean,1962,276999_1993.txt_employees_count_total_162,-0.37188929319381714,5,-1.859446406364441,employees_count_total
qr_ablate,1962,276999_1993.txt_employees_count_total_162,-1.9503815174102783,5,-9.751907348632812,employees_count_total
patch_qr,1962,276999_1993.txt_employees_count_total_162,-0.39475753903388977,5,-1.9737876653671265,employees_count_total
patch_bottom,1962,276999_1993.txt_employees_count_total_162,-1.9634193181991577,5,-9.817096710205078,employees_count_total
patch_same_layer,1962,276999_1993.txt_employees_count_total_162,-1.984175682067871,5,-9.920878410339355,employees_count_total
patch_random_00,1962,276999_1993.txt_employees_count_total_162,-1.6928844451904297,5,-8.464422225952148,employees_count_total
patch_random_01,1962,276999_1993.txt_employees_count_total_162,-1.7928009033203125,5,-8.964004516601562,employees_count_total
patch_random_02,1962,276999_1993.txt_employees_count_total_162,-2.143430471420288,5,-10.717151641845703,employees_count_total
patch_random_03,1962,276999_1993.txt_employees_count_total_162,-1.9398415088653564,5,-9.699207305908203,employees_count_total
patch_random_04,1962,276999_1993.txt_employees_count_total_162,-1.86347234249115,5,-9.317361831665039,employees_count_total
patch_random_05,1962,276999_1993.txt_employees_count_total_162,-1.9551492929458618,5,-9.77574634552002,employees_count_total
patch_random_06,1962,276999_1993.txt_employees_count_total_162,-1.7231025695800781,5,-8.61551284790039,employees_count_total
patch_random_07,1962,276999_1993.txt_employees_count_total_162,-1.798092246055603,5,-8.990461349487305,employees_count_total
patch_random_08,1962,276999_1993.txt_employees_count_total_162,-1.7134913206100464,5,-8.567456245422363,employees_count_total
patch_random_09,1962,276999_1993.txt_employees_count_total_162,-1.7295984029769897,5,-8.647992134094238,employees_count_total
patch_random_10,1962,276999_1993.txt_employees_count_total_162,-2.090052366256714,5,-10.450262069702148,employees_count_total
patch_random_11,1962,276999_1993.txt_employees_count_total_162,-1.5138838291168213,5,-7.569418907165527,employees_count_total
patch_random_12,1962,276999_1993.txt_employees_count_total_162,-1.9136173725128174,5,-9.568086624145508,employees_count_total
patch_random_13,1962,276999_1993.txt_employees_count_total_162,-1.8458765745162964,5,-9.229382514953613,employees_count_total
patch_random_14,1962,276999_1993.txt_employees_count_total_162,-1.9044212102890015,5,-9.522106170654297,employees_count_total
patch_random_15,1962,276999_1993.txt_employees_count_total_162,-2.0206472873687744,5,-10.103236198425293,employees_count_total
patch_random_16,1962,276999_1993.txt_employees_count_total_162,-2.072821855545044,5,-10.36410903930664,employees_count_total
patch_random_17,1962,276999_1993.txt_employees_count_total_162,-1.885715126991272,5,-9.42857551574707,employees_count_total
patch_random_18,1962,276999_1993.txt_employees_count_total_162,-1.6993207931518555,5,-8.496603965759277,employees_count_total
patch_random_19,1962,276999_1993.txt_employees_count_total_162,-1.7999107837677002,5,-8.999553680419922,employees_count_total
patch_matched_layer_random_00,1962,276999_1993.txt_employees_count_total_162,-1.8755168914794922,5,-9.377584457397461,employees_count_total
patch_matched_layer_random_01,1962,276999_1993.txt_employees_count_total_162,-1.6062185764312744,5,-8.031092643737793,employees_count_total
patch_matched_layer_random_02,1962,276999_1993.txt_employees_count_total_162,-1.8272392749786377,5,-9.13619613647461,employees_count_total
patch_matched_layer_random_03,1962,276999_1993.txt_employees_count_total_162,-1.8443412780761719,5,-9.22170639038086,employees_count_total
patch_matched_layer_random_04,1962,276999_1993.txt_employees_count_total_162,-1.9418967962265015,5,-9.709484100341797,employees_count_total
patch_matched_layer_random_05,1962,276999_1993.txt_employees_count_total_162,-1.514503836631775,5,-7.572519302368164,employees_count_total
patch_matched_layer_random_06,1962,276999_1993.txt_employees_count_total_162,-1.7226673364639282,5,-8.613336563110352,employees_count_total
patch_matched_layer_random_07,1962,276999_1993.txt_employees_count_total_162,-1.5324678421020508,5,-7.662339210510254,employees_count_total
patch_matched_layer_random_08,1962,276999_1993.txt_employees_count_total_162,-1.8905540704727173,5,-9.452770233154297,employees_count_total
patch_matched_layer_random_09,1962,276999_1993.txt_employees_count_total_162,-1.648614764213562,5,-8.243073463439941,employees_count_total
patch_matched_layer_random_10,1962,276999_1993.txt_employees_count_total_162,-1.8498729467391968,5,-9.249364852905273,employees_count_total
patch_matched_layer_random_11,1962,276999_1993.txt_employees_count_total_162,-1.8585819005966187,5,-9.292909622192383,employees_count_total
patch_matched_layer_random_12,1962,276999_1993.txt_employees_count_total_162,-1.87557053565979,5,-9.377852439880371,employees_count_total
patch_matched_layer_random_13,1962,276999_1993.txt_employees_count_total_162,-1.9042692184448242,5,-9.521346092224121,employees_count_total
patch_matched_layer_random_14,1962,276999_1993.txt_employees_count_total_162,-1.8640331029891968,5,-9.320165634155273,employees_count_total
patch_matched_layer_random_15,1962,276999_1993.txt_employees_count_total_162,-1.2609599828720093,5,-6.304800033569336,employees_count_total
patch_matched_layer_random_16,1962,276999_1993.txt_employees_count_total_162,-1.8188484907150269,5,-9.094242095947266,employees_count_total
patch_matched_layer_random_17,1962,276999_1993.txt_employees_count_total_162,-1.8195899724960327,5,-9.097949981689453,employees_count_total
patch_matched_layer_random_18,1962,276999_1993.txt_employees_count_total_162,-1.3357504606246948,5,-6.6787519454956055,employees_count_total
patch_matched_layer_random_19,1962,276999_1993.txt_employees_count_total_162,-1.8962496519088745,5,-9.481247901916504,employees_count_total
clean,2260,55387_1993.txt_employees_count_total_10,-0.5170671939849854,5,-2.5853359699249268,employees_count_total
qr_ablate,2260,55387_1993.txt_employees_count_total_10,-0.9363920092582703,5,-4.681960105895996,employees_count_total
patch_qr,2260,55387_1993.txt_employees_count_total_10,-0.4856637418270111,5,-2.428318738937378,employees_count_total
patch_bottom,2260,55387_1993.txt_employees_count_total_10,-0.9381975531578064,5,-4.690987586975098,employees_count_total
patch_same_layer,2260,55387_1993.txt_employees_count_total_10,-0.7381296157836914,5,-3.690648078918457,employees_count_total
patch_random_00,2260,55387_1993.txt_employees_count_total_10,-0.7181640863418579,5,-3.5908203125,employees_count_total
patch_random_01,2260,55387_1993.txt_employees_count_total_10,-0.9041954874992371,5,-4.52097749710083,employees_count_total
patch_random_02,2260,55387_1993.txt_employees_count_total_10,-1.1296042203903198,5,-5.6480207443237305,employees_count_total
patch_random_03,2260,55387_1993.txt_employees_count_total_10,-0.897481381893158,5,-4.4874067306518555,employees_count_total
patch_random_04,2260,55387_1993.txt_employees_count_total_10,-1.0270429849624634,5,-5.135214805603027,employees_count_total
patch_random_05,2260,55387_1993.txt_employees_count_total_10,-1.1100844144821167,5,-5.550421714782715,employees_count_total
patch_random_06,2260,55387_1993.txt_employees_count_total_10,-0.8918777704238892,5,-4.459388732910156,employees_count_total
patch_random_07,2260,55387_1993.txt_employees_count_total_10,-0.9465263485908508,5,-4.732631683349609,employees_count_total
patch_random_08,2260,55387_1993.txt_employees_count_total_10,-0.7860947847366333,5,-3.930473804473877,employees_count_total
patch_random_09,2260,55387_1993.txt_employees_count_total_10,-0.7075109481811523,5,-3.5375547409057617,employees_count_total
patch_random_10,2260,55387_1993.txt_employees_count_total_10,-1.027292013168335,5,-5.136459827423096,employees_count_total
patch_random_11,2260,55387_1993.txt_employees_count_total_10,-0.8543810844421387,5,-4.271905422210693,employees_count_total
patch_random_12,2260,55387_1993.txt_employees_count_total_10,-0.9292970895767212,5,-4.646485328674316,employees_count_total
patch_random_13,2260,55387_1993.txt_employees_count_total_10,-0.919170081615448,5,-4.595850467681885,employees_count_total
patch_random_14,2260,55387_1993.txt_employees_count_total_10,-0.9530317187309265,5,-4.765158653259277,employees_count_total
patch_random_15,2260,55387_1993.txt_employees_count_total_10,-0.9031890034675598,5,-4.515944957733154,employees_count_total
patch_random_16,2260,55387_1993.txt_employees_count_total_10,-1.2099894285202026,5,-6.049947261810303,employees_count_total
patch_random_17,2260,55387_1993.txt_employees_count_total_10,-0.9032461047172546,5,-4.516230583190918,employees_count_total
patch_random_18,2260,55387_1993.txt_employees_count_total_10,-0.9491631388664246,5,-4.745815753936768,employees_count_total
patch_random_19,2260,55387_1993.txt_employees_count_total_10,-0.9257258772850037,5,-4.628629207611084,employees_count_total
patch_matched_layer_random_00,2260,55387_1993.txt_employees_count_total_10,-0.8994491696357727,5,-4.497245788574219,employees_count_total
patch_matched_layer_random_01,2260,55387_1993.txt_employees_count_total_10,-0.9128163456916809,5,-4.56408166885376,employees_count_total
patch_matched_layer_random_02,2260,55387_1993.txt_employees_count_total_10,-0.9808341860771179,5,-4.904170989990234,employees_count_total
patch_matched_layer_random_03,2260,55387_1993.txt_employees_count_total_10,-0.9389910101890564,5,-4.694954872131348,employees_count_total
patch_matched_layer_random_04,2260,55387_1993.txt_employees_count_total_10,-0.893652617931366,5,-4.468263149261475,employees_count_total
patch_matched_layer_random_05,2260,55387_1993.txt_employees_count_total_10,-0.9060371518135071,5,-4.530185699462891,employees_count_total
patch_matched_layer_random_06,2260,55387_1993.txt_employees_count_total_10,-0.7600091695785522,5,-3.8000457286834717,employees_count_total
patch_matched_layer_random_07,2260,55387_1993.txt_employees_count_total_10,-0.7665647864341736,5,-3.8328237533569336,employees_count_total
patch_matched_layer_random_08,2260,55387_1993.txt_employees_count_total_10,-0.7865398526191711,5,-3.932699203491211,employees_count_total
patch_matched_layer_random_09,2260,55387_1993.txt_employees_count_total_10,-0.8710393309593201,5,-4.355196475982666,employees_count_total
patch_matched_layer_random_10,2260,55387_1993.txt_employees_count_total_10,-0.7983846664428711,5,-3.9919233322143555,employees_count_total
patch_matched_layer_random_11,2260,55387_1993.txt_employees_count_total_10,-0.9720342755317688,5,-4.860171318054199,employees_count_total
patch_matched_layer_random_12,2260,55387_1993.txt_employees_count_total_10,-0.911614716053009,5,-4.5580735206604,employees_count_total
patch_matched_layer_random_13,2260,55387_1993.txt_employees_count_total_10,-0.8234802484512329,5,-4.117401123046875,employees_count_total
patch_matched_layer_random_14,2260,55387_1993.txt_employees_count_total_10,-0.919850766658783,5,-4.5992536544799805,employees_count_total
patch_matched_layer_random_15,2260,55387_1993.txt_employees_count_total_10,-0.7991146445274353,5,-3.9955732822418213,employees_count_total
patch_matched_layer_random_16,2260,55387_1993.txt_employees_count_total_10,-0.9258514642715454,5,-4.6292572021484375,employees_count_total
patch_matched_layer_random_17,2260,55387_1993.txt_employees_count_total_10,-1.2225013971328735,5,-6.112506866455078,employees_count_total
patch_matched_layer_random_18,2260,55387_1993.txt_employees_count_total_10,-0.9234294295310974,5,-4.617146968841553,employees_count_total
patch_matched_layer_random_19,2260,55387_1993.txt_employees_count_total_10,-0.8654422760009766,5,-4.327211380004883,employees_count_total
clean,60400,10456_1993.txt_employees_count_total_98,-0.6363966464996338,6,-3.8183796405792236,employees_count_total
qr_ablate,60400,10456_1993.txt_employees_count_total_98,-1.3088268041610718,6,-7.852960586547852,employees_count_total
patch_qr,60400,10456_1993.txt_employees_count_total_98,-0.6502777934074402,6,-3.9016666412353516,employees_count_total
patch_bottom,60400,10456_1993.txt_employees_count_total_98,-1.293108344078064,6,-7.758649826049805,employees_count_total
patch_same_layer,60400,10456_1993.txt_employees_count_total_98,-1.250636100769043,6,-7.5038161277771,employees_count_total
patch_random_00,60400,10456_1993.txt_employees_count_total_98,-1.2626030445098877,6,-7.575617790222168,employees_count_total
patch_random_01,60400,10456_1993.txt_employees_count_total_98,-1.2958307266235352,6,-7.774983882904053,employees_count_total
patch_random_02,60400,10456_1993.txt_employees_count_total_98,-1.4003658294677734,6,-8.40219497680664,employees_count_total
patch_random_03,60400,10456_1993.txt_employees_count_total_98,-1.2919306755065918,6,-7.751584053039551,employees_count_total
patch_random_04,60400,10456_1993.txt_employees_count_total_98,-1.397923231124878,6,-8.38753890991211,employees_count_total
patch_random_05,60400,10456_1993.txt_employees_count_total_98,-1.3430516719818115,6,-8.058309555053711,employees_count_total
patch_random_06,60400,10456_1993.txt_employees_count_total_98,-1.2476232051849365,6,-7.485738754272461,employees_count_total
patch_random_07,60400,10456_1993.txt_employees_count_total_98,-1.3265466690063477,6,-7.959280014038086,employees_count_total
patch_random_08,60400,10456_1993.txt_employees_count_total_98,-1.2411487102508545,6,-7.446891784667969,employees_count_total
patch_random_09,60400,10456_1993.txt_employees_count_total_98,-1.131246566772461,6,-6.787479400634766,employees_count_total
patch_random_10,60400,10456_1993.txt_employees_count_total_98,-1.3237452507019043,6,-7.942471027374268,employees_count_total
patch_random_11,60400,10456_1993.txt_employees_count_total_98,-1.211930513381958,6,-7.271583080291748,employees_count_total
patch_random_12,60400,10456_1993.txt_employees_count_total_98,-1.290585994720459,6,-7.743515968322754,employees_count_total
patch_random_13,60400,10456_1993.txt_employees_count_total_98,-1.2831166982650757,6,-7.698699951171875,employees_count_total
patch_random_14,60400,10456_1993.txt_employees_count_total_98,-1.3236403465270996,6,-7.941842079162598,employees_count_total
patch_random_15,60400,10456_1993.txt_employees_count_total_98,-1.2568795680999756,6,-7.541276931762695,employees_count_total
patch_random_16,60400,10456_1993.txt_employees_count_total_98,-1.3525002002716064,6,-8.11500072479248,employees_count_total
patch_random_17,60400,10456_1993.txt_employees_count_total_98,-1.3180274963378906,6,-7.908164978027344,employees_count_total
patch_random_18,60400,10456_1993.txt_employees_count_total_98,-1.3110533952713013,6,-7.8663201332092285,employees_count_total
patch_random_19,60400,10456_1993.txt_employees_count_total_98,-1.2972272634506226,6,-7.783363342285156,employees_count_total
patch_matched_layer_random_00,60400,10456_1993.txt_employees_count_total_98,-1.2865248918533325,6,-7.719149112701416,employees_count_total
patch_matched_layer_random_01,60400,10456_1993.txt_employees_count_total_98,-1.2536941766738892,6,-7.522164821624756,employees_count_total
patch_matched_layer_random_02,60400,10456_1993.txt_employees_count_total_98,-1.3202570676803589,6,-7.921542167663574,employees_count_total
patch_matched_layer_random_03,60400,10456_1993.txt_employees_count_total_98,-1.2847340106964111,6,-7.708403587341309,employees_count_total
patch_matched_layer_random_04,60400,10456_1993.txt_employees_count_total_98,-1.3010571002960205,6,-7.806342124938965,employees_count_total
patch_matched_layer_random_05,60400,10456_1993.txt_employees_count_total_98,-1.272124171257019,6,-7.632744789123535,employees_count_total
patch_matched_layer_random_06,60400,10456_1993.txt_employees_count_total_98,-1.2244079113006592,6,-7.346446990966797,employees_count_total
patch_matched_layer_random_07,60400,10456_1993.txt_employees_count_total_98,-1.1935956478118896,6,-7.16157341003418,employees_count_total
patch_matched_layer_random_08,60400,10456_1993.txt_employees_count_total_98,-1.2042537927627563,6,-7.225522518157959,employees_count_total
patch_matched_layer_random_09,60400,10456_1993.txt_employees_count_total_98,-1.2593387365341187,6,-7.556032180786133,employees_count_total
patch_matched_layer_random_10,60400,10456_1993.txt_employees_count_total_98,-1.2930974960327148,6,-7.758584976196289,employees_count_total
patch_matched_layer_random_11,60400,10456_1993.txt_employees_count_total_98,-1.3166296482086182,6,-7.899777412414551,employees_count_total
patch_matched_layer_random_12,60400,10456_1993.txt_employees_count_total_98,-1.3360562324523926,6,-8.016337394714355,employees_count_total
patch_matched_layer_random_13,60400,10456_1993.txt_employees_count_total_98,-1.2010893821716309,6,-7.206536293029785,employees_count_total
patch_matched_layer_random_14,60400,10456_1993.txt_employees_count_total_98,-1.2631888389587402,6,-7.579133033752441,employees_count_total
patch_matched_layer_random_15,60400,10456_1993.txt_employees_count_total_98,-1.194453477859497,6,-7.166720390319824,employees_count_total
patch_matched_layer_random_16,60400,10456_1993.txt_employees_count_total_98,-1.2229392528533936,6,-7.337635040283203,employees_count_total
patch_matched_layer_random_17,60400,10456_1993.txt_employees_count_total_98,-1.4074500799179077,6,-8.444700241088867,employees_count_total
patch_matched_layer_random_18,60400,10456_1993.txt_employees_count_total_98,-1.3070086240768433,6,-7.8420515060424805,employees_count_total
patch_matched_layer_random_19,60400,10456_1993.txt_employees_count_total_98,-1.2884358167648315,6,-7.73061466217041,employees_count_total
clean,4151,745287_1993.txt_employees_count_total_38,-0.5867604613304138,5,-2.9338021278381348,employees_count_total
qr_ablate,4151,745287_1993.txt_employees_count_total_38,-1.534639835357666,5,-7.67319917678833,employees_count_total
patch_qr,4151,745287_1993.txt_employees_count_total_38,-0.5467752814292908,5,-2.7338764667510986,employees_count_total
patch_bottom,4151,745287_1993.txt_employees_count_total_38,-1.5381420850753784,5,-7.690710544586182,employees_count_total
patch_same_layer,4151,745287_1993.txt_employees_count_total_38,-1.4481779336929321,5,-7.240889549255371,employees_count_total
patch_random_00,4151,745287_1993.txt_employees_count_total_38,-1.3237683773040771,5,-6.618841648101807,employees_count_total
patch_random_01,4151,745287_1993.txt_employees_count_total_38,-1.502516746520996,5,-7.5125837326049805,employees_count_total
patch_random_02,4151,745287_1993.txt_employees_count_total_38,-1.6578632593154907,5,-8.289316177368164,employees_count_total
patch_random_03,4151,745287_1993.txt_employees_count_total_38,-1.4950388669967651,5,-7.475194454193115,employees_count_total
patch_random_04,4151,745287_1993.txt_employees_count_total_38,-1.5466594696044922,5,-7.733297348022461,employees_count_total
patch_random_05,4151,745287_1993.txt_employees_count_total_38,-1.5452631711959839,5,-7.726315975189209,employees_count_total
patch_random_06,4151,745287_1993.txt_employees_count_total_38,-1.4136615991592407,5,-7.068307876586914,employees_count_total
patch_random_07,4151,745287_1993.txt_employees_count_total_38,-1.4899158477783203,5,-7.449579238891602,employees_count_total
patch_random_08,4151,745287_1993.txt_employees_count_total_38,-1.425855278968811,5,-7.129276275634766,employees_count_total
patch_random_09,4151,745287_1993.txt_employees_count_total_38,-1.2524981498718262,5,-6.262490749359131,employees_count_total
patch_random_10,4151,745287_1993.txt_employees_count_total_38,-1.6236193180084229,5,-8.118096351623535,employees_count_total
patch_random_11,4151,745287_1993.txt_employees_count_total_38,-1.4765137434005737,5,-7.382568836212158,employees_count_total
patch_random_12,4151,745287_1993.txt_employees_count_total_38,-1.5171514749526978,5,-7.585757255554199,employees_count_total
patch_random_13,4151,745287_1993.txt_employees_count_total_38,-1.52187180519104,5,-7.609358787536621,employees_count_total
patch_random_14,4151,745287_1993.txt_employees_count_total_38,-1.5217071771621704,5,-7.6085357666015625,employees_count_total
patch_random_15,4151,745287_1993.txt_employees_count_total_38,-1.491653323173523,5,-7.458266258239746,employees_count_total
patch_random_16,4151,745287_1993.txt_employees_count_total_38,-1.6194040775299072,5,-8.097020149230957,employees_count_total
patch_random_17,4151,745287_1993.txt_employees_count_total_38,-1.5275150537490845,5,-7.637575149536133,employees_count_total
patch_random_18,4151,745287_1993.txt_employees_count_total_38,-1.3645576238632202,5,-6.822787761688232,employees_count_total
patch_random_19,4151,745287_1993.txt_employees_count_total_38,-1.5511759519577026,5,-7.755879878997803,employees_count_total
patch_matched_layer_random_00,4151,745287_1993.txt_employees_count_total_38,-1.4358099699020386,5,-7.179049491882324,employees_count_total
patch_matched_layer_random_01,4151,745287_1993.txt_employees_count_total_38,-1.3592678308486938,5,-6.79633903503418,employees_count_total
patch_matched_layer_random_02,4151,745287_1993.txt_employees_count_total_38,-1.5451008081436157,5,-7.725503921508789,employees_count_total
patch_matched_layer_random_03,4151,745287_1993.txt_employees_count_total_38,-1.5158917903900146,5,-7.579458713531494,employees_count_total
patch_matched_layer_random_04,4151,745287_1993.txt_employees_count_total_38,-1.5342403650283813,5,-7.671201705932617,employees_count_total
patch_matched_layer_random_05,4151,745287_1993.txt_employees_count_total_38,-1.3837008476257324,5,-6.918504238128662,employees_count_total
patch_matched_layer_random_06,4151,745287_1993.txt_employees_count_total_38,-1.3593556880950928,5,-6.796778202056885,employees_count_total
patch_matched_layer_random_07,4151,745287_1993.txt_employees_count_total_38,-1.3053858280181885,5,-6.526928901672363,employees_count_total
patch_matched_layer_random_08,4151,745287_1993.txt_employees_count_total_38,-1.4221903085708618,5,-7.1109514236450195,employees_count_total
patch_matched_layer_random_09,4151,745287_1993.txt_employees_count_total_38,-1.5102671384811401,5,-7.551335334777832,employees_count_total
patch_matched_layer_random_10,4151,745287_1993.txt_employees_count_total_38,-1.4101709127426147,5,-7.050854682922363,employees_count_total
patch_matched_layer_random_11,4151,745287_1993.txt_employees_count_total_38,-1.6586341857910156,5,-8.293170928955078,employees_count_total
patch_matched_layer_random_12,4151,745287_1993.txt_employees_count_total_38,-1.5218877792358398,5,-7.609438896179199,employees_count_total
patch_matched_layer_random_13,4151,745287_1993.txt_employees_count_total_38,-1.4560520648956299,5,-7.28026008605957,employees_count_total
patch_matched_layer_random_14,4151,745287_1993.txt_employees_count_total_38,-1.535090684890747,5,-7.675453186035156,employees_count_total
patch_matched_layer_random_15,4151,745287_1993.txt_employees_count_total_38,-1.2090035676956177,5,-6.045017719268799,employees_count_total
patch_matched_layer_random_16,4151,745287_1993.txt_employees_count_total_38,-1.550457239151001,5,-7.752285957336426,employees_count_total
patch_matched_layer_random_17,4151,745287_1993.txt_employees_count_total_38,-1.6839481592178345,5,-8.419740676879883,employees_count_total
patch_matched_layer_random_18,4151,745287_1993.txt_employees_count_total_38,-1.3637131452560425,5,-6.818565368652344,employees_count_total
patch_matched_layer_random_19,4151,745287_1993.txt_employees_count_total_38,-1.566625952720642,5,-7.8331298828125,employees_count_total
clean,3570,100923_1993.txt_employees_count_total_189,-0.3394266366958618,5,-1.697133183479309,employees_count_total
qr_ablate,3570,100923_1993.txt_employees_count_total_189,-0.731475830078125,5,-3.657379150390625,employees_count_total
patch_qr,3570,100923_1993.txt_employees_count_total_189,-0.3515249192714691,5,-1.7576245069503784,employees_count_total
patch_bottom,3570,100923_1993.txt_employees_count_total_189,-0.736001193523407,5,-3.6800060272216797,employees_count_total
patch_same_layer,3570,100923_1993.txt_employees_count_total_189,-0.6415000557899475,5,-3.2075002193450928,employees_count_total
patch_random_00,3570,100923_1993.txt_employees_count_total_189,-0.6488907933235168,5,-3.2444539070129395,employees_count_total
patch_random_01,3570,100923_1993.txt_employees_count_total_189,-0.6788461208343506,5,-3.394230604171753,employees_count_total
patch_random_02,3570,100923_1993.txt_employees_count_total_189,-0.7882212996482849,5,-3.9411065578460693,employees_count_total
patch_random_03,3570,100923_1993.txt_employees_count_total_189,-0.705661952495575,5,-3.5283098220825195,employees_count_total
patch_random_04,3570,100923_1993.txt_employees_count_total_189,-0.7976627349853516,5,-3.988313674926758,employees_count_total
patch_random_05,3570,100923_1993.txt_employees_count_total_189,-0.8049094080924988,5,-4.024547100067139,employees_count_total
patch_random_06,3570,100923_1993.txt_employees_count_total_189,-0.6866347193717957,5,-3.433173418045044,employees_count_total
patch_random_07,3570,100923_1993.txt_employees_count_total_189,-0.7848944067955017,5,-3.9244720935821533,employees_count_total
patch_random_08,3570,100923_1993.txt_employees_count_total_189,-0.6558047533035278,5,-3.2790236473083496,employees_count_total
patch_random_09,3570,100923_1993.txt_employees_count_total_189,-0.6424247026443481,5,-3.212123394012451,employees_count_total
patch_random_10,3570,100923_1993.txt_employees_count_total_189,-0.7600328922271729,5,-3.8001644611358643,employees_count_total
patch_random_11,3570,100923_1993.txt_employees_count_total_189,-0.6730890274047852,5,-3.365445137023926,employees_count_total
patch_random_12,3570,100923_1993.txt_employees_count_total_189,-0.7345405220985413,5,-3.6727025508880615,employees_count_total
patch_random_13,3570,100923_1993.txt_employees_count_total_189,-0.7196661233901978,5,-3.598330497741699,employees_count_total
patch_random_14,3570,100923_1993.txt_employees_count_total_189,-0.7282987236976624,5,-3.641493558883667,employees_count_total
patch_random_15,3570,100923_1993.txt_employees_count_total_189,-0.7087509632110596,5,-3.543754816055298,employees_count_total
patch_random_16,3570,100923_1993.txt_employees_count_total_189,-0.8208597302436829,5,-4.1042985916137695,employees_count_total
patch_random_17,3570,100923_1993.txt_employees_count_total_189,-0.718616783618927,5,-3.5930838584899902,employees_count_total
patch_random_18,3570,100923_1993.txt_employees_count_total_189,-0.7217703461647034,5,-3.608851671218872,employees_count_total
patch_random_19,3570,100923_1993.txt_employees_count_total_189,-0.7740455865859985,5,-3.870227813720703,employees_count_total
patch_matched_layer_random_00,3570,100923_1993.txt_employees_count_total_189,-0.6832134127616882,5,-3.416067123413086,employees_count_total
patch_matched_layer_random_01,3570,100923_1993.txt_employees_count_total_189,-0.7401819229125977,5,-3.7009096145629883,employees_count_total
patch_matched_layer_random_02,3570,100923_1993.txt_employees_count_total_189,-0.7720993161201477,5,-3.8604965209960938,employees_count_total
patch_matched_layer_random_03,3570,100923_1993.txt_employees_count_total_189,-0.7162584066390991,5,-3.581291913986206,employees_count_total
patch_matched_layer_random_04,3570,100923_1993.txt_employees_count_total_189,-0.6911582350730896,5,-3.4557912349700928,employees_count_total
patch_matched_layer_random_05,3570,100923_1993.txt_employees_count_total_189,-0.7083927989006042,5,-3.541963815689087,employees_count_total
patch_matched_layer_random_06,3570,100923_1993.txt_employees_count_total_189,-0.7390578389167786,5,-3.695289134979248,employees_count_total
patch_matched_layer_random_07,3570,100923_1993.txt_employees_count_total_189,-0.6702218055725098,5,-3.351109027862549,employees_count_total
patch_matched_layer_random_08,3570,100923_1993.txt_employees_count_total_189,-0.6639004945755005,5,-3.319502353668213,employees_count_total
patch_matched_layer_random_09,3570,100923_1993.txt_employees_count_total_189,-0.7006847262382507,5,-3.5034236907958984,employees_count_total
patch_matched_layer_random_10,3570,100923_1993.txt_employees_count_total_189,-0.7299271821975708,5,-3.6496357917785645,employees_count_total
patch_matched_layer_random_11,3570,100923_1993.txt_employees_count_total_189,-0.7928735613822937,5,-3.9643678665161133,employees_count_total
patch_matched_layer_random_12,3570,100923_1993.txt_employees_count_total_189,-0.7616167068481445,5,-3.8080835342407227,employees_count_total
patch_matched_layer_random_13,3570,100923_1993.txt_employees_count_total_189,-0.7233225703239441,5,-3.6166129112243652,employees_count_total
patch_matched_layer_random_14,3570,100923_1993.txt_employees_count_total_189,-0.6814293265342712,5,-3.407146453857422,employees_count_total
patch_matched_layer_random_15,3570,100923_1993.txt_employees_count_total_189,-0.7135834693908691,5,-3.5679173469543457,employees_count_total
patch_matched_layer_random_16,3570,100923_1993.txt_employees_count_total_189,-0.7265741229057312,5,-3.6328704357147217,employees_count_total
patch_matched_layer_random_17,3570,100923_1993.txt_employees_count_total_189,-0.9107778668403625,5,-4.553889274597168,employees_count_total
patch_matched_layer_random_18,3570,100923_1993.txt_employees_count_total_189,-0.7564399838447571,5,-3.7821998596191406,employees_count_total
patch_matched_layer_random_19,3570,100923_1993.txt_employees_count_total_189,-0.7165015935897827,5,-3.582507848739624,employees_count_total
clean,4426,277509_1993.txt_employees_count_total_227,-0.3837262988090515,5,-1.9186314344406128,employees_count_total
qr_ablate,4426,277509_1993.txt_employees_count_total_227,-1.637416124343872,5,-8.187080383300781,employees_count_total
patch_qr,4426,277509_1993.txt_employees_count_total_227,-0.554977297782898,5,-2.7748863697052,employees_count_total
patch_bottom,4426,277509_1993.txt_employees_count_total_227,-1.634511947631836,5,-8.17255973815918,employees_count_total
patch_same_layer,4426,277509_1993.txt_employees_count_total_227,-1.4700502157211304,5,-7.350251197814941,employees_count_total
patch_random_00,4426,277509_1993.txt_employees_count_total_227,-1.47935950756073,5,-7.3967976570129395,employees_count_total
patch_random_01,4426,277509_1993.txt_employees_count_total_227,-1.5287326574325562,5,-7.64366340637207,employees_count_total
patch_random_02,4426,277509_1993.txt_employees_count_total_227,-1.6813353300094604,5,-8.406676292419434,employees_count_total
patch_random_03,4426,277509_1993.txt_employees_count_total_227,-1.5917073488235474,5,-7.958536624908447,employees_count_total
patch_random_04,4426,277509_1993.txt_employees_count_total_227,-1.5775896310806274,5,-7.887948036193848,employees_count_total
patch_random_05,4426,277509_1993.txt_employees_count_total_227,-1.619998812675476,5,-8.099993705749512,employees_count_total
patch_random_06,4426,277509_1993.txt_employees_count_total_227,-1.6261943578720093,5,-8.130971908569336,employees_count_total
patch_random_07,4426,277509_1993.txt_employees_count_total_227,-1.5767782926559448,5,-7.883891582489014,employees_count_total
patch_random_08,4426,277509_1993.txt_employees_count_total_227,-1.5595070123672485,5,-7.797534942626953,employees_count_total
patch_random_09,4426,277509_1993.txt_employees_count_total_227,-1.436832308769226,5,-7.184161186218262,employees_count_total
patch_random_10,4426,277509_1993.txt_employees_count_total_227,-1.5958870649337769,5,-7.979434967041016,employees_count_total
patch_random_11,4426,277509_1993.txt_employees_count_total_227,-1.5322860479354858,5,-7.6614298820495605,employees_count_total
patch_random_12,4426,277509_1993.txt_employees_count_total_227,-1.6452196836471558,5,-8.22609806060791,employees_count_total
patch_random_13,4426,277509_1993.txt_employees_count_total_227,-1.6744966506958008,5,-8.372483253479004,employees_count_total
patch_random_14,4426,277509_1993.txt_employees_count_total_227,-1.642159342765808,5,-8.210796356201172,employees_count_total
patch_random_15,4426,277509_1993.txt_employees_count_total_227,-1.5950658321380615,5,-7.9753289222717285,employees_count_total
patch_random_16,4426,277509_1993.txt_employees_count_total_227,-1.8278509378433228,5,-9.139254570007324,employees_count_total
patch_random_17,4426,277509_1993.txt_employees_count_total_227,-1.635723352432251,5,-8.178616523742676,employees_count_total
patch_random_18,4426,277509_1993.txt_employees_count_total_227,-1.5946537256240845,5,-7.973268508911133,employees_count_total
patch_random_19,4426,277509_1993.txt_employees_count_total_227,-1.6393194198608398,5,-8.1965970993042,employees_count_total
patch_matched_layer_random_00,4426,277509_1993.txt_employees_count_total_227,-1.6055978536605835,5,-8.027989387512207,employees_count_total
patch_matched_layer_random_01,4426,277509_1993.txt_employees_count_total_227,-1.5070098638534546,5,-7.5350494384765625,employees_count_total
patch_matched_layer_random_02,4426,277509_1993.txt_employees_count_total_227,-1.8255646228790283,5,-9.127822875976562,employees_count_total
patch_matched_layer_random_03,4426,277509_1993.txt_employees_count_total_227,-1.6252838373184204,5,-8.126419067382812,employees_count_total
patch_matched_layer_random_04,4426,277509_1993.txt_employees_count_total_227,-1.6035610437393188,5,-8.017805099487305,employees_count_total
patch_matched_layer_random_05,4426,277509_1993.txt_employees_count_total_227,-1.6090128421783447,5,-8.045063972473145,employees_count_total
patch_matched_layer_random_06,4426,277509_1993.txt_employees_count_total_227,-1.6225048303604126,5,-8.112524032592773,employees_count_total
patch_matched_layer_random_07,4426,277509_1993.txt_employees_count_total_227,-1.6552066802978516,5,-8.276033401489258,employees_count_total
patch_matched_layer_random_08,4426,277509_1993.txt_employees_count_total_227,-1.5501450300216675,5,-7.750724792480469,employees_count_total
patch_matched_layer_random_09,4426,277509_1993.txt_employees_count_total_227,-1.6091814041137695,5,-8.045907020568848,employees_count_total
patch_matched_layer_random_10,4426,277509_1993.txt_employees_count_total_227,-1.6064748764038086,5,-8.032374382019043,employees_count_total
patch_matched_layer_random_11,4426,277509_1993.txt_employees_count_total_227,-1.6324650049209595,5,-8.162324905395508,employees_count_total
patch_matched_layer_random_12,4426,277509_1993.txt_employees_count_total_227,-1.6815165281295776,5,-8.40758228302002,employees_count_total
patch_matched_layer_random_13,4426,277509_1993.txt_employees_count_total_227,-1.5725276470184326,5,-7.862637996673584,employees_count_total
patch_matched_layer_random_14,4426,277509_1993.txt_employees_count_total_227,-1.5394223928451538,5,-7.697112083435059,employees_count_total
patch_matched_layer_random_15,4426,277509_1993.txt_employees_count_total_227,-1.573777437210083,5,-7.868886947631836,employees_count_total
patch_matched_layer_random_16,4426,277509_1993.txt_employees_count_total_227,-1.6070009469985962,5,-8.035004615783691,employees_count_total
patch_matched_layer_random_17,4426,277509_1993.txt_employees_count_total_227,-1.693848967552185,5,-8.469244956970215,employees_count_total
patch_matched_layer_random_18,4426,277509_1993.txt_employees_count_total_227,-1.6415146589279175,5,-8.207572937011719,employees_count_total
patch_matched_layer_random_19,4426,277509_1993.txt_employees_count_total_227,-1.6468273401260376,5,-8.234136581420898,employees_count_total
clean,New York,103392_1993.txt_headquarters_state_173,-0.1266113519668579,2,-0.2532227039337158,headquarters_state
qr_ablate,New York,103392_1993.txt_headquarters_state_173,-0.5665161609649658,2,-1.1330323219299316,headquarters_state
patch_qr,New York,103392_1993.txt_headquarters_state_173,-0.16801978647708893,2,-0.33603957295417786,headquarters_state
patch_bottom,New York,103392_1993.txt_headquarters_state_173,-0.5609091520309448,2,-1.1218183040618896,headquarters_state
patch_same_layer,New York,103392_1993.txt_headquarters_state_173,-0.3894781172275543,2,-0.7789562344551086,headquarters_state
patch_random_00,New York,103392_1993.txt_headquarters_state_173,-0.4444448947906494,2,-0.8888897895812988,headquarters_state
patch_random_01,New York,103392_1993.txt_headquarters_state_173,-0.5713354349136353,2,-1.1426708698272705,headquarters_state
patch_random_02,New York,103392_1993.txt_headquarters_state_173,-0.6474257707595825,2,-1.294851541519165,headquarters_state
patch_random_03,New York,103392_1993.txt_headquarters_state_173,-0.5287160277366638,2,-1.0574320554733276,headquarters_state
patch_random_04,New York,103392_1993.txt_headquarters_state_173,-0.5338141918182373,2,-1.0676283836364746,headquarters_state
patch_random_05,New York,103392_1993.txt_headquarters_state_173,-0.7043470740318298,2,-1.4086941480636597,headquarters_state
patch_random_06,New York,103392_1993.txt_headquarters_state_173,-0.46562233567237854,2,-0.9312446713447571,headquarters_state
patch_random_07,New York,103392_1993.txt_headquarters_state_173,-0.5734826326370239,2,-1.1469652652740479,headquarters_state
patch_random_08,New York,103392_1993.txt_headquarters_state_173,-0.5555568933486938,2,-1.1111137866973877,headquarters_state
patch_random_09,New York,103392_1993.txt_headquarters_state_173,-0.48142850399017334,2,-0.9628570079803467,headquarters_state
patch_random_10,New York,103392_1993.txt_headquarters_state_173,-0.5735538601875305,2,-1.147107720375061,headquarters_state
patch_random_11,New York,103392_1993.txt_headquarters_state_173,-0.5664153099060059,2,-1.1328306198120117,headquarters_state
patch_random_12,New York,103392_1993.txt_headquarters_state_173,-0.5579979419708252,2,-1.1159958839416504,headquarters_state
patch_random_13,New York,103392_1993.txt_headquarters_state_173,-0.4568798840045929,2,-0.9137597680091858,headquarters_state
patch_random_14,New York,103392_1993.txt_headquarters_state_173,-0.5432913899421692,2,-1.0865827798843384,headquarters_state
patch_random_15,New York,103392_1993.txt_headquarters_state_173,-0.5863765478134155,2,-1.172753095626831,headquarters_state
patch_random_16,New York,103392_1993.txt_headquarters_state_173,-0.7608570456504822,2,-1.5217140913009644,headquarters_state
patch_random_17,New York,103392_1993.txt_headquarters_state_173,-0.5649110674858093,2,-1.1298221349716187,headquarters_state
patch_random_18,New York,103392_1993.txt_headquarters_state_173,-0.596801221370697,2,-1.193602442741394,headquarters_state
patch_random_19,New York,103392_1993.txt_headquarters_state_173,-0.5788676142692566,2,-1.1577352285385132,headquarters_state
patch_matched_layer_random_00,New York,103392_1993.txt_headquarters_state_173,-0.5816914439201355,2,-1.163382887840271,headquarters_state
patch_matched_layer_random_01,New York,103392_1993.txt_headquarters_state_173,-0.7141298651695251,2,-1.4282597303390503,headquarters_state
patch_matched_layer_random_02,New York,103392_1993.txt_headquarters_state_173,-0.6627551317214966,2,-1.3255102634429932,headquarters_state
patch_matched_layer_random_03,New York,103392_1993.txt_headquarters_state_173,-0.5210888385772705,2,-1.042177677154541,headquarters_state
patch_matched_layer_random_04,New York,103392_1993.txt_headquarters_state_173,-0.5647038221359253,2,-1.1294076442718506,headquarters_state
patch_matched_layer_random_05,New York,103392_1993.txt_headquarters_state_173,-0.6060266494750977,2,-1.2120532989501953,headquarters_state
patch_matched_layer_random_06,New York,103392_1993.txt_headquarters_state_173,-0.7084091305732727,2,-1.4168182611465454,headquarters_state
patch_matched_layer_random_07,New York,103392_1993.txt_headquarters_state_173,-0.5362693667411804,2,-1.0725387334823608,headquarters_state
patch_matched_layer_random_08,New York,103392_1993.txt_headquarters_state_173,-0.525206446647644,2,-1.050412893295288,headquarters_state
patch_matched_layer_random_09,New York,103392_1993.txt_headquarters_state_173,-0.6692005395889282,2,-1.3384010791778564,headquarters_state
patch_matched_layer_random_10,New York,103392_1993.txt_headquarters_state_173,-0.66657954454422,2,-1.33315908908844,headquarters_state
patch_matched_layer_random_11,New York,103392_1993.txt_headquarters_state_173,-0.5913543701171875,2,-1.182708740234375,headquarters_state
patch_matched_layer_random_12,New York,103392_1993.txt_headquarters_state_173,-0.695749819278717,2,-1.391499638557434,headquarters_state
patch_matched_layer_random_13,New York,103392_1993.txt_headquarters_state_173,-0.5967937111854553,2,-1.1935874223709106,headquarters_state
patch_matched_layer_random_14,New York,103392_1993.txt_headquarters_state_173,-0.5279672145843506,2,-1.0559344291687012,headquarters_state
patch_matched_layer_random_15,New York,103392_1993.txt_headquarters_state_173,-0.765635073184967,2,-1.531270146369934,headquarters_state
patch_matched_layer_random_16,New York,103392_1993.txt_headquarters_state_173,-0.7851757407188416,2,-1.570351481437683,headquarters_state
patch_matched_layer_random_17,New York,103392_1993.txt_headquarters_state_173,-0.7461054921150208,2,-1.4922109842300415,headquarters_state
patch_matched_layer_random_18,New York,103392_1993.txt_headquarters_state_173,-0.5856406092643738,2,-1.1712812185287476,headquarters_state
patch_matched_layer_random_19,New York,103392_1993.txt_headquarters_state_173,-0.6632287502288818,2,-1.3264575004577637,headquarters_state
clean,California,37748_1993.txt_headquarters_state_60,-0.3104453980922699,1,-0.3104453980922699,headquarters_state
qr_ablate,California,37748_1993.txt_headquarters_state_60,-2.0740888118743896,1,-2.0740888118743896,headquarters_state
patch_qr,California,37748_1993.txt_headquarters_state_60,-0.40590912103652954,1,-0.40590912103652954,headquarters_state
patch_bottom,California,37748_1993.txt_headquarters_state_60,-2.0693397521972656,1,-2.0693397521972656,headquarters_state
patch_same_layer,California,37748_1993.txt_headquarters_state_60,-1.8648340702056885,1,-1.8648340702056885,headquarters_state
patch_random_00,California,37748_1993.txt_headquarters_state_60,-1.6143983602523804,1,-1.6143983602523804,headquarters_state
patch_random_01,California,37748_1993.txt_headquarters_state_60,-2.159546375274658,1,-2.159546375274658,headquarters_state
patch_random_02,California,37748_1993.txt_headquarters_state_60,-2.2952470779418945,1,-2.2952470779418945,headquarters_state
patch_random_03,California,37748_1993.txt_headquarters_state_60,-1.95549476146698,1,-1.95549476146698,headquarters_state
patch_random_04,California,37748_1993.txt_headquarters_state_60,-2.4422852993011475,1,-2.4422852993011475,headquarters_state
patch_random_05,California,37748_1993.txt_headquarters_state_60,-2.3093247413635254,1,-2.3093247413635254,headquarters_state
patch_random_06,California,37748_1993.txt_headquarters_state_60,-1.7776950597763062,1,-1.7776950597763062,headquarters_state
patch_random_07,California,37748_1993.txt_headquarters_state_60,-2.3002567291259766,1,-2.3002567291259766,headquarters_state
patch_random_08,California,37748_1993.txt_headquarters_state_60,-1.8486720323562622,1,-1.8486720323562622,headquarters_state
patch_random_09,California,37748_1993.txt_headquarters_state_60,-2.038602113723755,1,-2.038602113723755,headquarters_state
patch_random_10,California,37748_1993.txt_headquarters_state_60,-2.129180908203125,1,-2.129180908203125,headquarters_state
patch_random_11,California,37748_1993.txt_headquarters_state_60,-1.96762216091156,1,-1.96762216091156,headquarters_state
patch_random_12,California,37748_1993.txt_headquarters_state_60,-2.001768112182617,1,-2.001768112182617,headquarters_state
patch_random_13,California,37748_1993.txt_headquarters_state_60,-2.019139289855957,1,-2.019139289855957,headquarters_state
patch_random_14,California,37748_1993.txt_headquarters_state_60,-2.13188099861145,1,-2.13188099861145,headquarters_state
patch_random_15,California,37748_1993.txt_headquarters_state_60,-2.0023629665374756,1,-2.0023629665374756,headquarters_state
patch_random_16,California,37748_1993.txt_headquarters_state_60,-2.660061836242676,1,-2.660061836242676,headquarters_state
patch_random_17,California,37748_1993.txt_headquarters_state_60,-2.152618646621704,1,-2.152618646621704,headquarters_state
patch_random_18,California,37748_1993.txt_headquarters_state_60,-2.0610625743865967,1,-2.0610625743865967,headquarters_state
patch_random_19,California,37748_1993.txt_headquarters_state_60,-2.025501251220703,1,-2.025501251220703,headquarters_state
patch_matched_layer_random_00,California,37748_1993.txt_headquarters_state_60,-2.0160093307495117,1,-2.0160093307495117,headquarters_state
patch_matched_layer_random_01,California,37748_1993.txt_headquarters_state_60,-2.5329413414001465,1,-2.5329413414001465,headquarters_state
patch_matched_layer_random_02,California,37748_1993.txt_headquarters_state_60,-2.2485647201538086,1,-2.2485647201538086,headquarters_state
patch_matched_layer_random_03,California,37748_1993.txt_headquarters_state_60,-1.921810269355774,1,-1.921810269355774,headquarters_state
patch_matched_layer_random_04,California,37748_1993.txt_headquarters_state_60,-2.0800695419311523,1,-2.0800695419311523,headquarters_state
patch_matched_layer_random_05,California,37748_1993.txt_headquarters_state_60,-2.0364818572998047,1,-2.0364818572998047,headquarters_state
patch_matched_layer_random_06,California,37748_1993.txt_headquarters_state_60,-1.922925353050232,1,-1.922925353050232,headquarters_state
patch_matched_layer_random_07,California,37748_1993.txt_headquarters_state_60,-2.659820556640625,1,-2.659820556640625,headquarters_state
patch_matched_layer_random_08,California,37748_1993.txt_headquarters_state_60,-2.0023066997528076,1,-2.0023066997528076,headquarters_state
patch_matched_layer_random_09,California,37748_1993.txt_headquarters_state_60,-2.6338415145874023,1,-2.6338415145874023,headquarters_state
patch_matched_layer_random_10,California,37748_1993.txt_headquarters_state_60,-2.1299281120300293,1,-2.1299281120300293,headquarters_state
patch_matched_layer_random_11,California,37748_1993.txt_headquarters_state_60,-1.9701858758926392,1,-1.9701858758926392,headquarters_state
patch_matched_layer_random_12,California,37748_1993.txt_headquarters_state_60,-2.260068893432617,1,-2.260068893432617,headquarters_state
patch_matched_layer_random_13,California,37748_1993.txt_headquarters_state_60,-1.8335721492767334,1,-1.8335721492767334,headquarters_state
patch_matched_layer_random_14,California,37748_1993.txt_headquarters_state_60,-2.2052133083343506,1,-2.2052133083343506,headquarters_state
patch_matched_layer_random_15,California,37748_1993.txt_headquarters_state_60,-2.299410820007324,1,-2.299410820007324,headquarters_state
patch_matched_layer_random_16,California,37748_1993.txt_headquarters_state_60,-2.355998992919922,1,-2.355998992919922,headquarters_state
patch_matched_layer_random_17,California,37748_1993.txt_headquarters_state_60,-2.6734111309051514,1,-2.6734111309051514,headquarters_state
patch_matched_layer_random_18,California,37748_1993.txt_headquarters_state_60,-1.9775454998016357,1,-1.9775454998016357,headquarters_state
patch_matched_layer_random_19,California,37748_1993.txt_headquarters_state_60,-2.570694923400879,1,-2.570694923400879,headquarters_state
clean,NJ,276999_1993.txt_headquarters_state_160,-1.7692137956619263,2,-3.5384275913238525,headquarters_state
qr_ablate,NJ,276999_1993.txt_headquarters_state_160,-2.386364459991455,2,-4.77272891998291,headquarters_state
patch_qr,NJ,276999_1993.txt_headquarters_state_160,-1.9378775358200073,2,-3.8757550716400146,headquarters_state
patch_bottom,NJ,276999_1993.txt_headquarters_state_160,-2.3705124855041504,2,-4.741024971008301,headquarters_state
patch_same_layer,NJ,276999_1993.txt_headquarters_state_160,-2.1257073879241943,2,-4.251414775848389,headquarters_state
patch_random_00,NJ,276999_1993.txt_headquarters_state_160,-2.246114730834961,2,-4.492229461669922,headquarters_state
patch_random_01,NJ,276999_1993.txt_headquarters_state_160,-2.3971896171569824,2,-4.794379234313965,headquarters_state
patch_random_02,NJ,276999_1993.txt_headquarters_state_160,-2.2389769554138184,2,-4.477953910827637,headquarters_state
patch_random_03,NJ,276999_1993.txt_headquarters_state_160,-2.2901735305786133,2,-4.580347061157227,headquarters_state
patch_random_04,NJ,276999_1993.txt_headquarters_state_160,-2.421020984649658,2,-4.842041969299316,headquarters_state
patch_random_05,NJ,276999_1993.txt_headquarters_state_160,-2.6165270805358887,2,-5.233054161071777,headquarters_state
patch_random_06,NJ,276999_1993.txt_headquarters_state_160,-2.2917160987854004,2,-4.583432197570801,headquarters_state
patch_random_07,NJ,276999_1993.txt_headquarters_state_160,-2.4135146141052246,2,-4.827029228210449,headquarters_state
patch_random_08,NJ,276999_1993.txt_headquarters_state_160,-2.196428060531616,2,-4.392856121063232,headquarters_state
patch_random_09,NJ,276999_1993.txt_headquarters_state_160,-2.1785638332366943,2,-4.357127666473389,headquarters_state
patch_random_10,NJ,276999_1993.txt_headquarters_state_160,-2.4596850872039795,2,-4.919370174407959,headquarters_state
patch_random_11,NJ,276999_1993.txt_headquarters_state_160,-2.2441842555999756,2,-4.488368511199951,headquarters_state
patch_random_12,NJ,276999_1993.txt_headquarters_state_160,-2.409072160720825,2,-4.81814432144165,headquarters_state
patch_random_13,NJ,276999_1993.txt_headquarters_state_160,-2.262368679046631,2,-4.524737358093262,headquarters_state
patch_random_14,NJ,276999_1993.txt_headquarters_state_160,-2.3916690349578857,2,-4.7833380699157715,headquarters_state
patch_random_15,NJ,276999_1993.txt_headquarters_state_160,-2.3643393516540527,2,-4.7286787033081055,headquarters_state
patch_random_16,NJ,276999_1993.txt_headquarters_state_160,-2.5880253314971924,2,-5.176050662994385,headquarters_state
patch_random_17,NJ,276999_1993.txt_headquarters_state_160,-2.401102066040039,2,-4.802204132080078,headquarters_state
patch_random_18,NJ,276999_1993.txt_headquarters_state_160,-2.2755682468414307,2,-4.551136493682861,headquarters_state
patch_random_19,NJ,276999_1993.txt_headquarters_state_160,-2.432666063308716,2,-4.865332126617432,headquarters_state
patch_matched_layer_random_00,NJ,276999_1993.txt_headquarters_state_160,-2.389319896697998,2,-4.778639793395996,headquarters_state
patch_matched_layer_random_01,NJ,276999_1993.txt_headquarters_state_160,-2.323946475982666,2,-4.647892951965332,headquarters_state
patch_matched_layer_random_02,NJ,276999_1993.txt_headquarters_state_160,-2.396343946456909,2,-4.792687892913818,headquarters_state
patch_matched_layer_random_03,NJ,276999_1993.txt_headquarters_state_160,-2.266494035720825,2,-4.53298807144165,headquarters_state
patch_matched_layer_random_04,NJ,276999_1993.txt_headquarters_state_160,-2.2950148582458496,2,-4.590029716491699,headquarters_state
patch_matched_layer_random_05,NJ,276999_1993.txt_headquarters_state_160,-2.3843400478363037,2,-4.768680095672607,headquarters_state
patch_matched_layer_random_06,NJ,276999_1993.txt_headquarters_state_160,-2.2810869216918945,2,-4.562173843383789,headquarters_state
patch_matched_layer_random_07,NJ,276999_1993.txt_headquarters_state_160,-2.0996460914611816,2,-4.199292182922363,headquarters_state
patch_matched_layer_random_08,NJ,276999_1993.txt_headquarters_state_160,-2.197084665298462,2,-4.394169330596924,headquarters_state
patch_matched_layer_random_09,NJ,276999_1993.txt_headquarters_state_160,-2.4663844108581543,2,-4.932768821716309,headquarters_state
patch_matched_layer_random_10,NJ,276999_1993.txt_headquarters_state_160,-2.2351932525634766,2,-4.470386505126953,headquarters_state
patch_matched_layer_random_11,NJ,276999_1993.txt_headquarters_state_160,-2.3574650287628174,2,-4.714930057525635,headquarters_state
patch_matched_layer_random_12,NJ,276999_1993.txt_headquarters_state_160,-2.538729667663574,2,-5.077459335327148,headquarters_state
patch_matched_layer_random_13,NJ,276999_1993.txt_headquarters_state_160,-2.409191608428955,2,-4.81838321685791,headquarters_state
patch_matched_layer_random_14,NJ,276999_1993.txt_headquarters_state_160,-2.3927102088928223,2,-4.7854204177856445,headquarters_state
patch_matched_layer_random_15,NJ,276999_1993.txt_headquarters_state_160,-2.347139835357666,2,-4.694279670715332,headquarters_state
patch_matched_layer_random_16,NJ,276999_1993.txt_headquarters_state_160,-2.5856072902679443,2,-5.171214580535889,headquarters_state
patch_matched_layer_random_17,NJ,276999_1993.txt_headquarters_state_160,-2.857508659362793,2,-5.715017318725586,headquarters_state
patch_matched_layer_random_18,NJ,276999_1993.txt_headquarters_state_160,-2.344921112060547,2,-4.689842224121094,headquarters_state
patch_matched_layer_random_19,NJ,276999_1993.txt_headquarters_state_160,-2.5081491470336914,2,-5.016298294067383,headquarters_state
clean,Florida,828530_1993.txt_headquarters_state_109,-1.421582579612732,1,-1.421582579612732,headquarters_state
qr_ablate,Florida,828530_1993.txt_headquarters_state_109,-2.4795424938201904,1,-2.4795424938201904,headquarters_state
patch_qr,Florida,828530_1993.txt_headquarters_state_109,-0.6764404773712158,1,-0.6764404773712158,headquarters_state
patch_bottom,Florida,828530_1993.txt_headquarters_state_109,-2.4972829818725586,1,-2.4972829818725586,headquarters_state
patch_same_layer,Florida,828530_1993.txt_headquarters_state_109,-2.1864829063415527,1,-2.1864829063415527,headquarters_state
patch_random_00,Florida,828530_1993.txt_headquarters_state_109,-2.2201457023620605,1,-2.2201457023620605,headquarters_state
patch_random_01,Florida,828530_1993.txt_headquarters_state_109,-2.5968496799468994,1,-2.5968496799468994,headquarters_state
patch_random_02,Florida,828530_1993.txt_headquarters_state_109,-2.5070719718933105,1,-2.5070719718933105,headquarters_state
patch_random_03,Florida,828530_1993.txt_headquarters_state_109,-2.3025171756744385,1,-2.3025171756744385,headquarters_state
patch_random_04,Florida,828530_1993.txt_headquarters_state_109,-2.3935155868530273,1,-2.3935155868530273,headquarters_state
patch_random_05,Florida,828530_1993.txt_headquarters_state_109,-2.528108835220337,1,-2.528108835220337,headquarters_state
patch_random_06,Florida,828530_1993.txt_headquarters_state_109,-2.5286295413970947,1,-2.5286295413970947,headquarters_state
patch_random_07,Florida,828530_1993.txt_headquarters_state_109,-2.6138663291931152,1,-2.6138663291931152,headquarters_state
patch_random_08,Florida,828530_1993.txt_headquarters_state_109,-2.5106709003448486,1,-2.5106709003448486,headquarters_state
patch_random_09,Florida,828530_1993.txt_headquarters_state_109,-2.5531845092773438,1,-2.5531845092773438,headquarters_state
patch_random_10,Florida,828530_1993.txt_headquarters_state_109,-2.518801212310791,1,-2.518801212310791,headquarters_state
patch_random_11,Florida,828530_1993.txt_headquarters_state_109,-2.184267520904541,1,-2.184267520904541,headquarters_state
patch_random_12,Florida,828530_1993.txt_headquarters_state_109,-2.436192035675049,1,-2.436192035675049,headquarters_state
patch_random_13,Florida,828530_1993.txt_headquarters_state_109,-2.4616010189056396,1,-2.4616010189056396,headquarters_state
patch_random_14,Florida,828530_1993.txt_headquarters_state_109,-2.552635908126831,1,-2.552635908126831,headquarters_state
patch_random_15,Florida,828530_1993.txt_headquarters_state_109,-2.3928513526916504,1,-2.3928513526916504,headquarters_state
patch_random_16,Florida,828530_1993.txt_headquarters_state_109,-2.4575531482696533,1,-2.4575531482696533,headquarters_state
patch_random_17,Florida,828530_1993.txt_headquarters_state_109,-2.5773115158081055,1,-2.5773115158081055,headquarters_state
patch_random_18,Florida,828530_1993.txt_headquarters_state_109,-2.704986333847046,1,-2.704986333847046,headquarters_state
patch_random_19,Florida,828530_1993.txt_headquarters_state_109,-2.434028148651123,1,-2.434028148651123,headquarters_state
patch_matched_layer_random_00,Florida,828530_1993.txt_headquarters_state_109,-2.3159947395324707,1,-2.3159947395324707,headquarters_state
patch_matched_layer_random_01,Florida,828530_1993.txt_headquarters_state_109,-2.774632453918457,1,-2.774632453918457,headquarters_state
patch_matched_layer_random_02,Florida,828530_1993.txt_headquarters_state_109,-2.6040563583374023,1,-2.6040563583374023,headquarters_state
patch_matched_layer_random_03,Florida,828530_1993.txt_headquarters_state_109,-2.4222216606140137,1,-2.4222216606140137,headquarters_state
patch_matched_layer_random_04,Florida,828530_1993.txt_headquarters_state_109,-2.549490213394165,1,-2.549490213394165,headquarters_state
patch_matched_layer_random_05,Florida,828530_1993.txt_headquarters_state_109,-2.605703830718994,1,-2.605703830718994,headquarters_state
patch_matched_layer_random_06,Florida,828530_1993.txt_headquarters_state_109,-2.6167118549346924,1,-2.6167118549346924,headquarters_state
patch_matched_layer_random_07,Florida,828530_1993.txt_headquarters_state_109,-3.3178582191467285,1,-3.3178582191467285,headquarters_state
patch_matched_layer_random_08,Florida,828530_1993.txt_headquarters_state_109,-2.3331730365753174,1,-2.3331730365753174,headquarters_state
patch_matched_layer_random_09,Florida,828530_1993.txt_headquarters_state_109,-2.3513360023498535,1,-2.3513360023498535,headquarters_state
patch_matched_layer_random_10,Florida,828530_1993.txt_headquarters_state_109,-2.3982982635498047,1,-2.3982982635498047,headquarters_state
patch_matched_layer_random_11,Florida,828530_1993.txt_headquarters_state_109,-2.2210559844970703,1,-2.2210559844970703,headquarters_state
patch_matched_layer_random_12,Florida,828530_1993.txt_headquarters_state_109,-2.776909351348877,1,-2.776909351348877,headquarters_state
patch_matched_layer_random_13,Florida,828530_1993.txt_headquarters_state_109,-2.4469542503356934,1,-2.4469542503356934,headquarters_state
patch_matched_layer_random_14,Florida,828530_1993.txt_headquarters_state_109,-2.813649892807007,1,-2.813649892807007,headquarters_state
patch_matched_layer_random_15,Florida,828530_1993.txt_headquarters_state_109,-2.989424705505371,1,-2.989424705505371,headquarters_state
patch_matched_layer_random_16,Florida,828530_1993.txt_headquarters_state_109,-2.446713924407959,1,-2.446713924407959,headquarters_state
patch_matched_layer_random_17,Florida,828530_1993.txt_headquarters_state_109,-2.751465320587158,1,-2.751465320587158,headquarters_state
patch_matched_layer_random_18,Florida,828530_1993.txt_headquarters_state_109,-2.6384196281433105,1,-2.6384196281433105,headquarters_state
patch_matched_layer_random_19,Florida,828530_1993.txt_headquarters_state_109,-2.8520259857177734,1,-2.8520259857177734,headquarters_state
clean,New Jersey,812427_1993.txt_headquarters_state_247,-0.04967297613620758,2,-0.09934595227241516,headquarters_state
qr_ablate,New Jersey,812427_1993.txt_headquarters_state_247,-0.4580353796482086,2,-0.9160707592964172,headquarters_state
patch_qr,New Jersey,812427_1993.txt_headquarters_state_247,-0.032739512622356415,2,-0.06547902524471283,headquarters_state
patch_bottom,New Jersey,812427_1993.txt_headquarters_state_247,-0.4730861783027649,2,-0.9461723566055298,headquarters_state
patch_same_layer,New Jersey,812427_1993.txt_headquarters_state_247,-0.2950919270515442,2,-0.5901838541030884,headquarters_state
patch_random_00,New Jersey,812427_1993.txt_headquarters_state_247,-0.27802738547325134,2,-0.5560547709465027,headquarters_state
patch_random_01,New Jersey,812427_1993.txt_headquarters_state_247,-0.48642927408218384,2,-0.9728585481643677,headquarters_state
patch_random_02,New Jersey,812427_1993.txt_headquarters_state_247,-0.4338652789592743,2,-0.8677305579185486,headquarters_state
patch_random_03,New Jersey,812427_1993.txt_headquarters_state_247,-0.40979862213134766,2,-0.8195972442626953,headquarters_state
patch_random_04,New Jersey,812427_1993.txt_headquarters_state_247,-0.5884947180747986,2,-1.1769894361495972,headquarters_state
patch_random_05,New Jersey,812427_1993.txt_headquarters_state_247,-0.607357382774353,2,-1.214714765548706,headquarters_state
patch_random_06,New Jersey,812427_1993.txt_headquarters_state_247,-0.315705269575119,2,-0.631410539150238,headquarters_state
patch_random_07,New Jersey,812427_1993.txt_headquarters_state_247,-0.35871121287345886,2,-0.7174224257469177,headquarters_state
patch_random_08,New Jersey,812427_1993.txt_headquarters_state_247,-0.3192999064922333,2,-0.6385998129844666,headquarters_state
patch_random_09,New Jersey,812427_1993.txt_headquarters_state_247,-0.29726314544677734,2,-0.5945262908935547,headquarters_state
patch_random_10,New Jersey,812427_1993.txt_headquarters_state_247,-0.6228855848312378,2,-1.2457711696624756,headquarters_state
patch_random_11,New Jersey,812427_1993.txt_headquarters_state_247,-0.3491132855415344,2,-0.6982265710830688,headquarters_state
patch_random_12,New Jersey,812427_1993.txt_headquarters_state_247,-0.4296814501285553,2,-0.8593629002571106,headquarters_state
patch_random_13,New Jersey,812427_1993.txt_headquarters_state_247,-0.3845321536064148,2,-0.7690643072128296,headquarters_state
patch_random_14,New Jersey,812427_1993.txt_headquarters_state_247,-0.38715147972106934,2,-0.7743029594421387,headquarters_state
patch_random_15,New Jersey,812427_1993.txt_headquarters_state_247,-0.4896922707557678,2,-0.9793845415115356,headquarters_state
patch_random_16,New Jersey,812427_1993.txt_headquarters_state_247,-0.7721094489097595,2,-1.544218897819519,headquarters_state
patch_random_17,New Jersey,812427_1993.txt_headquarters_state_247,-0.4344627857208252,2,-0.8689255714416504,headquarters_state
patch_random_18,New Jersey,812427_1993.txt_headquarters_state_247,-0.3676963448524475,2,-0.735392689704895,headquarters_state
patch_random_19,New Jersey,812427_1993.txt_headquarters_state_247,-0.44276347756385803,2,-0.8855269551277161,headquarters_state
patch_matched_layer_random_00,New Jersey,812427_1993.txt_headquarters_state_247,-0.4899267554283142,2,-0.9798535108566284,headquarters_state
patch_matched_layer_random_01,New Jersey,812427_1993.txt_headquarters_state_247,-0.5725104808807373,2,-1.1450209617614746,headquarters_state
patch_matched_layer_random_02,New Jersey,812427_1993.txt_headquarters_state_247,-0.5097643733024597,2,-1.0195287466049194,headquarters_state
patch_matched_layer_random_03,New Jersey,812427_1993.txt_headquarters_state_247,-0.43088260293006897,2,-0.8617652058601379,headquarters_state
patch_matched_layer_random_04,New Jersey,812427_1993.txt_headquarters_state_247,-0.4267929494380951,2,-0.8535858988761902,headquarters_state
patch_matched_layer_random_05,New Jersey,812427_1993.txt_headquarters_state_247,-0.40663066506385803,2,-0.8132613301277161,headquarters_state
patch_matched_layer_random_06,New Jersey,812427_1993.txt_headquarters_state_247,-0.3318556249141693,2,-0.6637112498283386,headquarters_state
patch_matched_layer_random_07,New Jersey,812427_1993.txt_headquarters_state_247,-0.4651571214199066,2,-0.9303142428398132,headquarters_state
patch_matched_layer_random_08,New Jersey,812427_1993.txt_headquarters_state_247,-0.35004130005836487,2,-0.7000826001167297,headquarters_state
patch_matched_layer_random_09,New Jersey,812427_1993.txt_headquarters_state_247,-0.7553727030754089,2,-1.5107454061508179,headquarters_state
patch_matched_layer_random_10,New Jersey,812427_1993.txt_headquarters_state_247,-0.37922319769859314,2,-0.7584463953971863,headquarters_state
patch_matched_layer_random_11,New Jersey,812427_1993.txt_headquarters_state_247,-0.5031353235244751,2,-1.0062706470489502,headquarters_state
patch_matched_layer_random_12,New Jersey,812427_1993.txt_headquarters_state_247,-0.4722526967525482,2,-0.9445053935050964,headquarters_state
patch_matched_layer_random_13,New Jersey,812427_1993.txt_headquarters_state_247,-0.29845988750457764,2,-0.5969197750091553,headquarters_state
patch_matched_layer_random_14,New Jersey,812427_1993.txt_headquarters_state_247,-0.480782151222229,2,-0.961564302444458,headquarters_state
patch_matched_layer_random_15,New Jersey,812427_1993.txt_headquarters_state_247,-0.3671819269657135,2,-0.734363853931427,headquarters_state
patch_matched_layer_random_16,New Jersey,812427_1993.txt_headquarters_state_247,-0.7106244564056396,2,-1.4212489128112793,headquarters_state
patch_matched_layer_random_17,New Jersey,812427_1993.txt_headquarters_state_247,-0.8588220477104187,2,-1.7176440954208374,headquarters_state
patch_matched_layer_random_18,New Jersey,812427_1993.txt_headquarters_state_247,-0.35187268257141113,2,-0.7037453651428223,headquarters_state
patch_matched_layer_random_19,New Jersey,812427_1993.txt_headquarters_state_247,-0.6532813906669617,2,-1.3065627813339233,headquarters_state
clean,California,201461_1993.txt_headquarters_state_74,-0.019200420007109642,1,-0.019200420007109642,headquarters_state
qr_ablate,California,201461_1993.txt_headquarters_state_74,-2.646862745285034,1,-2.646862745285034,headquarters_state
patch_qr,California,201461_1993.txt_headquarters_state_74,-0.026400649920105934,1,-0.026400649920105934,headquarters_state
patch_bottom,California,201461_1993.txt_headquarters_state_74,-2.6550240516662598,1,-2.6550240516662598,headquarters_state
patch_same_layer,California,201461_1993.txt_headquarters_state_74,-1.4525691270828247,1,-1.4525691270828247,headquarters_state
patch_random_00,California,201461_1993.txt_headquarters_state_74,-0.8222429156303406,1,-0.8222429156303406,headquarters_state
patch_random_01,California,201461_1993.txt_headquarters_state_74,-2.750920295715332,1,-2.750920295715332,headquarters_state
patch_random_02,California,201461_1993.txt_headquarters_state_74,-3.2002224922180176,1,-3.2002224922180176,headquarters_state
patch_random_03,California,201461_1993.txt_headquarters_state_74,-1.7288663387298584,1,-1.7288663387298584,headquarters_state
patch_random_04,California,201461_1993.txt_headquarters_state_74,-3.118288993835449,1,-3.118288993835449,headquarters_state
patch_random_05,California,201461_1993.txt_headquarters_state_74,-2.9819908142089844,1,-2.9819908142089844,headquarters_state
patch_random_06,California,201461_1993.txt_headquarters_state_74,-1.6511149406433105,1,-1.6511149406433105,headquarters_state
patch_random_07,California,201461_1993.txt_headquarters_state_74,-1.8862332105636597,1,-1.8862332105636597,headquarters_state
patch_random_08,California,201461_1993.txt_headquarters_state_74,-2.3295488357543945,1,-2.3295488357543945,headquarters_state
patch_random_09,California,201461_1993.txt_headquarters_state_74,-2.152986526489258,1,-2.152986526489258,headquarters_state
patch_random_10,California,201461_1993.txt_headquarters_state_74,-3.0113322734832764,1,-3.0113322734832764,headquarters_state
patch_random_11,California,201461_1993.txt_headquarters_state_74,-2.2544150352478027,1,-2.2544150352478027,headquarters_state
patch_random_12,California,201461_1993.txt_headquarters_state_74,-2.6421566009521484,1,-2.6421566009521484,headquarters_state
patch_random_13,California,201461_1993.txt_headquarters_state_74,-2.3631742000579834,1,-2.3631742000579834,headquarters_state
patch_random_14,California,201461_1993.txt_headquarters_state_74,-2.354762554168701,1,-2.354762554168701,headquarters_state
patch_random_15,California,201461_1993.txt_headquarters_state_74,-2.416468858718872,1,-2.416468858718872,headquarters_state
patch_random_16,California,201461_1993.txt_headquarters_state_74,-3.6702892780303955,1,-3.6702892780303955,headquarters_state
patch_random_17,California,201461_1993.txt_headquarters_state_74,-2.411442279815674,1,-2.411442279815674,headquarters_state
patch_random_18,California,201461_1993.txt_headquarters_state_74,-2.1142797470092773,1,-2.1142797470092773,headquarters_state
patch_random_19,California,201461_1993.txt_headquarters_state_74,-2.6450893878936768,1,-2.6450893878936768,headquarters_state
patch_matched_layer_random_00,California,201461_1993.txt_headquarters_state_74,-2.55802583694458,1,-2.55802583694458,headquarters_state
patch_matched_layer_random_01,California,201461_1993.txt_headquarters_state_74,-3.324190139770508,1,-3.324190139770508,headquarters_state
patch_matched_layer_random_02,California,201461_1993.txt_headquarters_state_74,-3.608110189437866,1,-3.608110189437866,headquarters_state
patch_matched_layer_random_03,California,201461_1993.txt_headquarters_state_74,-1.3520280122756958,1,-1.3520280122756958,headquarters_state
patch_matched_layer_random_04,California,201461_1993.txt_headquarters_state_74,-2.5080068111419678,1,-2.5080068111419678,headquarters_state
patch_matched_layer_random_05,California,201461_1993.txt_headquarters_state_74,-2.457953929901123,1,-2.457953929901123,headquarters_state
patch_matched_layer_random_06,California,201461_1993.txt_headquarters_state_74,-1.887344241142273,1,-1.887344241142273,headquarters_state
patch_matched_layer_random_07,California,201461_1993.txt_headquarters_state_74,-2.8457744121551514,1,-2.8457744121551514,headquarters_state
patch_matched_layer_random_08,California,201461_1993.txt_headquarters_state_74,-2.1202731132507324,1,-2.1202731132507324,headquarters_state
patch_matched_layer_random_09,California,201461_1993.txt_headquarters_state_74,-3.445840358734131,1,-3.445840358734131,headquarters_state
patch_matched_layer_random_10,California,201461_1993.txt_headquarters_state_74,-1.8948123455047607,1,-1.8948123455047607,headquarters_state
patch_matched_layer_random_11,California,201461_1993.txt_headquarters_state_74,-3.030799388885498,1,-3.030799388885498,headquarters_state
patch_matched_layer_random_12,California,201461_1993.txt_headquarters_state_74,-3.2383837699890137,1,-3.2383837699890137,headquarters_state
patch_matched_layer_random_13,California,201461_1993.txt_headquarters_state_74,-1.6336884498596191,1,-1.6336884498596191,headquarters_state
patch_matched_layer_random_14,California,201461_1993.txt_headquarters_state_74,-2.9236388206481934,1,-2.9236388206481934,headquarters_state
patch_matched_layer_random_15,California,201461_1993.txt_headquarters_state_74,-2.784240245819092,1,-2.784240245819092,headquarters_state
patch_matched_layer_random_16,California,201461_1993.txt_headquarters_state_74,-2.7365901470184326,1,-2.7365901470184326,headquarters_state
patch_matched_layer_random_17,California,201461_1993.txt_headquarters_state_74,-3.4746131896972656,1,-3.4746131896972656,headquarters_state
patch_matched_layer_random_18,California,201461_1993.txt_headquarters_state_74,-2.965862274169922,1,-2.965862274169922,headquarters_state
patch_matched_layer_random_19,California,201461_1993.txt_headquarters_state_74,-3.4177112579345703,1,-3.4177112579345703,headquarters_state
clean,Tennessee,764764_1993.txt_headquarters_state_43,-0.3115616738796234,1,-0.3115616738796234,headquarters_state
qr_ablate,Tennessee,764764_1993.txt_headquarters_state_43,-3.2461230754852295,1,-3.2461230754852295,headquarters_state
patch_qr,Tennessee,764764_1993.txt_headquarters_state_43,-2.2612478733062744,1,-2.2612478733062744,headquarters_state
patch_bottom,Tennessee,764764_1993.txt_headquarters_state_43,-3.206926107406616,1,-3.206926107406616,headquarters_state
patch_same_layer,Tennessee,764764_1993.txt_headquarters_state_43,-2.763901710510254,1,-2.763901710510254,headquarters_state
patch_random_00,Tennessee,764764_1993.txt_headquarters_state_43,-2.572402000427246,1,-2.572402000427246,headquarters_state
patch_random_01,Tennessee,764764_1993.txt_headquarters_state_43,-3.2744972705841064,1,-3.2744972705841064,headquarters_state
patch_random_02,Tennessee,764764_1993.txt_headquarters_state_43,-2.9502809047698975,1,-2.9502809047698975,headquarters_state
patch_random_03,Tennessee,764764_1993.txt_headquarters_state_43,-3.0151500701904297,1,-3.0151500701904297,headquarters_state
patch_random_04,Tennessee,764764_1993.txt_headquarters_state_43,-2.9580368995666504,1,-2.9580368995666504,headquarters_state
patch_random_05,Tennessee,764764_1993.txt_headquarters_state_43,-3.6382646560668945,1,-3.6382646560668945,headquarters_state
patch_random_06,Tennessee,764764_1993.txt_headquarters_state_43,-2.589540719985962,1,-2.589540719985962,headquarters_state
patch_random_07,Tennessee,764764_1993.txt_headquarters_state_43,-2.998502016067505,1,-2.998502016067505,headquarters_state
patch_random_08,Tennessee,764764_1993.txt_headquarters_state_43,-2.5213561058044434,1,-2.5213561058044434,headquarters_state
patch_random_09,Tennessee,764764_1993.txt_headquarters_state_43,-2.868363380432129,1,-2.868363380432129,headquarters_state
patch_random_10,Tennessee,764764_1993.txt_headquarters_state_43,-3.4604549407958984,1,-3.4604549407958984,headquarters_state
patch_random_11,Tennessee,764764_1993.txt_headquarters_state_43,-3.1224727630615234,1,-3.1224727630615234,headquarters_state
patch_random_12,Tennessee,764764_1993.txt_headquarters_state_43,-3.2350268363952637,1,-3.2350268363952637,headquarters_state
patch_random_13,Tennessee,764764_1993.txt_headquarters_state_43,-3.3709616661071777,1,-3.3709616661071777,headquarters_state
patch_random_14,Tennessee,764764_1993.txt_headquarters_state_43,-3.3692240715026855,1,-3.3692240715026855,headquarters_state
patch_random_15,Tennessee,764764_1993.txt_headquarters_state_43,-3.072859287261963,1,-3.072859287261963,headquarters_state
patch_random_16,Tennessee,764764_1993.txt_headquarters_state_43,-3.3546366691589355,1,-3.3546366691589355,headquarters_state
patch_random_17,Tennessee,764764_1993.txt_headquarters_state_43,-3.1607606410980225,1,-3.1607606410980225,headquarters_state
patch_random_18,Tennessee,764764_1993.txt_headquarters_state_43,-2.8657078742980957,1,-2.8657078742980957,headquarters_state
patch_random_19,Tennessee,764764_1993.txt_headquarters_state_43,-3.3148272037506104,1,-3.3148272037506104,headquarters_state
patch_matched_layer_random_00,Tennessee,764764_1993.txt_headquarters_state_43,-3.5074541568756104,1,-3.5074541568756104,headquarters_state
patch_matched_layer_random_01,Tennessee,764764_1993.txt_headquarters_state_43,-3.17799973487854,1,-3.17799973487854,headquarters_state
patch_matched_layer_random_02,Tennessee,764764_1993.txt_headquarters_state_43,-2.8069326877593994,1,-2.8069326877593994,headquarters_state
patch_matched_layer_random_03,Tennessee,764764_1993.txt_headquarters_state_43,-3.2118287086486816,1,-3.2118287086486816,headquarters_state
patch_matched_layer_random_04,Tennessee,764764_1993.txt_headquarters_state_43,-2.9163472652435303,1,-2.9163472652435303,headquarters_state
patch_matched_layer_random_05,Tennessee,764764_1993.txt_headquarters_state_43,-3.5382497310638428,1,-3.5382497310638428,headquarters_state
patch_matched_layer_random_06,Tennessee,764764_1993.txt_headquarters_state_43,-2.865504741668701,1,-2.865504741668701,headquarters_state
patch_matched_layer_random_07,Tennessee,764764_1993.txt_headquarters_state_43,-2.4207231998443604,1,-2.4207231998443604,headquarters_state
patch_matched_layer_random_08,Tennessee,764764_1993.txt_headquarters_state_43,-2.6872029304504395,1,-2.6872029304504395,headquarters_state
patch_matched_layer_random_09,Tennessee,764764_1993.txt_headquarters_state_43,-3.352325439453125,1,-3.352325439453125,headquarters_state
patch_matched_layer_random_10,Tennessee,764764_1993.txt_headquarters_state_43,-2.960542678833008,1,-2.960542678833008,headquarters_state
patch_matched_layer_random_11,Tennessee,764764_1993.txt_headquarters_state_43,-3.2657017707824707,1,-3.2657017707824707,headquarters_state
patch_matched_layer_random_12,Tennessee,764764_1993.txt_headquarters_state_43,-3.5230274200439453,1,-3.5230274200439453,headquarters_state
patch_matched_layer_random_13,Tennessee,764764_1993.txt_headquarters_state_43,-3.2796919345855713,1,-3.2796919345855713,headquarters_state
patch_matched_layer_random_14,Tennessee,764764_1993.txt_headquarters_state_43,-3.1248440742492676,1,-3.1248440742492676,headquarters_state
patch_matched_layer_random_15,Tennessee,764764_1993.txt_headquarters_state_43,-2.7474074363708496,1,-2.7474074363708496,headquarters_state
patch_matched_layer_random_16,Tennessee,764764_1993.txt_headquarters_state_43,-3.196789026260376,1,-3.196789026260376,headquarters_state
patch_matched_layer_random_17,Tennessee,764764_1993.txt_headquarters_state_43,-4.007017135620117,1,-4.007017135620117,headquarters_state
patch_matched_layer_random_18,Tennessee,764764_1993.txt_headquarters_state_43,-3.052833318710327,1,-3.052833318710327,headquarters_state
patch_matched_layer_random_19,Tennessee,764764_1993.txt_headquarters_state_43,-4.068682670593262,1,-4.068682670593262,headquarters_state
clean,Inland Steel Company,50548_1993.txt_registrant_name_177,-0.14636269211769104,4,-0.5854507684707642,registrant_name
qr_ablate,Inland Steel Company,50548_1993.txt_registrant_name_177,-0.1729743480682373,4,-0.6918973922729492,registrant_name
patch_qr,Inland Steel Company,50548_1993.txt_registrant_name_177,-0.10551096498966217,4,-0.4220438599586487,registrant_name
patch_bottom,Inland Steel Company,50548_1993.txt_registrant_name_177,-0.1826045960187912,4,-0.7304183840751648,registrant_name
patch_same_layer,Inland Steel Company,50548_1993.txt_registrant_name_177,-0.13042087852954865,4,-0.5216835141181946,registrant_name
patch_random_00,Inland Steel Company,50548_1993.txt_registrant_name_177,-0.20148828625679016,4,-0.8059531450271606,registrant_name
patch_random_01,Inland Steel Company,50548_1993.txt_registrant_name_177,-0.19082143902778625,4,-0.763285756111145,registrant_name
patch_random_02,Inland Steel Company,50548_1993.txt_registrant_name_177,-0.19773226976394653,4,-0.7909290790557861,registrant_name
patch_random_03,Inland Steel Company,50548_1993.txt_registrant_name_177,-0.13456927239894867,4,-0.5382770895957947,registrant_name
patch_random_04,Inland Steel Company,50548_1993.txt_registrant_name_177,-0.1102636456489563,4,-0.4410545825958252,registrant_name
patch_random_05,Inland Steel Company,50548_1993.txt_registrant_name_177,-0.17336413264274597,4,-0.6934565305709839,registrant_name
patch_random_06,Inland Steel Company,50548_1993.txt_registrant_name_177,-0.1566809117794037,4,-0.6267236471176147,registrant_name
patch_random_07,Inland Steel Company,50548_1993.txt_registrant_name_177,-0.20345039665699005,4,-0.8138015866279602,registrant_name
patch_random_08,Inland Steel Company,50548_1993.txt_registrant_name_177,-0.19018784165382385,4,-0.7607513666152954,registrant_name
patch_random_09,Inland Steel Company,50548_1993.txt_registrant_name_177,-0.20202165842056274,4,-0.808086633682251,registrant_name
patch_random_10,Inland Steel Company,50548_1993.txt_registrant_name_177,-0.1332177221775055,4,-0.532870888710022,registrant_name
patch_random_11,Inland Steel Company,50548_1993.txt_registrant_name_177,-0.1776236593723297,4,-0.7104946374893188,registrant_name
patch_random_12,Inland Steel Company,50548_1993.txt_registrant_name_177,-0.13492149114608765,4,-0.5396859645843506,registrant_name
patch_random_13,Inland Steel Company,50548_1993.txt_registrant_name_177,-0.19902484118938446,4,-0.7960993647575378,registrant_name
patch_random_14,Inland Steel Company,50548_1993.txt_registrant_name_177,-0.1745958924293518,4,-0.6983835697174072,registrant_name
patch_random_15,Inland Steel Company,50548_1993.txt_registrant_name_177,-0.22686895728111267,4,-0.9074758291244507,registrant_name
patch_random_16,Inland Steel Company,50548_1993.txt_registrant_name_177,-0.1193833276629448,4,-0.4775333106517792,registrant_name
patch_random_17,Inland Steel Company,50548_1993.txt_registrant_name_177,-0.17370352149009705,4,-0.6948140859603882,registrant_name
patch_random_18,Inland Steel Company,50548_1993.txt_registrant_name_177,-0.19264687597751617,4,-0.7705875039100647,registrant_name
patch_random_19,Inland Steel Company,50548_1993.txt_registrant_name_177,-0.18074752390384674,4,-0.722990095615387,registrant_name
patch_matched_layer_random_00,Inland Steel Company,50548_1993.txt_registrant_name_177,-0.1900859922170639,4,-0.7603439688682556,registrant_name
patch_matched_layer_random_01,Inland Steel Company,50548_1993.txt_registrant_name_177,-0.10354781150817871,4,-0.41419124603271484,registrant_name
patch_matched_layer_random_02,Inland Steel Company,50548_1993.txt_registrant_name_177,-0.1307818591594696,4,-0.5231274366378784,registrant_name
patch_matched_layer_random_03,Inland Steel Company,50548_1993.txt_registrant_name_177,-0.15741486847400665,4,-0.6296594738960266,registrant_name
patch_matched_layer_random_04,Inland Steel Company,50548_1993.txt_registrant_name_177,-0.1610676646232605,4,-0.644270658493042,registrant_name
patch_matched_layer_random_05,Inland Steel Company,50548_1993.txt_registrant_name_177,-0.31250959634780884,4,-1.2500383853912354,registrant_name
patch_matched_layer_random_06,Inland Steel Company,50548_1993.txt_registrant_name_177,-0.2607858180999756,4,-1.0431432723999023,registrant_name
patch_matched_layer_random_07,Inland Steel Company,50548_1993.txt_registrant_name_177,-0.23295819759368896,4,-0.9318327903747559,registrant_name
patch_matched_layer_random_08,Inland Steel Company,50548_1993.txt_registrant_name_177,-0.1624528020620346,4,-0.6498112082481384,registrant_name
patch_matched_layer_random_09,Inland Steel Company,50548_1993.txt_registrant_name_177,-0.12800432741641998,4,-0.5120173096656799,registrant_name
patch_matched_layer_random_10,Inland Steel Company,50548_1993.txt_registrant_name_177,-0.20774899423122406,4,-0.8309959769248962,registrant_name
patch_matched_layer_random_11,Inland Steel Company,50548_1993.txt_registrant_name_177,-0.1630955934524536,4,-0.6523823738098145,registrant_name
patch_matched_layer_random_12,Inland Steel Company,50548_1993.txt_registrant_name_177,-0.17891697585582733,4,-0.7156679034233093,registrant_name
patch_matched_layer_random_13,Inland Steel Company,50548_1993.txt_registrant_name_177,-0.24890470504760742,4,-0.9956188201904297,registrant_name
patch_matched_layer_random_14,Inland Steel Company,50548_1993.txt_registrant_name_177,-0.18130415678024292,4,-0.7252166271209717,registrant_name
patch_matched_layer_random_15,Inland Steel Company,50548_1993.txt_registrant_name_177,-0.19941836595535278,4,-0.7976734638214111,registrant_name
patch_matched_layer_random_16,Inland Steel Company,50548_1993.txt_registrant_name_177,-0.11120520532131195,4,-0.4448208212852478,registrant_name
patch_matched_layer_random_17,Inland Steel Company,50548_1993.txt_registrant_name_177,-0.08784995973110199,4,-0.35139983892440796,registrant_name
patch_matched_layer_random_18,Inland Steel Company,50548_1993.txt_registrant_name_177,-0.15712431073188782,4,-0.6284972429275513,registrant_name
patch_matched_layer_random_19,Inland Steel Company,50548_1993.txt_registrant_name_177,-0.20896099507808685,4,-0.8358439803123474,registrant_name
