condition,gold,idx,mean_logprob,num_answer_tokens,sum_logprob,task
clean,Goodes,104669_1993.txt_ceo_lastname_84,-1.6808238797239028e-05,2,-3.3616477594478056e-05,ceo_lastname
qr_ablate,Goodes,104669_1993.txt_ceo_lastname_84,-8.144489288330078,2,-16.288978576660156,ceo_lastname
patch_qr,Goodes,104669_1993.txt_ceo_lastname_84,-1.733580231666565,2,-3.46716046333313,ceo_lastname
patch_bottom,Goodes,104669_1993.txt_ceo_lastname_84,-8.906620979309082,2,-17.813241958618164,ceo_lastname
patch_same_layer,Goodes,104669_1993.txt_ceo_lastname_84,-8.814191818237305,2,-17.62838363647461,ceo_lastname
patch_random_00,Goodes,104669_1993.txt_ceo_lastname_84,-8.106282234191895,2,-16.21256446838379,ceo_lastname
patch_random_01,Goodes,104669_1993.txt_ceo_lastname_84,-7.584731578826904,2,-15.169463157653809,ceo_lastname
patch_random_02,Goodes,104669_1993.txt_ceo_lastname_84,-7.648007392883301,2,-15.296014785766602,ceo_lastname
patch_random_03,Goodes,104669_1993.txt_ceo_lastname_84,-8.040827751159668,2,-16.081655502319336,ceo_lastname
patch_random_04,Goodes,104669_1993.txt_ceo_lastname_84,-7.463318347930908,2,-14.926636695861816,ceo_lastname
patch_random_05,Goodes,104669_1993.txt_ceo_lastname_84,-7.666149616241455,2,-15.33229923248291,ceo_lastname
patch_random_06,Goodes,104669_1993.txt_ceo_lastname_84,-8.163796424865723,2,-16.327592849731445,ceo_lastname
patch_random_07,Goodes,104669_1993.txt_ceo_lastname_84,-7.798543930053711,2,-15.597087860107422,ceo_lastname
patch_random_08,Goodes,104669_1993.txt_ceo_lastname_84,-7.773583889007568,2,-15.547167778015137,ceo_lastname
patch_random_09,Goodes,104669_1993.txt_ceo_lastname_84,-7.94510555267334,2,-15.89021110534668,ceo_lastname
patch_random_10,Goodes,104669_1993.txt_ceo_lastname_84,-8.346161842346191,2,-16.692323684692383,ceo_lastname
patch_random_11,Goodes,104669_1993.txt_ceo_lastname_84,-8.323163032531738,2,-16.646326065063477,ceo_lastname
patch_random_12,Goodes,104669_1993.txt_ceo_lastname_84,-8.03383731842041,2,-16.06767463684082,ceo_lastname
patch_random_13,Goodes,104669_1993.txt_ceo_lastname_84,-8.993265151977539,2,-17.986530303955078,ceo_lastname
patch_random_14,Goodes,104669_1993.txt_ceo_lastname_84,-8.260951042175293,2,-16.521902084350586,ceo_lastname
patch_random_15,Goodes,104669_1993.txt_ceo_lastname_84,-8.819321632385254,2,-17.638643264770508,ceo_lastname
patch_random_16,Goodes,104669_1993.txt_ceo_lastname_84,-8.539681434631348,2,-17.079362869262695,ceo_lastname
patch_random_17,Goodes,104669_1993.txt_ceo_lastname_84,-7.577221393585205,2,-15.15444278717041,ceo_lastname
patch_random_18,Goodes,104669_1993.txt_ceo_lastname_84,-6.4936442375183105,2,-12.987288475036621,ceo_lastname
patch_random_19,Goodes,104669_1993.txt_ceo_lastname_84,-8.907094955444336,2,-17.814189910888672,ceo_lastname
patch_matched_layer_random_00,Goodes,104669_1993.txt_ceo_lastname_84,-6.445255279541016,2,-12.890510559082031,ceo_lastname
patch_matched_layer_random_01,Goodes,104669_1993.txt_ceo_lastname_84,-9.938913345336914,2,-19.877826690673828,ceo_lastname
patch_matched_layer_random_02,Goodes,104669_1993.txt_ceo_lastname_84,-8.356058120727539,2,-16.712116241455078,ceo_lastname
patch_matched_layer_random_03,Goodes,104669_1993.txt_ceo_lastname_84,-7.91784143447876,2,-15.83568286895752,ceo_lastname
patch_matched_layer_random_04,Goodes,104669_1993.txt_ceo_lastname_84,-7.932068347930908,2,-15.864136695861816,ceo_lastname
patch_matched_layer_random_05,Goodes,104669_1993.txt_ceo_lastname_84,-5.970097541809082,2,-11.940195083618164,ceo_lastname
patch_matched_layer_random_06,Goodes,104669_1993.txt_ceo_lastname_84,-8.560582160949707,2,-17.121164321899414,ceo_lastname
patch_matched_layer_random_07,Goodes,104669_1993.txt_ceo_lastname_84,-7.58444356918335,2,-15.1688871383667,ceo_lastname
patch_matched_layer_random_08,Goodes,104669_1993.txt_ceo_lastname_84,-8.536720275878906,2,-17.073440551757812,ceo_lastname
patch_matched_layer_random_09,Goodes,104669_1993.txt_ceo_lastname_84,-6.509883880615234,2,-13.019767761230469,ceo_lastname
patch_matched_layer_random_10,Goodes,104669_1993.txt_ceo_lastname_84,-7.569657325744629,2,-15.139314651489258,ceo_lastname
patch_matched_layer_random_11,Goodes,104669_1993.txt_ceo_lastname_84,-7.901998996734619,2,-15.803997993469238,ceo_lastname
patch_matched_layer_random_12,Goodes,104669_1993.txt_ceo_lastname_84,-8.071572303771973,2,-16.143144607543945,ceo_lastname
patch_matched_layer_random_13,Goodes,104669_1993.txt_ceo_lastname_84,-7.350473880767822,2,-14.700947761535645,ceo_lastname
patch_matched_layer_random_14,Goodes,104669_1993.txt_ceo_lastname_84,-7.852393627166748,2,-15.704787254333496,ceo_lastname
patch_matched_layer_random_15,Goodes,104669_1993.txt_ceo_lastname_84,-9.727849006652832,2,-19.455698013305664,ceo_lastname
patch_matched_layer_random_16,Goodes,104669_1993.txt_ceo_lastname_84,-7.50699520111084,2,-15.01399040222168,ceo_lastname
patch_matched_layer_random_17,Goodes,104669_1993.txt_ceo_lastname_84,-8.95176887512207,2,-17.90353775024414,ceo_lastname
patch_matched_layer_random_18,Goodes,104669_1993.txt_ceo_lastname_84,-7.456686973571777,2,-14.913373947143555,ceo_lastname
patch_matched_layer_random_19,Goodes,104669_1993.txt_ceo_lastname_84,-7.541241645812988,2,-15.082483291625977,ceo_lastname
clean,Powell,716006_1993.txt_ceo_lastname_119,-3.29007234540768e-05,2,-6.58014469081536e-05,ceo_lastname
qr_ablate,Powell,716006_1993.txt_ceo_lastname_119,-1.9814828634262085,2,-3.962965726852417,ceo_lastname
patch_qr,Powell,716006_1993.txt_ceo_lastname_119,-0.0007038534386083484,2,-0.0014077068772166967,ceo_lastname
patch_bottom,Powell,716006_1993.txt_ceo_lastname_119,-1.9443557262420654,2,-3.888711452484131,ceo_lastname
patch_same_layer,Powell,716006_1993.txt_ceo_lastname_119,-1.569470763206482,2,-3.138941526412964,ceo_lastname
patch_random_00,Powell,716006_1993.txt_ceo_lastname_119,-0.6707849502563477,2,-1.3415699005126953,ceo_lastname
patch_random_01,Powell,716006_1993.txt_ceo_lastname_119,-0.9910498261451721,2,-1.9820996522903442,ceo_lastname
patch_random_02,Powell,716006_1993.txt_ceo_lastname_119,-1.8660980463027954,2,-3.732196092605591,ceo_lastname
patch_random_03,Powell,716006_1993.txt_ceo_lastname_119,-1.4041290283203125,2,-2.808258056640625,ceo_lastname
patch_random_04,Powell,716006_1993.txt_ceo_lastname_119,-0.48916202783584595,2,-0.9783240556716919,ceo_lastname
patch_random_05,Powell,716006_1993.txt_ceo_lastname_119,-1.8063703775405884,2,-3.6127407550811768,ceo_lastname
patch_random_06,Powell,716006_1993.txt_ceo_lastname_119,-1.7192635536193848,2,-3.4385271072387695,ceo_lastname
patch_random_07,Powell,716006_1993.txt_ceo_lastname_119,-0.9922055006027222,2,-1.9844110012054443,ceo_lastname
patch_random_08,Powell,716006_1993.txt_ceo_lastname_119,-1.9534910917282104,2,-3.906982183456421,ceo_lastname
patch_random_09,Powell,716006_1993.txt_ceo_lastname_119,-1.9388655424118042,2,-3.8777310848236084,ceo_lastname
patch_random_10,Powell,716006_1993.txt_ceo_lastname_119,-2.1594574451446533,2,-4.318914890289307,ceo_lastname
patch_random_11,Powell,716006_1993.txt_ceo_lastname_119,-0.874800443649292,2,-1.749600887298584,ceo_lastname
patch_random_12,Powell,716006_1993.txt_ceo_lastname_119,-1.9647983312606812,2,-3.9295966625213623,ceo_lastname
patch_random_13,Powell,716006_1993.txt_ceo_lastname_119,-3.616434335708618,2,-7.232868671417236,ceo_lastname
patch_random_14,Powell,716006_1993.txt_ceo_lastname_119,-2.1474225521087646,2,-4.294845104217529,ceo_lastname
patch_random_15,Powell,716006_1993.txt_ceo_lastname_119,-2.9228851795196533,2,-5.845770359039307,ceo_lastname
patch_random_16,Powell,716006_1993.txt_ceo_lastname_119,-1.8611637353897095,2,-3.722327470779419,ceo_lastname
patch_random_17,Powell,716006_1993.txt_ceo_lastname_119,-1.271087408065796,2,-2.542174816131592,ceo_lastname
patch_random_18,Powell,716006_1993.txt_ceo_lastname_119,-0.11025501042604446,2,-0.22051002085208893,ceo_lastname
patch_random_19,Powell,716006_1993.txt_ceo_lastname_119,-5.8819899559021,2,-11.7639799118042,ceo_lastname
patch_matched_layer_random_00,Powell,716006_1993.txt_ceo_lastname_119,-0.07805825024843216,2,-0.15611650049686432,ceo_lastname
patch_matched_layer_random_01,Powell,716006_1993.txt_ceo_lastname_119,-5.199001312255859,2,-10.398002624511719,ceo_lastname
patch_matched_layer_random_02,Powell,716006_1993.txt_ceo_lastname_119,-1.0097030401229858,2,-2.0194060802459717,ceo_lastname
patch_matched_layer_random_03,Powell,716006_1993.txt_ceo_lastname_119,-1.2945612668991089,2,-2.5891225337982178,ceo_lastname
patch_matched_layer_random_04,Powell,716006_1993.txt_ceo_lastname_119,-0.6658827066421509,2,-1.3317654132843018,ceo_lastname
patch_matched_layer_random_05,Powell,716006_1993.txt_ceo_lastname_119,-0.5130508542060852,2,-1.0261017084121704,ceo_lastname
patch_matched_layer_random_06,Powell,716006_1993.txt_ceo_lastname_119,-3.3856287002563477,2,-6.771257400512695,ceo_lastname
patch_matched_layer_random_07,Powell,716006_1993.txt_ceo_lastname_119,-1.4920457601547241,2,-2.9840915203094482,ceo_lastname
patch_matched_layer_random_08,Powell,716006_1993.txt_ceo_lastname_119,-5.7302045822143555,2,-11.460409164428711,ceo_lastname
patch_matched_layer_random_09,Powell,716006_1993.txt_ceo_lastname_119,-0.18719744682312012,2,-0.37439489364624023,ceo_lastname
patch_matched_layer_random_10,Powell,716006_1993.txt_ceo_lastname_119,-1.0753679275512695,2,-2.150735855102539,ceo_lastname
patch_matched_layer_random_11,Powell,716006_1993.txt_ceo_lastname_119,-2.8428585529327393,2,-5.6857171058654785,ceo_lastname
patch_matched_layer_random_12,Powell,716006_1993.txt_ceo_lastname_119,-1.7537379264831543,2,-3.5074758529663086,ceo_lastname
patch_matched_layer_random_13,Powell,716006_1993.txt_ceo_lastname_119,-0.6882718801498413,2,-1.3765437602996826,ceo_lastname
patch_matched_layer_random_14,Powell,716006_1993.txt_ceo_lastname_119,-3.733506202697754,2,-7.467012405395508,ceo_lastname
patch_matched_layer_random_15,Powell,716006_1993.txt_ceo_lastname_119,-3.74055552482605,2,-7.4811110496521,ceo_lastname
patch_matched_layer_random_16,Powell,716006_1993.txt_ceo_lastname_119,-0.9478259086608887,2,-1.8956518173217773,ceo_lastname
patch_matched_layer_random_17,Powell,716006_1993.txt_ceo_lastname_119,-1.3131510019302368,2,-2.6263020038604736,ceo_lastname
patch_matched_layer_random_18,Powell,716006_1993.txt_ceo_lastname_119,-1.3066139221191406,2,-2.6132278442382812,ceo_lastname
patch_matched_layer_random_19,Powell,716006_1993.txt_ceo_lastname_119,-0.07136986404657364,2,-0.14273972809314728,ceo_lastname
clean,Bogle,801124_1993.txt_ceo_lastname_134,-0.00029413102311082184,2,-0.0005882620462216437,ceo_lastname
qr_ablate,Bogle,801124_1993.txt_ceo_lastname_134,-2.9574086666107178,2,-5.9148173332214355,ceo_lastname
patch_qr,Bogle,801124_1993.txt_ceo_lastname_134,-2.9697225093841553,2,-5.9394450187683105,ceo_lastname
patch_bottom,Bogle,801124_1993.txt_ceo_lastname_134,-2.8691797256469727,2,-5.738359451293945,ceo_lastname
patch_same_layer,Bogle,801124_1993.txt_ceo_lastname_134,-2.483799457550049,2,-4.967598915100098,ceo_lastname
patch_random_00,Bogle,801124_1993.txt_ceo_lastname_134,-2.8085670471191406,2,-5.617134094238281,ceo_lastname
patch_random_01,Bogle,801124_1993.txt_ceo_lastname_134,-2.6581854820251465,2,-5.316370964050293,ceo_lastname
patch_random_02,Bogle,801124_1993.txt_ceo_lastname_134,-3.0632169246673584,2,-6.126433849334717,ceo_lastname
patch_random_03,Bogle,801124_1993.txt_ceo_lastname_134,-2.989825963973999,2,-5.979651927947998,ceo_lastname
patch_random_04,Bogle,801124_1993.txt_ceo_lastname_134,-2.49886155128479,2,-4.99772310256958,ceo_lastname
patch_random_05,Bogle,801124_1993.txt_ceo_lastname_134,-2.8160576820373535,2,-5.632115364074707,ceo_lastname
patch_random_06,Bogle,801124_1993.txt_ceo_lastname_134,-2.9147608280181885,2,-5.829521656036377,ceo_lastname
patch_random_07,Bogle,801124_1993.txt_ceo_lastname_134,-2.892601251602173,2,-5.785202503204346,ceo_lastname
patch_random_08,Bogle,801124_1993.txt_ceo_lastname_134,-3.232541561126709,2,-6.465083122253418,ceo_lastname
patch_random_09,Bogle,801124_1993.txt_ceo_lastname_134,-2.96394681930542,2,-5.92789363861084,ceo_lastname
patch_random_10,Bogle,801124_1993.txt_ceo_lastname_134,-3.309659957885742,2,-6.619319915771484,ceo_lastname
patch_random_11,Bogle,801124_1993.txt_ceo_lastname_134,-2.292675733566284,2,-4.585351467132568,ceo_lastname
patch_random_12,Bogle,801124_1993.txt_ceo_lastname_134,-2.9827938079833984,2,-5.965587615966797,ceo_lastname
patch_random_13,Bogle,801124_1993.txt_ceo_lastname_134,-3.0170953273773193,2,-6.034190654754639,ceo_lastname
patch_random_14,Bogle,801124_1993.txt_ceo_lastname_134,-2.936213254928589,2,-5.872426509857178,ceo_lastname
patch_random_15,Bogle,801124_1993.txt_ceo_lastname_134,-3.54731822013855,2,-7.0946364402771,ceo_lastname
patch_random_16,Bogle,801124_1993.txt_ceo_lastname_134,-2.8232297897338867,2,-5.646459579467773,ceo_lastname
patch_random_17,Bogle,801124_1993.txt_ceo_lastname_134,-2.9123973846435547,2,-5.824794769287109,ceo_lastname
patch_random_18,Bogle,801124_1993.txt_ceo_lastname_134,-2.557668447494507,2,-5.115336894989014,ceo_lastname
patch_random_19,Bogle,801124_1993.txt_ceo_lastname_134,-2.5096611976623535,2,-5.019322395324707,ceo_lastname
patch_matched_layer_random_00,Bogle,801124_1993.txt_ceo_lastname_134,-2.3873589038848877,2,-4.774717807769775,ceo_lastname
patch_matched_layer_random_01,Bogle,801124_1993.txt_ceo_lastname_134,-2.9000422954559326,2,-5.800084590911865,ceo_lastname
patch_matched_layer_random_02,Bogle,801124_1993.txt_ceo_lastname_134,-2.8897054195404053,2,-5.7794108390808105,ceo_lastname
patch_matched_layer_random_03,Bogle,801124_1993.txt_ceo_lastname_134,-2.533949136734009,2,-5.067898273468018,ceo_lastname
patch_matched_layer_random_04,Bogle,801124_1993.txt_ceo_lastname_134,-2.89908504486084,2,-5.79817008972168,ceo_lastname
patch_matched_layer_random_05,Bogle,801124_1993.txt_ceo_lastname_134,-3.0634520053863525,2,-6.126904010772705,ceo_lastname
patch_matched_layer_random_06,Bogle,801124_1993.txt_ceo_lastname_134,-3.0768120288848877,2,-6.153624057769775,ceo_lastname
patch_matched_layer_random_07,Bogle,801124_1993.txt_ceo_lastname_134,-3.2757558822631836,2,-6.551511764526367,ceo_lastname
patch_matched_layer_random_08,Bogle,801124_1993.txt_ceo_lastname_134,-2.8990304470062256,2,-5.798060894012451,ceo_lastname
patch_matched_layer_random_09,Bogle,801124_1993.txt_ceo_lastname_134,-2.4193177223205566,2,-4.838635444641113,ceo_lastname
patch_matched_layer_random_10,Bogle,801124_1993.txt_ceo_lastname_134,-3.0303428173065186,2,-6.060685634613037,ceo_lastname
patch_matched_layer_random_11,Bogle,801124_1993.txt_ceo_lastname_134,-3.1299450397491455,2,-6.259890079498291,ceo_lastname
patch_matched_layer_random_12,Bogle,801124_1993.txt_ceo_lastname_134,-2.9503049850463867,2,-5.900609970092773,ceo_lastname
patch_matched_layer_random_13,Bogle,801124_1993.txt_ceo_lastname_134,-3.080477476119995,2,-6.16095495223999,ceo_lastname
patch_matched_layer_random_14,Bogle,801124_1993.txt_ceo_lastname_134,-3.672058343887329,2,-7.344116687774658,ceo_lastname
patch_matched_layer_random_15,Bogle,801124_1993.txt_ceo_lastname_134,-2.756922960281372,2,-5.513845920562744,ceo_lastname
patch_matched_layer_random_16,Bogle,801124_1993.txt_ceo_lastname_134,-2.059209108352661,2,-4.118418216705322,ceo_lastname
patch_matched_layer_random_17,Bogle,801124_1993.txt_ceo_lastname_134,-2.5266494750976562,2,-5.0532989501953125,ceo_lastname
patch_matched_layer_random_18,Bogle,801124_1993.txt_ceo_lastname_134,-2.9713053703308105,2,-5.942610740661621,ceo_lastname
patch_matched_layer_random_19,Bogle,801124_1993.txt_ceo_lastname_134,-2.9246551990509033,2,-5.849310398101807,ceo_lastname
clean,Vincent,714655_1993.txt_ceo_lastname_185,-0.00013010468683205545,2,-0.0002602093736641109,ceo_lastname
qr_ablate,Vincent,714655_1993.txt_ceo_lastname_185,-1.1888437271118164,2,-2.377687454223633,ceo_lastname
patch_qr,Vincent,714655_1993.txt_ceo_lastname_185,-0.0034139330964535475,2,-0.006827866192907095,ceo_lastname
patch_bottom,Vincent,714655_1993.txt_ceo_lastname_185,-1.3284857273101807,2,-2.6569714546203613,ceo_lastname
patch_same_layer,Vincent,714655_1993.txt_ceo_lastname_185,-0.8729466199874878,2,-1.7458932399749756,ceo_lastname
patch_random_00,Vincent,714655_1993.txt_ceo_lastname_185,-1.1228159666061401,2,-2.2456319332122803,ceo_lastname
patch_random_01,Vincent,714655_1993.txt_ceo_lastname_185,-0.2136685699224472,2,-0.4273371398448944,ceo_lastname
patch_random_02,Vincent,714655_1993.txt_ceo_lastname_185,-1.1755037307739258,2,-2.3510074615478516,ceo_lastname
patch_random_03,Vincent,714655_1993.txt_ceo_lastname_185,-0.6260774731636047,2,-1.2521549463272095,ceo_lastname
patch_random_04,Vincent,714655_1993.txt_ceo_lastname_185,-0.09931270033121109,2,-0.19862540066242218,ceo_lastname
patch_random_05,Vincent,714655_1993.txt_ceo_lastname_185,-0.7792403697967529,2,-1.5584807395935059,ceo_lastname
patch_random_06,Vincent,714655_1993.txt_ceo_lastname_185,-0.9164497256278992,2,-1.8328994512557983,ceo_lastname
patch_random_07,Vincent,714655_1993.txt_ceo_lastname_185,-0.5728994011878967,2,-1.1457988023757935,ceo_lastname
patch_random_08,Vincent,714655_1993.txt_ceo_lastname_185,-1.4572750329971313,2,-2.9145500659942627,ceo_lastname
patch_random_09,Vincent,714655_1993.txt_ceo_lastname_185,-1.2252190113067627,2,-2.4504380226135254,ceo_lastname
patch_random_10,Vincent,714655_1993.txt_ceo_lastname_185,-1.9471337795257568,2,-3.8942675590515137,ceo_lastname
patch_random_11,Vincent,714655_1993.txt_ceo_lastname_185,-0.2036741077899933,2,-0.4073482155799866,ceo_lastname
patch_random_12,Vincent,714655_1993.txt_ceo_lastname_185,-1.4181445837020874,2,-2.836289167404175,ceo_lastname
patch_random_13,Vincent,714655_1993.txt_ceo_lastname_185,-1.5470349788665771,2,-3.0940699577331543,ceo_lastname
patch_random_14,Vincent,714655_1993.txt_ceo_lastname_185,-1.2873483896255493,2,-2.5746967792510986,ceo_lastname
patch_random_15,Vincent,714655_1993.txt_ceo_lastname_185,-2.010627508163452,2,-4.021255016326904,ceo_lastname
patch_random_16,Vincent,714655_1993.txt_ceo_lastname_185,-1.1082079410552979,2,-2.2164158821105957,ceo_lastname
patch_random_17,Vincent,714655_1993.txt_ceo_lastname_185,-0.3493809998035431,2,-0.6987619996070862,ceo_lastname
patch_random_18,Vincent,714655_1993.txt_ceo_lastname_185,-0.21640734374523163,2,-0.43281468749046326,ceo_lastname
patch_random_19,Vincent,714655_1993.txt_ceo_lastname_185,-3.4736826419830322,2,-6.9473652839660645,ceo_lastname
patch_matched_layer_random_00,Vincent,714655_1993.txt_ceo_lastname_185,-0.2305963933467865,2,-0.461192786693573,ceo_lastname
patch_matched_layer_random_01,Vincent,714655_1993.txt_ceo_lastname_185,-2.8393585681915283,2,-5.678717136383057,ceo_lastname
patch_matched_layer_random_02,Vincent,714655_1993.txt_ceo_lastname_185,-0.40711551904678345,2,-0.8142310380935669,ceo_lastname
patch_matched_layer_random_03,Vincent,714655_1993.txt_ceo_lastname_185,-0.5851355791091919,2,-1.1702711582183838,ceo_lastname
patch_matched_layer_random_04,Vincent,714655_1993.txt_ceo_lastname_185,-0.566123902797699,2,-1.132247805595398,ceo_lastname
patch_matched_layer_random_05,Vincent,714655_1993.txt_ceo_lastname_185,-0.0392313189804554,2,-0.0784626379609108,ceo_lastname
patch_matched_layer_random_06,Vincent,714655_1993.txt_ceo_lastname_185,-3.45603346824646,2,-6.91206693649292,ceo_lastname
patch_matched_layer_random_07,Vincent,714655_1993.txt_ceo_lastname_185,-0.21829068660736084,2,-0.4365813732147217,ceo_lastname
patch_matched_layer_random_08,Vincent,714655_1993.txt_ceo_lastname_185,-4.915006160736084,2,-9.830012321472168,ceo_lastname
patch_matched_layer_random_09,Vincent,714655_1993.txt_ceo_lastname_185,-0.2962961196899414,2,-0.5925922393798828,ceo_lastname
patch_matched_layer_random_10,Vincent,714655_1993.txt_ceo_lastname_185,-0.46663913130760193,2,-0.9332782626152039,ceo_lastname
patch_matched_layer_random_11,Vincent,714655_1993.txt_ceo_lastname_185,-1.994322419166565,2,-3.98864483833313,ceo_lastname
patch_matched_layer_random_12,Vincent,714655_1993.txt_ceo_lastname_185,-0.5498820543289185,2,-1.099764108657837,ceo_lastname
patch_matched_layer_random_13,Vincent,714655_1993.txt_ceo_lastname_185,-0.27178874611854553,2,-0.5435774922370911,ceo_lastname
patch_matched_layer_random_14,Vincent,714655_1993.txt_ceo_lastname_185,-0.6107124090194702,2,-1.2214248180389404,ceo_lastname
patch_matched_layer_random_15,Vincent,714655_1993.txt_ceo_lastname_185,-2.078996419906616,2,-4.157992839813232,ceo_lastname
patch_matched_layer_random_16,Vincent,714655_1993.txt_ceo_lastname_185,-0.11889025568962097,2,-0.23778051137924194,ceo_lastname
patch_matched_layer_random_17,Vincent,714655_1993.txt_ceo_lastname_185,-0.7760681509971619,2,-1.5521363019943237,ceo_lastname
patch_matched_layer_random_18,Vincent,714655_1993.txt_ceo_lastname_185,-0.2096659243106842,2,-0.4193318486213684,ceo_lastname
patch_matched_layer_random_19,Vincent,714655_1993.txt_ceo_lastname_185,-0.09762071073055267,2,-0.19524142146110535,ceo_lastname
clean,Berglund,18497_1993.txt_ceo_lastname_35,-0.03767867758870125,3,-0.11303602904081345,ceo_lastname
qr_ablate,Berglund,18497_1993.txt_ceo_lastname_35,-1.3978041410446167,3,-4.1934123039245605,ceo_lastname
patch_qr,Berglund,18497_1993.txt_ceo_lastname_35,-0.8890385031700134,3,-2.6671154499053955,ceo_lastname
patch_bottom,Berglund,18497_1993.txt_ceo_lastname_35,-1.2398097515106201,3,-3.7194290161132812,ceo_lastname
patch_same_layer,Berglund,18497_1993.txt_ceo_lastname_35,-0.8575412034988403,3,-2.5726234912872314,ceo_lastname
patch_random_00,Berglund,18497_1993.txt_ceo_lastname_35,-1.0442109107971191,3,-3.1326327323913574,ceo_lastname
patch_random_01,Berglund,18497_1993.txt_ceo_lastname_35,-1.1952964067459106,3,-3.5858891010284424,ceo_lastname
patch_random_02,Berglund,18497_1993.txt_ceo_lastname_35,-1.4072164297103882,3,-4.221649169921875,ceo_lastname
patch_random_03,Berglund,18497_1993.txt_ceo_lastname_35,-1.258725643157959,3,-3.776176691055298,ceo_lastname
patch_random_04,Berglund,18497_1993.txt_ceo_lastname_35,-1.1344971656799316,3,-3.403491258621216,ceo_lastname
patch_random_05,Berglund,18497_1993.txt_ceo_lastname_35,-1.6927781105041504,3,-5.078334331512451,ceo_lastname
patch_random_06,Berglund,18497_1993.txt_ceo_lastname_35,-1.373119831085205,3,-4.119359493255615,ceo_lastname
patch_random_07,Berglund,18497_1993.txt_ceo_lastname_35,-1.5994856357574463,3,-4.79845666885376,ceo_lastname
patch_random_08,Berglund,18497_1993.txt_ceo_lastname_35,-1.5212507247924805,3,-4.563752174377441,ceo_lastname
patch_random_09,Berglund,18497_1993.txt_ceo_lastname_35,-1.4136238098144531,3,-4.240871429443359,ceo_lastname
patch_random_10,Berglund,18497_1993.txt_ceo_lastname_35,-1.313197135925293,3,-3.939591407775879,ceo_lastname
patch_random_11,Berglund,18497_1993.txt_ceo_lastname_35,-0.7968930006027222,3,-2.390678882598877,ceo_lastname
patch_random_12,Berglund,18497_1993.txt_ceo_lastname_35,-1.138359546661377,3,-3.4150784015655518,ceo_lastname
patch_random_13,Berglund,18497_1993.txt_ceo_lastname_35,-1.3846515417099,3,-4.15395450592041,ceo_lastname
patch_random_14,Berglund,18497_1993.txt_ceo_lastname_35,-1.3957346677780151,3,-4.187203884124756,ceo_lastname
patch_random_15,Berglund,18497_1993.txt_ceo_lastname_35,-1.7878131866455078,3,-5.363439559936523,ceo_lastname
patch_random_16,Berglund,18497_1993.txt_ceo_lastname_35,-1.186344861984253,3,-3.559034585952759,ceo_lastname
patch_random_17,Berglund,18497_1993.txt_ceo_lastname_35,-1.3783659934997559,3,-4.135097980499268,ceo_lastname
patch_random_18,Berglund,18497_1993.txt_ceo_lastname_35,-1.1212117671966553,3,-3.363635301589966,ceo_lastname
patch_random_19,Berglund,18497_1993.txt_ceo_lastname_35,-1.2716569900512695,3,-3.8149707317352295,ceo_lastname
patch_matched_layer_random_00,Berglund,18497_1993.txt_ceo_lastname_35,-1.1069257259368896,3,-3.32077693939209,ceo_lastname
patch_matched_layer_random_01,Berglund,18497_1993.txt_ceo_lastname_35,-0.7497959136962891,3,-2.249387741088867,ceo_lastname
patch_matched_layer_random_02,Berglund,18497_1993.txt_ceo_lastname_35,-0.885643720626831,3,-2.656931161880493,ceo_lastname
patch_matched_layer_random_03,Berglund,18497_1993.txt_ceo_lastname_35,-1.0772264003753662,3,-3.2316792011260986,ceo_lastname
patch_matched_layer_random_04,Berglund,18497_1993.txt_ceo_lastname_35,-1.0395348072052002,3,-3.1186041831970215,ceo_lastname
patch_matched_layer_random_05,Berglund,18497_1993.txt_ceo_lastname_35,-1.5872535705566406,3,-4.761760711669922,ceo_lastname
patch_matched_layer_random_06,Berglund,18497_1993.txt_ceo_lastname_35,-1.036665678024292,3,-3.109996795654297,ceo_lastname
patch_matched_layer_random_07,Berglund,18497_1993.txt_ceo_lastname_35,-1.612947940826416,3,-4.838843822479248,ceo_lastname
patch_matched_layer_random_08,Berglund,18497_1993.txt_ceo_lastname_35,-1.1144473552703857,3,-3.3433420658111572,ceo_lastname
patch_matched_layer_random_09,Berglund,18497_1993.txt_ceo_lastname_35,-0.6359163522720337,3,-1.9077489376068115,ceo_lastname
patch_matched_layer_random_10,Berglund,18497_1993.txt_ceo_lastname_35,-1.181143045425415,3,-3.543429136276245,ceo_lastname
patch_matched_layer_random_11,Berglund,18497_1993.txt_ceo_lastname_35,-1.392357349395752,3,-4.177072048187256,ceo_lastname
patch_matched_layer_random_12,Berglund,18497_1993.txt_ceo_lastname_35,-1.206803560256958,3,-3.620410442352295,ceo_lastname
patch_matched_layer_random_13,Berglund,18497_1993.txt_ceo_lastname_35,-1.397784948348999,3,-4.193354606628418,ceo_lastname
patch_matched_layer_random_14,Berglund,18497_1993.txt_ceo_lastname_35,-1.2513420581817627,3,-3.754025936126709,ceo_lastname
patch_matched_layer_random_15,Berglund,18497_1993.txt_ceo_lastname_35,-0.2885884940624237,3,-0.8657654523849487,ceo_lastname
patch_matched_layer_random_16,Berglund,18497_1993.txt_ceo_lastname_35,-1.0166908502578735,3,-3.050072431564331,ceo_lastname
patch_matched_layer_random_17,Berglund,18497_1993.txt_ceo_lastname_35,-0.6345607042312622,3,-1.9036821126937866,ceo_lastname
patch_matched_layer_random_18,Berglund,18497_1993.txt_ceo_lastname_35,-1.2963494062423706,3,-3.8890480995178223,ceo_lastname
patch_matched_layer_random_19,Berglund,18497_1993.txt_ceo_lastname_35,-1.396430492401123,3,-4.189291477203369,ceo_lastname
clean,Drew,812427_1993.txt_ceo_lastname_249,-0.5791347026824951,2,-1.1582694053649902,ceo_lastname
qr_ablate,Drew,812427_1993.txt_ceo_lastname_249,-3.761401653289795,2,-7.52280330657959,ceo_lastname
patch_qr,Drew,812427_1993.txt_ceo_lastname_249,-0.9522148966789246,2,-1.9044297933578491,ceo_lastname
patch_bottom,Drew,812427_1993.txt_ceo_lastname_249,-4.911985874176025,2,-9.82397174835205,ceo_lastname
patch_same_layer,Drew,812427_1993.txt_ceo_lastname_249,-3.1020452976226807,2,-6.204090595245361,ceo_lastname
patch_random_00,Drew,812427_1993.txt_ceo_lastname_249,-3.051957845687866,2,-6.103915691375732,ceo_lastname
patch_random_01,Drew,812427_1993.txt_ceo_lastname_249,-1.632369875907898,2,-3.264739751815796,ceo_lastname
patch_random_02,Drew,812427_1993.txt_ceo_lastname_249,-3.9443252086639404,2,-7.888650417327881,ceo_lastname
patch_random_03,Drew,812427_1993.txt_ceo_lastname_249,-4.171274185180664,2,-8.342548370361328,ceo_lastname
patch_random_04,Drew,812427_1993.txt_ceo_lastname_249,-2.4517877101898193,2,-4.903575420379639,ceo_lastname
patch_random_05,Drew,812427_1993.txt_ceo_lastname_249,-3.0427021980285645,2,-6.085404396057129,ceo_lastname
patch_random_06,Drew,812427_1993.txt_ceo_lastname_249,-3.628269672393799,2,-7.256539344787598,ceo_lastname
patch_random_07,Drew,812427_1993.txt_ceo_lastname_249,-2.3787286281585693,2,-4.757457256317139,ceo_lastname
patch_random_08,Drew,812427_1993.txt_ceo_lastname_249,-2.9238479137420654,2,-5.847695827484131,ceo_lastname
patch_random_09,Drew,812427_1993.txt_ceo_lastname_249,-3.749213457107544,2,-7.498426914215088,ceo_lastname
patch_random_10,Drew,812427_1993.txt_ceo_lastname_249,-4.801968097686768,2,-9.603936195373535,ceo_lastname
patch_random_11,Drew,812427_1993.txt_ceo_lastname_249,-2.3861098289489746,2,-4.772219657897949,ceo_lastname
patch_random_12,Drew,812427_1993.txt_ceo_lastname_249,-4.52404260635376,2,-9.04808521270752,ceo_lastname
patch_random_13,Drew,812427_1993.txt_ceo_lastname_249,-4.4743194580078125,2,-8.948638916015625,ceo_lastname
patch_random_14,Drew,812427_1993.txt_ceo_lastname_249,-4.107432842254639,2,-8.214865684509277,ceo_lastname
patch_random_15,Drew,812427_1993.txt_ceo_lastname_249,-5.932705402374268,2,-11.865410804748535,ceo_lastname
patch_random_16,Drew,812427_1993.txt_ceo_lastname_249,-4.3374786376953125,2,-8.674957275390625,ceo_lastname
patch_random_17,Drew,812427_1993.txt_ceo_lastname_249,-4.020175933837891,2,-8.040351867675781,ceo_lastname
patch_random_18,Drew,812427_1993.txt_ceo_lastname_249,-2.346271514892578,2,-4.692543029785156,ceo_lastname
patch_random_19,Drew,812427_1993.txt_ceo_lastname_249,-5.307060241699219,2,-10.614120483398438,ceo_lastname
patch_matched_layer_random_00,Drew,812427_1993.txt_ceo_lastname_249,-2.954747438430786,2,-5.909494876861572,ceo_lastname
patch_matched_layer_random_01,Drew,812427_1993.txt_ceo_lastname_249,-6.48142147064209,2,-12.96284294128418,ceo_lastname
patch_matched_layer_random_02,Drew,812427_1993.txt_ceo_lastname_249,-4.802588939666748,2,-9.605177879333496,ceo_lastname
patch_matched_layer_random_03,Drew,812427_1993.txt_ceo_lastname_249,-3.000412702560425,2,-6.00082540512085,ceo_lastname
patch_matched_layer_random_04,Drew,812427_1993.txt_ceo_lastname_249,-2.9941532611846924,2,-5.988306522369385,ceo_lastname
patch_matched_layer_random_05,Drew,812427_1993.txt_ceo_lastname_249,-1.836795687675476,2,-3.673591375350952,ceo_lastname
patch_matched_layer_random_06,Drew,812427_1993.txt_ceo_lastname_249,-5.084330081939697,2,-10.168660163879395,ceo_lastname
patch_matched_layer_random_07,Drew,812427_1993.txt_ceo_lastname_249,-3.412655830383301,2,-6.825311660766602,ceo_lastname
patch_matched_layer_random_08,Drew,812427_1993.txt_ceo_lastname_249,-7.4000043869018555,2,-14.800008773803711,ceo_lastname
patch_matched_layer_random_09,Drew,812427_1993.txt_ceo_lastname_249,-3.3543388843536377,2,-6.708677768707275,ceo_lastname
patch_matched_layer_random_10,Drew,812427_1993.txt_ceo_lastname_249,-2.5930540561676025,2,-5.186108112335205,ceo_lastname
patch_matched_layer_random_11,Drew,812427_1993.txt_ceo_lastname_249,-4.542354583740234,2,-9.084709167480469,ceo_lastname
patch_matched_layer_random_12,Drew,812427_1993.txt_ceo_lastname_249,-4.1175217628479,2,-8.2350435256958,ceo_lastname
patch_matched_layer_random_13,Drew,812427_1993.txt_ceo_lastname_249,-3.2086215019226074,2,-6.417243003845215,ceo_lastname
patch_matched_layer_random_14,Drew,812427_1993.txt_ceo_lastname_249,-4.589816570281982,2,-9.179633140563965,ceo_lastname
patch_matched_layer_random_15,Drew,812427_1993.txt_ceo_lastname_249,-6.556506633758545,2,-13.11301326751709,ceo_lastname
patch_matched_layer_random_16,Drew,812427_1993.txt_ceo_lastname_249,-1.7162779569625854,2,-3.432555913925171,ceo_lastname
patch_matched_layer_random_17,Drew,812427_1993.txt_ceo_lastname_249,-4.238368988037109,2,-8.476737976074219,ceo_lastname
patch_matched_layer_random_18,Drew,812427_1993.txt_ceo_lastname_249,-2.59976863861084,2,-5.19953727722168,ceo_lastname
patch_matched_layer_random_19,Drew,812427_1993.txt_ceo_lastname_249,-1.2979552745819092,2,-2.5959105491638184,ceo_lastname
clean,Gressette,754737_1993.txt_ceo_lastname_200,-0.0010541626252233982,3,-0.0031624878756701946,ceo_lastname
qr_ablate,Gressette,754737_1993.txt_ceo_lastname_200,-0.7164289951324463,3,-2.149286985397339,ceo_lastname
patch_qr,Gressette,754737_1993.txt_ceo_lastname_200,-0.005579108372330666,3,-0.016737325116991997,ceo_lastname
patch_bottom,Gressette,754737_1993.txt_ceo_lastname_200,-1.0654064416885376,3,-3.1962192058563232,ceo_lastname
patch_same_layer,Gressette,754737_1993.txt_ceo_lastname_200,-1.7216614484786987,3,-5.164984226226807,ceo_lastname
patch_random_00,Gressette,754737_1993.txt_ceo_lastname_200,-0.5059785842895508,3,-1.5179356336593628,ceo_lastname
patch_random_01,Gressette,754737_1993.txt_ceo_lastname_200,-0.36580297350883484,3,-1.0974088907241821,ceo_lastname
patch_random_02,Gressette,754737_1993.txt_ceo_lastname_200,-0.8994712233543396,3,-2.698413610458374,ceo_lastname
patch_random_03,Gressette,754737_1993.txt_ceo_lastname_200,-0.7154127359390259,3,-2.146238088607788,ceo_lastname
patch_random_04,Gressette,754737_1993.txt_ceo_lastname_200,-0.3132285475730896,3,-0.939685583114624,ceo_lastname
patch_random_05,Gressette,754737_1993.txt_ceo_lastname_200,-0.20133326947689056,3,-0.6039997935295105,ceo_lastname
patch_random_06,Gressette,754737_1993.txt_ceo_lastname_200,-0.7682862281799316,3,-2.304858684539795,ceo_lastname
patch_random_07,Gressette,754737_1993.txt_ceo_lastname_200,-0.3293148875236511,3,-0.9879446625709534,ceo_lastname
patch_random_08,Gressette,754737_1993.txt_ceo_lastname_200,-0.39467084407806396,3,-1.184012532234192,ceo_lastname
patch_random_09,Gressette,754737_1993.txt_ceo_lastname_200,-0.7146419286727905,3,-2.143925666809082,ceo_lastname
patch_random_10,Gressette,754737_1993.txt_ceo_lastname_200,-0.8397108316421509,3,-2.519132375717163,ceo_lastname
patch_random_11,Gressette,754737_1993.txt_ceo_lastname_200,-0.199993297457695,3,-0.5999798774719238,ceo_lastname
patch_random_12,Gressette,754737_1993.txt_ceo_lastname_200,-0.8751153349876404,3,-2.6253459453582764,ceo_lastname
patch_random_13,Gressette,754737_1993.txt_ceo_lastname_200,-0.7100438475608826,3,-2.130131483078003,ceo_lastname
patch_random_14,Gressette,754737_1993.txt_ceo_lastname_200,-1.0457234382629395,3,-3.1371700763702393,ceo_lastname
patch_random_15,Gressette,754737_1993.txt_ceo_lastname_200,-2.4476308822631836,3,-7.342892169952393,ceo_lastname
patch_random_16,Gressette,754737_1993.txt_ceo_lastname_200,-0.8921447992324829,3,-2.676434278488159,ceo_lastname
patch_random_17,Gressette,754737_1993.txt_ceo_lastname_200,-0.7046238780021667,3,-2.1138715744018555,ceo_lastname
patch_random_18,Gressette,754737_1993.txt_ceo_lastname_200,-0.2243237942457199,3,-0.6729713678359985,ceo_lastname
patch_random_19,Gressette,754737_1993.txt_ceo_lastname_200,-0.5725719928741455,3,-1.717715859413147,ceo_lastname
patch_matched_layer_random_00,Gressette,754737_1993.txt_ceo_lastname_200,-0.3431350588798523,3,-1.029405117034912,ceo_lastname
patch_matched_layer_random_01,Gressette,754737_1993.txt_ceo_lastname_200,-3.0170788764953613,3,-9.051236152648926,ceo_lastname
patch_matched_layer_random_02,Gressette,754737_1993.txt_ceo_lastname_200,-1.030800223350525,3,-3.092400550842285,ceo_lastname
patch_matched_layer_random_03,Gressette,754737_1993.txt_ceo_lastname_200,-0.25806549191474915,3,-0.774196445941925,ceo_lastname
patch_matched_layer_random_04,Gressette,754737_1993.txt_ceo_lastname_200,-0.7930854558944702,3,-2.379256248474121,ceo_lastname
patch_matched_layer_random_05,Gressette,754737_1993.txt_ceo_lastname_200,-0.18987292051315308,3,-0.5696187615394592,ceo_lastname
patch_matched_layer_random_06,Gressette,754737_1993.txt_ceo_lastname_200,-1.3660305738449097,3,-4.0980916023254395,ceo_lastname
patch_matched_layer_random_07,Gressette,754737_1993.txt_ceo_lastname_200,-0.5758117437362671,3,-1.7274351119995117,ceo_lastname
patch_matched_layer_random_08,Gressette,754737_1993.txt_ceo_lastname_200,-2.1386730670928955,3,-6.416018962860107,ceo_lastname
patch_matched_layer_random_09,Gressette,754737_1993.txt_ceo_lastname_200,-0.20613235235214233,3,-0.618397057056427,ceo_lastname
patch_matched_layer_random_10,Gressette,754737_1993.txt_ceo_lastname_200,-0.5192643404006958,3,-1.5577929019927979,ceo_lastname
patch_matched_layer_random_11,Gressette,754737_1993.txt_ceo_lastname_200,-0.9315433502197266,3,-2.7946300506591797,ceo_lastname
patch_matched_layer_random_12,Gressette,754737_1993.txt_ceo_lastname_200,-0.3919290006160736,3,-1.1757869720458984,ceo_lastname
patch_matched_layer_random_13,Gressette,754737_1993.txt_ceo_lastname_200,-0.5231759548187256,3,-1.5695278644561768,ceo_lastname
patch_matched_layer_random_14,Gressette,754737_1993.txt_ceo_lastname_200,-2.4814469814300537,3,-7.444340705871582,ceo_lastname
patch_matched_layer_random_15,Gressette,754737_1993.txt_ceo_lastname_200,-2.9752182960510254,3,-8.925654411315918,ceo_lastname
patch_matched_layer_random_16,Gressette,754737_1993.txt_ceo_lastname_200,-0.07339417189359665,3,-0.22018250823020935,ceo_lastname
patch_matched_layer_random_17,Gressette,754737_1993.txt_ceo_lastname_200,-0.6130608320236206,3,-1.8391824960708618,ceo_lastname
patch_matched_layer_random_18,Gressette,754737_1993.txt_ceo_lastname_200,-0.2992098927497864,3,-0.8976296186447144,ceo_lastname
patch_matched_layer_random_19,Gressette,754737_1993.txt_ceo_lastname_200,-0.12365464866161346,3,-0.3709639310836792,ceo_lastname
clean,Popham,828530_1993.txt_ceo_lastname_113,-1.053001506079454e-05,3,-3.1590043363394216e-05,ceo_lastname
qr_ablate,Popham,828530_1993.txt_ceo_lastname_113,-0.14256592094898224,3,-0.4276977479457855,ceo_lastname
patch_qr,Popham,828530_1993.txt_ceo_lastname_113,-6.138774915598333e-05,3,-0.00018416323291603476,ceo_lastname
patch_bottom,Popham,828530_1993.txt_ceo_lastname_113,-0.12634584307670593,3,-0.3790374994277954,ceo_lastname
patch_same_layer,Popham,828530_1993.txt_ceo_lastname_113,-0.07409658282995224,3,-0.22228974103927612,ceo_lastname
patch_random_00,Popham,828530_1993.txt_ceo_lastname_113,-0.16682927310466766,3,-0.5004878044128418,ceo_lastname
patch_random_01,Popham,828530_1993.txt_ceo_lastname_113,-0.007821233943104744,3,-0.023463701829314232,ceo_lastname
patch_random_02,Popham,828530_1993.txt_ceo_lastname_113,-0.14433839917182922,3,-0.43301519751548767,ceo_lastname
patch_random_03,Popham,828530_1993.txt_ceo_lastname_113,-0.128591388463974,3,-0.385774165391922,ceo_lastname
patch_random_04,Popham,828530_1993.txt_ceo_lastname_113,-0.016535064205527306,3,-0.04960519075393677,ceo_lastname
patch_random_05,Popham,828530_1993.txt_ceo_lastname_113,-0.4126667380332947,3,-1.2380001544952393,ceo_lastname
patch_random_06,Popham,828530_1993.txt_ceo_lastname_113,-0.11504995822906494,3,-0.3451498746871948,ceo_lastname
patch_random_07,Popham,828530_1993.txt_ceo_lastname_113,-0.06805653870105743,3,-0.2041696161031723,ceo_lastname
patch_random_08,Popham,828530_1993.txt_ceo_lastname_113,-0.2879694104194641,3,-0.8639082312583923,ceo_lastname
patch_random_09,Popham,828530_1993.txt_ceo_lastname_113,-0.12070509046316147,3,-0.3621152639389038,ceo_lastname
patch_random_10,Popham,828530_1993.txt_ceo_lastname_113,-0.30439049005508423,3,-0.9131714105606079,ceo_lastname
patch_random_11,Popham,828530_1993.txt_ceo_lastname_113,-0.12165464460849762,3,-0.36496391892433167,ceo_lastname
patch_random_12,Popham,828530_1993.txt_ceo_lastname_113,-0.17655521631240845,3,-0.5296656489372253,ceo_lastname
patch_random_13,Popham,828530_1993.txt_ceo_lastname_113,-0.5718643069267273,3,-1.715592861175537,ceo_lastname
patch_random_14,Popham,828530_1993.txt_ceo_lastname_113,-0.12403349578380585,3,-0.37210047245025635,ceo_lastname
patch_random_15,Popham,828530_1993.txt_ceo_lastname_113,-0.621052086353302,3,-1.8631561994552612,ceo_lastname
patch_random_16,Popham,828530_1993.txt_ceo_lastname_113,-0.08170078694820404,3,-0.24510236084461212,ceo_lastname
patch_random_17,Popham,828530_1993.txt_ceo_lastname_113,-0.07896307110786438,3,-0.23688919842243195,ceo_lastname
patch_random_18,Popham,828530_1993.txt_ceo_lastname_113,-0.021091017872095108,3,-0.06327304989099503,ceo_lastname
patch_random_19,Popham,828530_1993.txt_ceo_lastname_113,-0.12670353055000305,3,-0.38011059165000916,ceo_lastname
patch_matched_layer_random_00,Popham,828530_1993.txt_ceo_lastname_113,-0.006700814701616764,3,-0.020102443173527718,ceo_lastname
patch_matched_layer_random_01,Popham,828530_1993.txt_ceo_lastname_113,-0.11748392879962921,3,-0.35245177149772644,ceo_lastname
patch_matched_layer_random_02,Popham,828530_1993.txt_ceo_lastname_113,-0.017227645963430405,3,-0.051682934165000916,ceo_lastname
patch_matched_layer_random_03,Popham,828530_1993.txt_ceo_lastname_113,-0.1166047602891922,3,-0.3498142659664154,ceo_lastname
patch_matched_layer_random_04,Popham,828530_1993.txt_ceo_lastname_113,-0.13175688683986664,3,-0.3952706456184387,ceo_lastname
patch_matched_layer_random_05,Popham,828530_1993.txt_ceo_lastname_113,-0.04280075058341026,3,-0.1284022480249405,ceo_lastname
patch_matched_layer_random_06,Popham,828530_1993.txt_ceo_lastname_113,-0.21351408958435059,3,-0.6405422687530518,ceo_lastname
patch_matched_layer_random_07,Popham,828530_1993.txt_ceo_lastname_113,-0.007653164677321911,3,-0.022959493100643158,ceo_lastname
patch_matched_layer_random_08,Popham,828530_1993.txt_ceo_lastname_113,-0.10063787549734116,3,-0.30191361904144287,ceo_lastname
patch_matched_layer_random_09,Popham,828530_1993.txt_ceo_lastname_113,-0.015556576661765575,3,-0.04666972905397415,ceo_lastname
patch_matched_layer_random_10,Popham,828530_1993.txt_ceo_lastname_113,-0.05575128644704819,3,-0.16725385189056396,ceo_lastname
patch_matched_layer_random_11,Popham,828530_1993.txt_ceo_lastname_113,-0.1392180323600769,3,-0.4176540672779083,ceo_lastname
patch_matched_layer_random_12,Popham,828530_1993.txt_ceo_lastname_113,-0.08408775925636292,3,-0.25226327776908875,ceo_lastname
patch_matched_layer_random_13,Popham,828530_1993.txt_ceo_lastname_113,-0.015311944298446178,3,-0.04593583196401596,ceo_lastname
patch_matched_layer_random_14,Popham,828530_1993.txt_ceo_lastname_113,-0.030440283939242363,3,-0.09132084995508194,ceo_lastname
patch_matched_layer_random_15,Popham,828530_1993.txt_ceo_lastname_113,-0.2537391483783722,3,-0.7612174153327942,ceo_lastname
patch_matched_layer_random_16,Popham,828530_1993.txt_ceo_lastname_113,-0.2878074645996094,3,-0.8634223937988281,ceo_lastname
patch_matched_layer_random_17,Popham,828530_1993.txt_ceo_lastname_113,-0.29739275574684143,3,-0.8921782374382019,ceo_lastname
patch_matched_layer_random_18,Popham,828530_1993.txt_ceo_lastname_113,-0.03450021147727966,3,-0.10350062698125839,ceo_lastname
patch_matched_layer_random_19,Popham,828530_1993.txt_ceo_lastname_113,-0.04459833726286888,3,-0.13379500806331635,ceo_lastname
clean,Loucks,10456_1993.txt_ceo_lastname_99,-0.00012182004866190255,2,-0.0002436400973238051,ceo_lastname
qr_ablate,Loucks,10456_1993.txt_ceo_lastname_99,-0.9447916746139526,2,-1.8895833492279053,ceo_lastname
patch_qr,Loucks,10456_1993.txt_ceo_lastname_99,-0.17593540251255035,2,-0.3518708050251007,ceo_lastname
patch_bottom,Loucks,10456_1993.txt_ceo_lastname_99,-1.2752197980880737,2,-2.5504395961761475,ceo_lastname
patch_same_layer,Loucks,10456_1993.txt_ceo_lastname_99,-0.4326837360858917,2,-0.8653674721717834,ceo_lastname
patch_random_00,Loucks,10456_1993.txt_ceo_lastname_99,-0.5799261927604675,2,-1.159852385520935,ceo_lastname
patch_random_01,Loucks,10456_1993.txt_ceo_lastname_99,-0.396706759929657,2,-0.793413519859314,ceo_lastname
patch_random_02,Loucks,10456_1993.txt_ceo_lastname_99,-0.9310035705566406,2,-1.8620071411132812,ceo_lastname
patch_random_03,Loucks,10456_1993.txt_ceo_lastname_99,-0.8296694755554199,2,-1.6593389511108398,ceo_lastname
patch_random_04,Loucks,10456_1993.txt_ceo_lastname_99,-0.5950803756713867,2,-1.1901607513427734,ceo_lastname
patch_random_05,Loucks,10456_1993.txt_ceo_lastname_99,-2.7053797245025635,2,-5.410759449005127,ceo_lastname
patch_random_06,Loucks,10456_1993.txt_ceo_lastname_99,-0.7455079555511475,2,-1.491015911102295,ceo_lastname
patch_random_07,Loucks,10456_1993.txt_ceo_lastname_99,-0.6553020477294922,2,-1.3106040954589844,ceo_lastname
patch_random_08,Loucks,10456_1993.txt_ceo_lastname_99,-0.9653005599975586,2,-1.9306011199951172,ceo_lastname
patch_random_09,Loucks,10456_1993.txt_ceo_lastname_99,-0.9147588610649109,2,-1.8295177221298218,ceo_lastname
patch_random_10,Loucks,10456_1993.txt_ceo_lastname_99,-1.305255651473999,2,-2.610511302947998,ceo_lastname
patch_random_11,Loucks,10456_1993.txt_ceo_lastname_99,-0.34402209520339966,2,-0.6880441904067993,ceo_lastname
patch_random_12,Loucks,10456_1993.txt_ceo_lastname_99,-0.9730734825134277,2,-1.9461469650268555,ceo_lastname
patch_random_13,Loucks,10456_1993.txt_ceo_lastname_99,-4.9797468185424805,2,-9.959493637084961,ceo_lastname
patch_random_14,Loucks,10456_1993.txt_ceo_lastname_99,-0.7753361463546753,2,-1.5506722927093506,ceo_lastname
patch_random_15,Loucks,10456_1993.txt_ceo_lastname_99,-1.6152148246765137,2,-3.2304296493530273,ceo_lastname
patch_random_16,Loucks,10456_1993.txt_ceo_lastname_99,-0.9950900673866272,2,-1.9901801347732544,ceo_lastname
patch_random_17,Loucks,10456_1993.txt_ceo_lastname_99,-0.9030795693397522,2,-1.8061591386795044,ceo_lastname
patch_random_18,Loucks,10456_1993.txt_ceo_lastname_99,-0.493810772895813,2,-0.987621545791626,ceo_lastname
patch_random_19,Loucks,10456_1993.txt_ceo_lastname_99,-1.260408639907837,2,-2.520817279815674,ceo_lastname
patch_matched_layer_random_00,Loucks,10456_1993.txt_ceo_lastname_99,-0.5010378956794739,2,-1.0020757913589478,ceo_lastname
patch_matched_layer_random_01,Loucks,10456_1993.txt_ceo_lastname_99,-3.2390244007110596,2,-6.478048801422119,ceo_lastname
patch_matched_layer_random_02,Loucks,10456_1993.txt_ceo_lastname_99,-0.6773668527603149,2,-1.3547337055206299,ceo_lastname
patch_matched_layer_random_03,Loucks,10456_1993.txt_ceo_lastname_99,-0.48046499490737915,2,-0.9609299898147583,ceo_lastname
patch_matched_layer_random_04,Loucks,10456_1993.txt_ceo_lastname_99,-0.34281954169273376,2,-0.6856390833854675,ceo_lastname
patch_matched_layer_random_05,Loucks,10456_1993.txt_ceo_lastname_99,-1.3202102184295654,2,-2.640420436859131,ceo_lastname
patch_matched_layer_random_06,Loucks,10456_1993.txt_ceo_lastname_99,-0.9951781034469604,2,-1.990356206893921,ceo_lastname
patch_matched_layer_random_07,Loucks,10456_1993.txt_ceo_lastname_99,-1.7512091398239136,2,-3.502418279647827,ceo_lastname
patch_matched_layer_random_08,Loucks,10456_1993.txt_ceo_lastname_99,-1.2750564813613892,2,-2.5501129627227783,ceo_lastname
patch_matched_layer_random_09,Loucks,10456_1993.txt_ceo_lastname_99,-0.1977720856666565,2,-0.395544171333313,ceo_lastname
patch_matched_layer_random_10,Loucks,10456_1993.txt_ceo_lastname_99,-0.7335903644561768,2,-1.4671807289123535,ceo_lastname
patch_matched_layer_random_11,Loucks,10456_1993.txt_ceo_lastname_99,-1.4059358835220337,2,-2.8118717670440674,ceo_lastname
patch_matched_layer_random_12,Loucks,10456_1993.txt_ceo_lastname_99,-1.1833139657974243,2,-2.3666279315948486,ceo_lastname
patch_matched_layer_random_13,Loucks,10456_1993.txt_ceo_lastname_99,-0.9814391732215881,2,-1.9628783464431763,ceo_lastname
patch_matched_layer_random_14,Loucks,10456_1993.txt_ceo_lastname_99,-0.9958018660545349,2,-1.9916037321090698,ceo_lastname
patch_matched_layer_random_15,Loucks,10456_1993.txt_ceo_lastname_99,-3.016731023788452,2,-6.033462047576904,ceo_lastname
patch_matched_layer_random_16,Loucks,10456_1993.txt_ceo_lastname_99,-0.3602641820907593,2,-0.7205283641815186,ceo_lastname
patch_matched_layer_random_17,Loucks,10456_1993.txt_ceo_lastname_99,-0.4769008159637451,2,-0.9538016319274902,ceo_lastname
patch_matched_layer_random_18,Loucks,10456_1993.txt_ceo_lastname_99,-1.2542513608932495,2,-2.508502721786499,ceo_lastname
patch_matched_layer_random_19,Loucks,10456_1993.txt_ceo_lastname_99,-0.8879434466362,2,-1.7758868932724,ceo_lastname
clean,McCraw,37748_1993.txt_ceo_lastname_63,-0.0013791456585749984,2,-0.0027582913171499968,ceo_lastname
qr_ablate,McCraw,37748_1993.txt_ceo_lastname_63,-2.1880624294281006,2,-4.376124858856201,ceo_lastname
patch_qr,McCraw,37748_1993.txt_ceo_lastname_63,-3.9656317234039307,2,-7.931263446807861,ceo_lastname
patch_bottom,McCraw,37748_1993.txt_ceo_lastname_63,-2.0193870067596436,2,-4.038774013519287,ceo_lastname
patch_same_layer,McCraw,37748_1993.txt_ceo_lastname_63,-1.5544074773788452,2,-3.1088149547576904,ceo_lastname
patch_random_00,McCraw,37748_1993.txt_ceo_lastname_63,-2.6696910858154297,2,-5.339382171630859,ceo_lastname
patch_random_01,McCraw,37748_1993.txt_ceo_lastname_63,-2.353581428527832,2,-4.707162857055664,ceo_lastname
patch_random_02,McCraw,37748_1993.txt_ceo_lastname_63,-2.0140111446380615,2,-4.028022289276123,ceo_lastname
patch_random_03,McCraw,37748_1993.txt_ceo_lastname_63,-1.5825227499008179,2,-3.1650454998016357,ceo_lastname
patch_random_04,McCraw,37748_1993.txt_ceo_lastname_63,-1.5565199851989746,2,-3.113039970397949,ceo_lastname
patch_random_05,McCraw,37748_1993.txt_ceo_lastname_63,-2.963822603225708,2,-5.927645206451416,ceo_lastname
patch_random_06,McCraw,37748_1993.txt_ceo_lastname_63,-1.1293364763259888,2,-2.2586729526519775,ceo_lastname
patch_random_07,McCraw,37748_1993.txt_ceo_lastname_63,-0.7898910045623779,2,-1.5797820091247559,ceo_lastname
patch_random_08,McCraw,37748_1993.txt_ceo_lastname_63,-3.8368027210235596,2,-7.673605442047119,ceo_lastname
patch_random_09,McCraw,37748_1993.txt_ceo_lastname_63,-2.16809344291687,2,-4.33618688583374,ceo_lastname
patch_random_10,McCraw,37748_1993.txt_ceo_lastname_63,-2.5667004585266113,2,-5.133400917053223,ceo_lastname
patch_random_11,McCraw,37748_1993.txt_ceo_lastname_63,-0.839113175868988,2,-1.678226351737976,ceo_lastname
patch_random_12,McCraw,37748_1993.txt_ceo_lastname_63,-2.2052013874053955,2,-4.410402774810791,ceo_lastname
patch_random_13,McCraw,37748_1993.txt_ceo_lastname_63,-4.607392311096191,2,-9.214784622192383,ceo_lastname
patch_random_14,McCraw,37748_1993.txt_ceo_lastname_63,-2.3104445934295654,2,-4.620889186859131,ceo_lastname
patch_random_15,McCraw,37748_1993.txt_ceo_lastname_63,-2.6179704666137695,2,-5.235940933227539,ceo_lastname
patch_random_16,McCraw,37748_1993.txt_ceo_lastname_63,-1.8688957691192627,2,-3.7377915382385254,ceo_lastname
patch_random_17,McCraw,37748_1993.txt_ceo_lastname_63,-2.748288154602051,2,-5.496576309204102,ceo_lastname
patch_random_18,McCraw,37748_1993.txt_ceo_lastname_63,-2.4341907501220703,2,-4.868381500244141,ceo_lastname
patch_random_19,McCraw,37748_1993.txt_ceo_lastname_63,-0.7813036441802979,2,-1.5626072883605957,ceo_lastname
patch_matched_layer_random_00,McCraw,37748_1993.txt_ceo_lastname_63,-2.879753828048706,2,-5.759507656097412,ceo_lastname
patch_matched_layer_random_01,McCraw,37748_1993.txt_ceo_lastname_63,-5.908755779266357,2,-11.817511558532715,ceo_lastname
patch_matched_layer_random_02,McCraw,37748_1993.txt_ceo_lastname_63,-2.9380149841308594,2,-5.876029968261719,ceo_lastname
patch_matched_layer_random_03,McCraw,37748_1993.txt_ceo_lastname_63,-2.7696762084960938,2,-5.5393524169921875,ceo_lastname
patch_matched_layer_random_04,McCraw,37748_1993.txt_ceo_lastname_63,-3.763127326965332,2,-7.526254653930664,ceo_lastname
patch_matched_layer_random_05,McCraw,37748_1993.txt_ceo_lastname_63,-0.9358605146408081,2,-1.8717210292816162,ceo_lastname
patch_matched_layer_random_06,McCraw,37748_1993.txt_ceo_lastname_63,-3.3781070709228516,2,-6.756214141845703,ceo_lastname
patch_matched_layer_random_07,McCraw,37748_1993.txt_ceo_lastname_63,-2.586517572402954,2,-5.173035144805908,ceo_lastname
patch_matched_layer_random_08,McCraw,37748_1993.txt_ceo_lastname_63,-4.882058620452881,2,-9.764117240905762,ceo_lastname
patch_matched_layer_random_09,McCraw,37748_1993.txt_ceo_lastname_63,-4.564047813415527,2,-9.128095626831055,ceo_lastname
patch_matched_layer_random_10,McCraw,37748_1993.txt_ceo_lastname_63,-2.0137715339660645,2,-4.027543067932129,ceo_lastname
patch_matched_layer_random_11,McCraw,37748_1993.txt_ceo_lastname_63,-2.0632073879241943,2,-4.126414775848389,ceo_lastname
patch_matched_layer_random_12,McCraw,37748_1993.txt_ceo_lastname_63,-2.2337067127227783,2,-4.467413425445557,ceo_lastname
patch_matched_layer_random_13,McCraw,37748_1993.txt_ceo_lastname_63,-2.6738314628601074,2,-5.347662925720215,ceo_lastname
patch_matched_layer_random_14,McCraw,37748_1993.txt_ceo_lastname_63,-3.4494452476501465,2,-6.898890495300293,ceo_lastname
patch_matched_layer_random_15,McCraw,37748_1993.txt_ceo_lastname_63,-4.814609527587891,2,-9.629219055175781,ceo_lastname
patch_matched_layer_random_16,McCraw,37748_1993.txt_ceo_lastname_63,-1.5142544507980347,2,-3.0285089015960693,ceo_lastname
patch_matched_layer_random_17,McCraw,37748_1993.txt_ceo_lastname_63,-1.4932916164398193,2,-2.9865832328796387,ceo_lastname
patch_matched_layer_random_18,McCraw,37748_1993.txt_ceo_lastname_63,-2.2768397331237793,2,-4.553679466247559,ceo_lastname
patch_matched_layer_random_19,McCraw,37748_1993.txt_ceo_lastname_63,-2.0416245460510254,2,-4.083249092102051,ceo_lastname
clean,Ferguson,732714_1993.txt_ceo_lastname_170,-2.2291864297585562e-05,2,-4.4583728595171124e-05,ceo_lastname
qr_ablate,Ferguson,732714_1993.txt_ceo_lastname_170,-2.6017301082611084,2,-5.203460216522217,ceo_lastname
patch_qr,Ferguson,732714_1993.txt_ceo_lastname_170,-0.22040852904319763,2,-0.44081705808639526,ceo_lastname
patch_bottom,Ferguson,732714_1993.txt_ceo_lastname_170,-3.253804922103882,2,-6.507609844207764,ceo_lastname
patch_same_layer,Ferguson,732714_1993.txt_ceo_lastname_170,-0.47616666555404663,2,-0.9523333311080933,ceo_lastname
patch_random_00,Ferguson,732714_1993.txt_ceo_lastname_170,-1.5311334133148193,2,-3.0622668266296387,ceo_lastname
patch_random_01,Ferguson,732714_1993.txt_ceo_lastname_170,-0.31552189588546753,2,-0.6310437917709351,ceo_lastname
patch_random_02,Ferguson,732714_1993.txt_ceo_lastname_170,-2.561070442199707,2,-5.122140884399414,ceo_lastname
patch_random_03,Ferguson,732714_1993.txt_ceo_lastname_170,-1.7290726900100708,2,-3.4581453800201416,ceo_lastname
patch_random_04,Ferguson,732714_1993.txt_ceo_lastname_170,-0.8793125152587891,2,-1.7586250305175781,ceo_lastname
patch_random_05,Ferguson,732714_1993.txt_ceo_lastname_170,-2.928337574005127,2,-5.856675148010254,ceo_lastname
patch_random_06,Ferguson,732714_1993.txt_ceo_lastname_170,-2.4512104988098145,2,-4.902420997619629,ceo_lastname
patch_random_07,Ferguson,732714_1993.txt_ceo_lastname_170,-1.9967608451843262,2,-3.9935216903686523,ceo_lastname
patch_random_08,Ferguson,732714_1993.txt_ceo_lastname_170,-2.7247042655944824,2,-5.449408531188965,ceo_lastname
patch_random_09,Ferguson,732714_1993.txt_ceo_lastname_170,-2.7947604656219482,2,-5.5895209312438965,ceo_lastname
patch_random_10,Ferguson,732714_1993.txt_ceo_lastname_170,-3.678997278213501,2,-7.357994556427002,ceo_lastname
patch_random_11,Ferguson,732714_1993.txt_ceo_lastname_170,-0.2961405813694,2,-0.5922811627388,ceo_lastname
patch_random_12,Ferguson,732714_1993.txt_ceo_lastname_170,-3.632262706756592,2,-7.264525413513184,ceo_lastname
patch_random_13,Ferguson,732714_1993.txt_ceo_lastname_170,-4.547784805297852,2,-9.095569610595703,ceo_lastname
patch_random_14,Ferguson,732714_1993.txt_ceo_lastname_170,-2.8426551818847656,2,-5.685310363769531,ceo_lastname
patch_random_15,Ferguson,732714_1993.txt_ceo_lastname_170,-5.3938212394714355,2,-10.787642478942871,ceo_lastname
patch_random_16,Ferguson,732714_1993.txt_ceo_lastname_170,-1.8558827638626099,2,-3.7117655277252197,ceo_lastname
patch_random_17,Ferguson,732714_1993.txt_ceo_lastname_170,-1.9742522239685059,2,-3.9485044479370117,ceo_lastname
patch_random_18,Ferguson,732714_1993.txt_ceo_lastname_170,-0.6083301305770874,2,-1.2166602611541748,ceo_lastname
patch_random_19,Ferguson,732714_1993.txt_ceo_lastname_170,-2.757473945617676,2,-5.514947891235352,ceo_lastname
patch_matched_layer_random_00,Ferguson,732714_1993.txt_ceo_lastname_170,-1.2493948936462402,2,-2.4987897872924805,ceo_lastname
patch_matched_layer_random_01,Ferguson,732714_1993.txt_ceo_lastname_170,-6.2513227462768555,2,-12.502645492553711,ceo_lastname
patch_matched_layer_random_02,Ferguson,732714_1993.txt_ceo_lastname_170,-1.8881540298461914,2,-3.776308059692383,ceo_lastname
patch_matched_layer_random_03,Ferguson,732714_1993.txt_ceo_lastname_170,-2.274210214614868,2,-4.548420429229736,ceo_lastname
patch_matched_layer_random_04,Ferguson,732714_1993.txt_ceo_lastname_170,-2.851238250732422,2,-5.702476501464844,ceo_lastname
patch_matched_layer_random_05,Ferguson,732714_1993.txt_ceo_lastname_170,-0.10086505115032196,2,-0.20173010230064392,ceo_lastname
patch_matched_layer_random_06,Ferguson,732714_1993.txt_ceo_lastname_170,-4.599755764007568,2,-9.199511528015137,ceo_lastname
patch_matched_layer_random_07,Ferguson,732714_1993.txt_ceo_lastname_170,-1.1402109861373901,2,-2.2804219722747803,ceo_lastname
patch_matched_layer_random_08,Ferguson,732714_1993.txt_ceo_lastname_170,-5.469535827636719,2,-10.939071655273438,ceo_lastname
patch_matched_layer_random_09,Ferguson,732714_1993.txt_ceo_lastname_170,-0.11094323545694351,2,-0.22188647091388702,ceo_lastname
patch_matched_layer_random_10,Ferguson,732714_1993.txt_ceo_lastname_170,-2.041851282119751,2,-4.083702564239502,ceo_lastname
patch_matched_layer_random_11,Ferguson,732714_1993.txt_ceo_lastname_170,-4.410946369171143,2,-8.821892738342285,ceo_lastname
patch_matched_layer_random_12,Ferguson,732714_1993.txt_ceo_lastname_170,-2.101313829421997,2,-4.202627658843994,ceo_lastname
patch_matched_layer_random_13,Ferguson,732714_1993.txt_ceo_lastname_170,-1.7025539875030518,2,-3.4051079750061035,ceo_lastname
patch_matched_layer_random_14,Ferguson,732714_1993.txt_ceo_lastname_170,-4.002495288848877,2,-8.004990577697754,ceo_lastname
patch_matched_layer_random_15,Ferguson,732714_1993.txt_ceo_lastname_170,-5.534775257110596,2,-11.069550514221191,ceo_lastname
patch_matched_layer_random_16,Ferguson,732714_1993.txt_ceo_lastname_170,-0.751282811164856,2,-1.502565622329712,ceo_lastname
patch_matched_layer_random_17,Ferguson,732714_1993.txt_ceo_lastname_170,-1.2994540929794312,2,-2.5989081859588623,ceo_lastname
patch_matched_layer_random_18,Ferguson,732714_1993.txt_ceo_lastname_170,-0.7690218687057495,2,-1.538043737411499,ceo_lastname
patch_matched_layer_random_19,Ferguson,732714_1993.txt_ceo_lastname_170,-1.0024516582489014,2,-2.0049033164978027,ceo_lastname
clean,Allender,34501_1993.txt_ceo_lastname_220,-1.5735404303995892e-05,2,-3.1470808607991785e-05,ceo_lastname
qr_ablate,Allender,34501_1993.txt_ceo_lastname_220,-3.4223055839538574,2,-6.844611167907715,ceo_lastname
patch_qr,Allender,34501_1993.txt_ceo_lastname_220,-0.00046702841063961387,2,-0.0009340568212792277,ceo_lastname
patch_bottom,Allender,34501_1993.txt_ceo_lastname_220,-3.3566036224365234,2,-6.713207244873047,ceo_lastname
patch_same_layer,Allender,34501_1993.txt_ceo_lastname_220,-1.7355679273605347,2,-3.4711358547210693,ceo_lastname
patch_random_00,Allender,34501_1993.txt_ceo_lastname_220,-1.9623020887374878,2,-3.9246041774749756,ceo_lastname
patch_random_01,Allender,34501_1993.txt_ceo_lastname_220,-0.5536834001541138,2,-1.1073668003082275,ceo_lastname
patch_random_02,Allender,34501_1993.txt_ceo_lastname_220,-3.351417064666748,2,-6.702834129333496,ceo_lastname
patch_random_03,Allender,34501_1993.txt_ceo_lastname_220,-2.8858559131622314,2,-5.771711826324463,ceo_lastname
patch_random_04,Allender,34501_1993.txt_ceo_lastname_220,-1.5121526718139648,2,-3.0243053436279297,ceo_lastname
patch_random_05,Allender,34501_1993.txt_ceo_lastname_220,-2.7635796070098877,2,-5.527159214019775,ceo_lastname
patch_random_06,Allender,34501_1993.txt_ceo_lastname_220,-3.5304343700408936,2,-7.060868740081787,ceo_lastname
patch_random_07,Allender,34501_1993.txt_ceo_lastname_220,-1.91888427734375,2,-3.8377685546875,ceo_lastname
patch_random_08,Allender,34501_1993.txt_ceo_lastname_220,-3.8790197372436523,2,-7.758039474487305,ceo_lastname
patch_random_09,Allender,34501_1993.txt_ceo_lastname_220,-3.2897799015045166,2,-6.579559803009033,ceo_lastname
patch_random_10,Allender,34501_1993.txt_ceo_lastname_220,-1.6734646558761597,2,-3.3469293117523193,ceo_lastname
patch_random_11,Allender,34501_1993.txt_ceo_lastname_220,-2.7064383029937744,2,-5.412876605987549,ceo_lastname
patch_random_12,Allender,34501_1993.txt_ceo_lastname_220,-3.6684844493865967,2,-7.336968898773193,ceo_lastname
patch_random_13,Allender,34501_1993.txt_ceo_lastname_220,-4.7259087562561035,2,-9.451817512512207,ceo_lastname
patch_random_14,Allender,34501_1993.txt_ceo_lastname_220,-3.0809059143066406,2,-6.161811828613281,ceo_lastname
patch_random_15,Allender,34501_1993.txt_ceo_lastname_220,-4.4586873054504395,2,-8.917374610900879,ceo_lastname
patch_random_16,Allender,34501_1993.txt_ceo_lastname_220,-2.9314887523651123,2,-5.862977504730225,ceo_lastname
patch_random_17,Allender,34501_1993.txt_ceo_lastname_220,-2.1921546459198,2,-4.3843092918396,ceo_lastname
patch_random_18,Allender,34501_1993.txt_ceo_lastname_220,-0.15084263682365417,2,-0.30168527364730835,ceo_lastname
patch_random_19,Allender,34501_1993.txt_ceo_lastname_220,-4.120852947235107,2,-8.241705894470215,ceo_lastname
patch_matched_layer_random_00,Allender,34501_1993.txt_ceo_lastname_220,-0.11146035045385361,2,-0.22292070090770721,ceo_lastname
patch_matched_layer_random_01,Allender,34501_1993.txt_ceo_lastname_220,-6.022383213043213,2,-12.044766426086426,ceo_lastname
patch_matched_layer_random_02,Allender,34501_1993.txt_ceo_lastname_220,-3.1498472690582275,2,-6.299694538116455,ceo_lastname
patch_matched_layer_random_03,Allender,34501_1993.txt_ceo_lastname_220,-2.1465423107147217,2,-4.293084621429443,ceo_lastname
patch_matched_layer_random_04,Allender,34501_1993.txt_ceo_lastname_220,-1.9610604047775269,2,-3.9221208095550537,ceo_lastname
patch_matched_layer_random_05,Allender,34501_1993.txt_ceo_lastname_220,-2.253999948501587,2,-4.507999897003174,ceo_lastname
patch_matched_layer_random_06,Allender,34501_1993.txt_ceo_lastname_220,-4.620142936706543,2,-9.240285873413086,ceo_lastname
patch_matched_layer_random_07,Allender,34501_1993.txt_ceo_lastname_220,-3.450650691986084,2,-6.901301383972168,ceo_lastname
patch_matched_layer_random_08,Allender,34501_1993.txt_ceo_lastname_220,-5.270626544952393,2,-10.541253089904785,ceo_lastname
patch_matched_layer_random_09,Allender,34501_1993.txt_ceo_lastname_220,-1.730000615119934,2,-3.460001230239868,ceo_lastname
patch_matched_layer_random_10,Allender,34501_1993.txt_ceo_lastname_220,-2.152902603149414,2,-4.305805206298828,ceo_lastname
patch_matched_layer_random_11,Allender,34501_1993.txt_ceo_lastname_220,-4.187060832977295,2,-8.37412166595459,ceo_lastname
patch_matched_layer_random_12,Allender,34501_1993.txt_ceo_lastname_220,-3.3590962886810303,2,-6.7181925773620605,ceo_lastname
patch_matched_layer_random_13,Allender,34501_1993.txt_ceo_lastname_220,-1.8628743886947632,2,-3.7257487773895264,ceo_lastname
patch_matched_layer_random_14,Allender,34501_1993.txt_ceo_lastname_220,-3.51010799407959,2,-7.02021598815918,ceo_lastname
patch_matched_layer_random_15,Allender,34501_1993.txt_ceo_lastname_220,-5.642961025238037,2,-11.285922050476074,ceo_lastname
patch_matched_layer_random_16,Allender,34501_1993.txt_ceo_lastname_220,-2.505894184112549,2,-5.011788368225098,ceo_lastname
patch_matched_layer_random_17,Allender,34501_1993.txt_ceo_lastname_220,-3.6030406951904297,2,-7.206081390380859,ceo_lastname
patch_matched_layer_random_18,Allender,34501_1993.txt_ceo_lastname_220,-2.9593284130096436,2,-5.918656826019287,ceo_lastname
patch_matched_layer_random_19,Allender,34501_1993.txt_ceo_lastname_220,-0.03801170736551285,2,-0.0760234147310257,ceo_lastname
clean,Lenzie,71180_1993.txt_ceo_lastname_215,-0.033797793090343475,2,-0.06759558618068695,ceo_lastname
qr_ablate,Lenzie,71180_1993.txt_ceo_lastname_215,-1.773627758026123,2,-3.547255516052246,ceo_lastname
patch_qr,Lenzie,71180_1993.txt_ceo_lastname_215,-0.06433279067277908,2,-0.12866558134555817,ceo_lastname
patch_bottom,Lenzie,71180_1993.txt_ceo_lastname_215,-1.5274524688720703,2,-3.0549049377441406,ceo_lastname
patch_same_layer,Lenzie,71180_1993.txt_ceo_lastname_215,-2.043985366821289,2,-4.087970733642578,ceo_lastname
patch_random_00,Lenzie,71180_1993.txt_ceo_lastname_215,-0.9577264785766602,2,-1.9154529571533203,ceo_lastname
patch_random_01,Lenzie,71180_1993.txt_ceo_lastname_215,-0.31753572821617126,2,-0.6350714564323425,ceo_lastname
patch_random_02,Lenzie,71180_1993.txt_ceo_lastname_215,-1.826096773147583,2,-3.652193546295166,ceo_lastname
patch_random_03,Lenzie,71180_1993.txt_ceo_lastname_215,-1.8340831995010376,2,-3.668166399002075,ceo_lastname
patch_random_04,Lenzie,71180_1993.txt_ceo_lastname_215,-0.7272627353668213,2,-1.4545254707336426,ceo_lastname
patch_random_05,Lenzie,71180_1993.txt_ceo_lastname_215,-1.413588285446167,2,-2.827176570892334,ceo_lastname
patch_random_06,Lenzie,71180_1993.txt_ceo_lastname_215,-1.7968926429748535,2,-3.593785285949707,ceo_lastname
patch_random_07,Lenzie,71180_1993.txt_ceo_lastname_215,-1.2357841730117798,2,-2.4715683460235596,ceo_lastname
patch_random_08,Lenzie,71180_1993.txt_ceo_lastname_215,-1.6106046438217163,2,-3.2212092876434326,ceo_lastname
patch_random_09,Lenzie,71180_1993.txt_ceo_lastname_215,-1.7572649717330933,2,-3.5145299434661865,ceo_lastname
patch_random_10,Lenzie,71180_1993.txt_ceo_lastname_215,-1.7560011148452759,2,-3.5120022296905518,ceo_lastname
patch_random_11,Lenzie,71180_1993.txt_ceo_lastname_215,-0.7238667011260986,2,-1.4477334022521973,ceo_lastname
patch_random_12,Lenzie,71180_1993.txt_ceo_lastname_215,-2.54764461517334,2,-5.09528923034668,ceo_lastname
patch_random_13,Lenzie,71180_1993.txt_ceo_lastname_215,-3.3838412761688232,2,-6.7676825523376465,ceo_lastname
patch_random_14,Lenzie,71180_1993.txt_ceo_lastname_215,-1.7677215337753296,2,-3.535443067550659,ceo_lastname
patch_random_15,Lenzie,71180_1993.txt_ceo_lastname_215,-2.1658599376678467,2,-4.331719875335693,ceo_lastname
patch_random_16,Lenzie,71180_1993.txt_ceo_lastname_215,-1.4722645282745361,2,-2.9445290565490723,ceo_lastname
patch_random_17,Lenzie,71180_1993.txt_ceo_lastname_215,-1.1718811988830566,2,-2.3437623977661133,ceo_lastname
patch_random_18,Lenzie,71180_1993.txt_ceo_lastname_215,-0.26653623580932617,2,-0.5330724716186523,ceo_lastname
patch_random_19,Lenzie,71180_1993.txt_ceo_lastname_215,-2.437377691268921,2,-4.874755382537842,ceo_lastname
patch_matched_layer_random_00,Lenzie,71180_1993.txt_ceo_lastname_215,-0.37583547830581665,2,-0.7516709566116333,ceo_lastname
patch_matched_layer_random_01,Lenzie,71180_1993.txt_ceo_lastname_215,-3.9660732746124268,2,-7.9321465492248535,ceo_lastname
patch_matched_layer_random_02,Lenzie,71180_1993.txt_ceo_lastname_215,-0.4688614308834076,2,-0.9377228617668152,ceo_lastname
patch_matched_layer_random_03,Lenzie,71180_1993.txt_ceo_lastname_215,-1.1689860820770264,2,-2.3379721641540527,ceo_lastname
patch_matched_layer_random_04,Lenzie,71180_1993.txt_ceo_lastname_215,-0.8526222705841064,2,-1.705244541168213,ceo_lastname
patch_matched_layer_random_05,Lenzie,71180_1993.txt_ceo_lastname_215,-0.5580291748046875,2,-1.116058349609375,ceo_lastname
patch_matched_layer_random_06,Lenzie,71180_1993.txt_ceo_lastname_215,-3.288414716720581,2,-6.576829433441162,ceo_lastname
patch_matched_layer_random_07,Lenzie,71180_1993.txt_ceo_lastname_215,-0.6658344268798828,2,-1.3316688537597656,ceo_lastname
patch_matched_layer_random_08,Lenzie,71180_1993.txt_ceo_lastname_215,-4.643698692321777,2,-9.287397384643555,ceo_lastname
patch_matched_layer_random_09,Lenzie,71180_1993.txt_ceo_lastname_215,-0.1226472482085228,2,-0.2452944964170456,ceo_lastname
patch_matched_layer_random_10,Lenzie,71180_1993.txt_ceo_lastname_215,-1.1120660305023193,2,-2.2241320610046387,ceo_lastname
patch_matched_layer_random_11,Lenzie,71180_1993.txt_ceo_lastname_215,-2.2558581829071045,2,-4.511716365814209,ceo_lastname
patch_matched_layer_random_12,Lenzie,71180_1993.txt_ceo_lastname_215,-1.188801646232605,2,-2.37760329246521,ceo_lastname
patch_matched_layer_random_13,Lenzie,71180_1993.txt_ceo_lastname_215,-0.5923979878425598,2,-1.1847959756851196,ceo_lastname
patch_matched_layer_random_14,Lenzie,71180_1993.txt_ceo_lastname_215,-2.381174325942993,2,-4.762348651885986,ceo_lastname
patch_matched_layer_random_15,Lenzie,71180_1993.txt_ceo_lastname_215,-2.5425801277160645,2,-5.085160255432129,ceo_lastname
patch_matched_layer_random_16,Lenzie,71180_1993.txt_ceo_lastname_215,-1.331002950668335,2,-2.66200590133667,ceo_lastname
patch_matched_layer_random_17,Lenzie,71180_1993.txt_ceo_lastname_215,-1.9880515336990356,2,-3.9761030673980713,ceo_lastname
patch_matched_layer_random_18,Lenzie,71180_1993.txt_ceo_lastname_215,-1.2111724615097046,2,-2.422344923019409,ceo_lastname
patch_matched_layer_random_19,Lenzie,71180_1993.txt_ceo_lastname_215,-0.46228551864624023,2,-0.9245710372924805,ceo_lastname
clean,Goode,40878_1993.txt_ceo_lastname_19,-1.1443974472058471e-05,2,-2.2887948944116943e-05,ceo_lastname
qr_ablate,Goode,40878_1993.txt_ceo_lastname_19,-4.503047466278076,2,-9.006094932556152,ceo_lastname
patch_qr,Goode,40878_1993.txt_ceo_lastname_19,-0.003895155619829893,2,-0.007790311239659786,ceo_lastname
patch_bottom,Goode,40878_1993.txt_ceo_lastname_19,-5.059460639953613,2,-10.118921279907227,ceo_lastname
patch_same_layer,Goode,40878_1993.txt_ceo_lastname_19,-6.665947437286377,2,-13.331894874572754,ceo_lastname
patch_random_00,Goode,40878_1993.txt_ceo_lastname_19,-4.418603897094727,2,-8.837207794189453,ceo_lastname
patch_random_01,Goode,40878_1993.txt_ceo_lastname_19,-2.701289176940918,2,-5.402578353881836,ceo_lastname
patch_random_02,Goode,40878_1993.txt_ceo_lastname_19,-4.558505058288574,2,-9.117010116577148,ceo_lastname
patch_random_03,Goode,40878_1993.txt_ceo_lastname_19,-3.6541390419006348,2,-7.3082780838012695,ceo_lastname
patch_random_04,Goode,40878_1993.txt_ceo_lastname_19,-1.9989103078842163,2,-3.9978206157684326,ceo_lastname
patch_random_05,Goode,40878_1993.txt_ceo_lastname_19,-3.650237560272217,2,-7.300475120544434,ceo_lastname
patch_random_06,Goode,40878_1993.txt_ceo_lastname_19,-4.224038124084473,2,-8.448076248168945,ceo_lastname
patch_random_07,Goode,40878_1993.txt_ceo_lastname_19,-3.236145496368408,2,-6.472290992736816,ceo_lastname
patch_random_08,Goode,40878_1993.txt_ceo_lastname_19,-4.107765197753906,2,-8.215530395507812,ceo_lastname
patch_random_09,Goode,40878_1993.txt_ceo_lastname_19,-4.618922710418701,2,-9.237845420837402,ceo_lastname
patch_random_10,Goode,40878_1993.txt_ceo_lastname_19,-6.2194695472717285,2,-12.438939094543457,ceo_lastname
patch_random_11,Goode,40878_1993.txt_ceo_lastname_19,-4.314544677734375,2,-8.62908935546875,ceo_lastname
patch_random_12,Goode,40878_1993.txt_ceo_lastname_19,-3.661867380142212,2,-7.323734760284424,ceo_lastname
patch_random_13,Goode,40878_1993.txt_ceo_lastname_19,-6.814967155456543,2,-13.629934310913086,ceo_lastname
patch_random_14,Goode,40878_1993.txt_ceo_lastname_19,-5.256708145141602,2,-10.513416290283203,ceo_lastname
patch_random_15,Goode,40878_1993.txt_ceo_lastname_19,-6.5149664878845215,2,-13.029932975769043,ceo_lastname
patch_random_16,Goode,40878_1993.txt_ceo_lastname_19,-4.939604759216309,2,-9.879209518432617,ceo_lastname
patch_random_17,Goode,40878_1993.txt_ceo_lastname_19,-2.7650840282440186,2,-5.530168056488037,ceo_lastname
patch_random_18,Goode,40878_1993.txt_ceo_lastname_19,-1.378864049911499,2,-2.757728099822998,ceo_lastname
patch_random_19,Goode,40878_1993.txt_ceo_lastname_19,-6.130661964416504,2,-12.261323928833008,ceo_lastname
patch_matched_layer_random_00,Goode,40878_1993.txt_ceo_lastname_19,-2.373903751373291,2,-4.747807502746582,ceo_lastname
patch_matched_layer_random_01,Goode,40878_1993.txt_ceo_lastname_19,-8.64212703704834,2,-17.28425407409668,ceo_lastname
patch_matched_layer_random_02,Goode,40878_1993.txt_ceo_lastname_19,-4.176209449768066,2,-8.352418899536133,ceo_lastname
patch_matched_layer_random_03,Goode,40878_1993.txt_ceo_lastname_19,-3.1737279891967773,2,-6.347455978393555,ceo_lastname
patch_matched_layer_random_04,Goode,40878_1993.txt_ceo_lastname_19,-4.4459919929504395,2,-8.891983985900879,ceo_lastname
patch_matched_layer_random_05,Goode,40878_1993.txt_ceo_lastname_19,-0.6550678014755249,2,-1.3101356029510498,ceo_lastname
patch_matched_layer_random_06,Goode,40878_1993.txt_ceo_lastname_19,-6.854981422424316,2,-13.709962844848633,ceo_lastname
patch_matched_layer_random_07,Goode,40878_1993.txt_ceo_lastname_19,-0.7522801160812378,2,-1.5045602321624756,ceo_lastname
patch_matched_layer_random_08,Goode,40878_1993.txt_ceo_lastname_19,-7.512442111968994,2,-15.024884223937988,ceo_lastname
patch_matched_layer_random_09,Goode,40878_1993.txt_ceo_lastname_19,-1.921415090560913,2,-3.842830181121826,ceo_lastname
patch_matched_layer_random_10,Goode,40878_1993.txt_ceo_lastname_19,-3.065402030944824,2,-6.130804061889648,ceo_lastname
patch_matched_layer_random_11,Goode,40878_1993.txt_ceo_lastname_19,-5.636826992034912,2,-11.273653984069824,ceo_lastname
patch_matched_layer_random_12,Goode,40878_1993.txt_ceo_lastname_19,-3.350313186645508,2,-6.700626373291016,ceo_lastname
patch_matched_layer_random_13,Goode,40878_1993.txt_ceo_lastname_19,-1.3829556703567505,2,-2.765911340713501,ceo_lastname
patch_matched_layer_random_14,Goode,40878_1993.txt_ceo_lastname_19,-4.440779685974121,2,-8.881559371948242,ceo_lastname
patch_matched_layer_random_15,Goode,40878_1993.txt_ceo_lastname_19,-8.52197551727295,2,-17.0439510345459,ceo_lastname
patch_matched_layer_random_16,Goode,40878_1993.txt_ceo_lastname_19,-3.5563879013061523,2,-7.112775802612305,ceo_lastname
patch_matched_layer_random_17,Goode,40878_1993.txt_ceo_lastname_19,-5.884922027587891,2,-11.769844055175781,ceo_lastname
patch_matched_layer_random_18,Goode,40878_1993.txt_ceo_lastname_19,-1.8683398962020874,2,-3.736679792404175,ceo_lastname
patch_matched_layer_random_19,Goode,40878_1993.txt_ceo_lastname_19,-0.6810983419418335,2,-1.362196683883667,ceo_lastname
clean,Peterson,865227_1993.txt_ceo_lastname_51,-0.009099271148443222,2,-0.018198542296886444,ceo_lastname
qr_ablate,Peterson,865227_1993.txt_ceo_lastname_51,-3.280275583267212,2,-6.560551166534424,ceo_lastname
patch_qr,Peterson,865227_1993.txt_ceo_lastname_51,-0.04641661047935486,2,-0.09283322095870972,ceo_lastname
patch_bottom,Peterson,865227_1993.txt_ceo_lastname_51,-4.054998397827148,2,-8.109996795654297,ceo_lastname
patch_same_layer,Peterson,865227_1993.txt_ceo_lastname_51,-1.1367332935333252,2,-2.2734665870666504,ceo_lastname
patch_random_00,Peterson,865227_1993.txt_ceo_lastname_51,-1.0134176015853882,2,-2.0268352031707764,ceo_lastname
patch_random_01,Peterson,865227_1993.txt_ceo_lastname_51,-1.6299312114715576,2,-3.2598624229431152,ceo_lastname
patch_random_02,Peterson,865227_1993.txt_ceo_lastname_51,-3.182213306427002,2,-6.364426612854004,ceo_lastname
patch_random_03,Peterson,865227_1993.txt_ceo_lastname_51,-2.6966965198516846,2,-5.393393039703369,ceo_lastname
patch_random_04,Peterson,865227_1993.txt_ceo_lastname_51,-1.6643435955047607,2,-3.3286871910095215,ceo_lastname
patch_random_05,Peterson,865227_1993.txt_ceo_lastname_51,-2.4719595909118652,2,-4.9439191818237305,ceo_lastname
patch_random_06,Peterson,865227_1993.txt_ceo_lastname_51,-2.6235146522521973,2,-5.2470293045043945,ceo_lastname
patch_random_07,Peterson,865227_1993.txt_ceo_lastname_51,-2.223785161972046,2,-4.447570323944092,ceo_lastname
patch_random_08,Peterson,865227_1993.txt_ceo_lastname_51,-3.2083663940429688,2,-6.4167327880859375,ceo_lastname
patch_random_09,Peterson,865227_1993.txt_ceo_lastname_51,-3.221825122833252,2,-6.443650245666504,ceo_lastname
patch_random_10,Peterson,865227_1993.txt_ceo_lastname_51,-3.9128875732421875,2,-7.825775146484375,ceo_lastname
patch_random_11,Peterson,865227_1993.txt_ceo_lastname_51,-1.4103405475616455,2,-2.820681095123291,ceo_lastname
patch_random_12,Peterson,865227_1993.txt_ceo_lastname_51,-2.0855937004089355,2,-4.171187400817871,ceo_lastname
patch_random_13,Peterson,865227_1993.txt_ceo_lastname_51,-5.659048557281494,2,-11.318097114562988,ceo_lastname
patch_random_14,Peterson,865227_1993.txt_ceo_lastname_51,-2.9137654304504395,2,-5.827530860900879,ceo_lastname
patch_random_15,Peterson,865227_1993.txt_ceo_lastname_51,-3.775188446044922,2,-7.550376892089844,ceo_lastname
patch_random_16,Peterson,865227_1993.txt_ceo_lastname_51,-2.799638271331787,2,-5.599276542663574,ceo_lastname
patch_random_17,Peterson,865227_1993.txt_ceo_lastname_51,-2.1415743827819824,2,-4.283148765563965,ceo_lastname
patch_random_18,Peterson,865227_1993.txt_ceo_lastname_51,-0.5557090044021606,2,-1.1114180088043213,ceo_lastname
patch_random_19,Peterson,865227_1993.txt_ceo_lastname_51,-6.199014186859131,2,-12.398028373718262,ceo_lastname
patch_matched_layer_random_00,Peterson,865227_1993.txt_ceo_lastname_51,-0.3545212745666504,2,-0.7090425491333008,ceo_lastname
patch_matched_layer_random_01,Peterson,865227_1993.txt_ceo_lastname_51,-8.194608688354492,2,-16.389217376708984,ceo_lastname
patch_matched_layer_random_02,Peterson,865227_1993.txt_ceo_lastname_51,-1.6236608028411865,2,-3.247321605682373,ceo_lastname
patch_matched_layer_random_03,Peterson,865227_1993.txt_ceo_lastname_51,-2.2794878482818604,2,-4.558975696563721,ceo_lastname
patch_matched_layer_random_04,Peterson,865227_1993.txt_ceo_lastname_51,-1.113937497138977,2,-2.227874994277954,ceo_lastname
patch_matched_layer_random_05,Peterson,865227_1993.txt_ceo_lastname_51,-1.4221668243408203,2,-2.8443336486816406,ceo_lastname
patch_matched_layer_random_06,Peterson,865227_1993.txt_ceo_lastname_51,-6.589406490325928,2,-13.178812980651855,ceo_lastname
patch_matched_layer_random_07,Peterson,865227_1993.txt_ceo_lastname_51,-4.008133411407471,2,-8.016266822814941,ceo_lastname
patch_matched_layer_random_08,Peterson,865227_1993.txt_ceo_lastname_51,-7.188804626464844,2,-14.377609252929688,ceo_lastname
patch_matched_layer_random_09,Peterson,865227_1993.txt_ceo_lastname_51,-0.6921401023864746,2,-1.3842802047729492,ceo_lastname
patch_matched_layer_random_10,Peterson,865227_1993.txt_ceo_lastname_51,-2.7814488410949707,2,-5.562897682189941,ceo_lastname
patch_matched_layer_random_11,Peterson,865227_1993.txt_ceo_lastname_51,-5.762991428375244,2,-11.525982856750488,ceo_lastname
patch_matched_layer_random_12,Peterson,865227_1993.txt_ceo_lastname_51,-4.085492134094238,2,-8.170984268188477,ceo_lastname
patch_matched_layer_random_13,Peterson,865227_1993.txt_ceo_lastname_51,-2.2466719150543213,2,-4.493343830108643,ceo_lastname
patch_matched_layer_random_14,Peterson,865227_1993.txt_ceo_lastname_51,-5.063180446624756,2,-10.126360893249512,ceo_lastname
patch_matched_layer_random_15,Peterson,865227_1993.txt_ceo_lastname_51,-5.1309709548950195,2,-10.261941909790039,ceo_lastname
patch_matched_layer_random_16,Peterson,865227_1993.txt_ceo_lastname_51,-1.1849559545516968,2,-2.3699119091033936,ceo_lastname
patch_matched_layer_random_17,Peterson,865227_1993.txt_ceo_lastname_51,-1.8363630771636963,2,-3.6727261543273926,ceo_lastname
patch_matched_layer_random_18,Peterson,865227_1993.txt_ceo_lastname_51,-2.14186429977417,2,-4.28372859954834,ceo_lastname
patch_matched_layer_random_19,Peterson,865227_1993.txt_ceo_lastname_51,-0.2799384593963623,2,-0.5598769187927246,ceo_lastname
clean,Peterson,859257_1993.txt_ceo_lastname_146,-0.005397643893957138,2,-0.010795287787914276,ceo_lastname
qr_ablate,Peterson,859257_1993.txt_ceo_lastname_146,-2.7609922885894775,2,-5.521984577178955,ceo_lastname
patch_qr,Peterson,859257_1993.txt_ceo_lastname_146,-0.020833773538470268,2,-0.041667547076940536,ceo_lastname
patch_bottom,Peterson,859257_1993.txt_ceo_lastname_146,-3.236712694168091,2,-6.473425388336182,ceo_lastname
patch_same_layer,Peterson,859257_1993.txt_ceo_lastname_146,-0.9766943454742432,2,-1.9533886909484863,ceo_lastname
patch_random_00,Peterson,859257_1993.txt_ceo_lastname_146,-0.8487691879272461,2,-1.6975383758544922,ceo_lastname
patch_random_01,Peterson,859257_1993.txt_ceo_lastname_146,-1.0685940980911255,2,-2.137188196182251,ceo_lastname
patch_random_02,Peterson,859257_1993.txt_ceo_lastname_146,-2.7297184467315674,2,-5.459436893463135,ceo_lastname
patch_random_03,Peterson,859257_1993.txt_ceo_lastname_146,-2.0617494583129883,2,-4.123498916625977,ceo_lastname
patch_random_04,Peterson,859257_1993.txt_ceo_lastname_146,-1.2952306270599365,2,-2.590461254119873,ceo_lastname
patch_random_05,Peterson,859257_1993.txt_ceo_lastname_146,-2.250389337539673,2,-4.500778675079346,ceo_lastname
patch_random_06,Peterson,859257_1993.txt_ceo_lastname_146,-2.090494155883789,2,-4.180988311767578,ceo_lastname
patch_random_07,Peterson,859257_1993.txt_ceo_lastname_146,-1.7657731771469116,2,-3.5315463542938232,ceo_lastname
patch_random_08,Peterson,859257_1993.txt_ceo_lastname_146,-2.9608075618743896,2,-5.921615123748779,ceo_lastname
patch_random_09,Peterson,859257_1993.txt_ceo_lastname_146,-2.6824629306793213,2,-5.364925861358643,ceo_lastname
patch_random_10,Peterson,859257_1993.txt_ceo_lastname_146,-3.5069174766540527,2,-7.0138349533081055,ceo_lastname
patch_random_11,Peterson,859257_1993.txt_ceo_lastname_146,-1.1508196592330933,2,-2.3016393184661865,ceo_lastname
patch_random_12,Peterson,859257_1993.txt_ceo_lastname_146,-1.8624391555786133,2,-3.7248783111572266,ceo_lastname
patch_random_13,Peterson,859257_1993.txt_ceo_lastname_146,-4.927084445953369,2,-9.854168891906738,ceo_lastname
patch_random_14,Peterson,859257_1993.txt_ceo_lastname_146,-2.317023277282715,2,-4.63404655456543,ceo_lastname
patch_random_15,Peterson,859257_1993.txt_ceo_lastname_146,-3.4120147228240967,2,-6.824029445648193,ceo_lastname
patch_random_16,Peterson,859257_1993.txt_ceo_lastname_146,-2.1498525142669678,2,-4.2997050285339355,ceo_lastname
patch_random_17,Peterson,859257_1993.txt_ceo_lastname_146,-1.7667299509048462,2,-3.5334599018096924,ceo_lastname
patch_random_18,Peterson,859257_1993.txt_ceo_lastname_146,-0.4905968904495239,2,-0.9811937808990479,ceo_lastname
patch_random_19,Peterson,859257_1993.txt_ceo_lastname_146,-5.247288703918457,2,-10.494577407836914,ceo_lastname
patch_matched_layer_random_00,Peterson,859257_1993.txt_ceo_lastname_146,-0.3922569155693054,2,-0.7845138311386108,ceo_lastname
patch_matched_layer_random_01,Peterson,859257_1993.txt_ceo_lastname_146,-8.212839126586914,2,-16.425678253173828,ceo_lastname
patch_matched_layer_random_02,Peterson,859257_1993.txt_ceo_lastname_146,-1.514754295349121,2,-3.029508590698242,ceo_lastname
patch_matched_layer_random_03,Peterson,859257_1993.txt_ceo_lastname_146,-1.904384732246399,2,-3.808769464492798,ceo_lastname
patch_matched_layer_random_04,Peterson,859257_1993.txt_ceo_lastname_146,-1.122141718864441,2,-2.244283437728882,ceo_lastname
patch_matched_layer_random_05,Peterson,859257_1993.txt_ceo_lastname_146,-0.5987857580184937,2,-1.1975715160369873,ceo_lastname
patch_matched_layer_random_06,Peterson,859257_1993.txt_ceo_lastname_146,-6.314441680908203,2,-12.628883361816406,ceo_lastname
patch_matched_layer_random_07,Peterson,859257_1993.txt_ceo_lastname_146,-2.3842761516571045,2,-4.768552303314209,ceo_lastname
patch_matched_layer_random_08,Peterson,859257_1993.txt_ceo_lastname_146,-7.277543544769287,2,-14.555087089538574,ceo_lastname
patch_matched_layer_random_09,Peterson,859257_1993.txt_ceo_lastname_146,-0.44831568002700806,2,-0.8966313600540161,ceo_lastname
patch_matched_layer_random_10,Peterson,859257_1993.txt_ceo_lastname_146,-2.4127843379974365,2,-4.825568675994873,ceo_lastname
patch_matched_layer_random_11,Peterson,859257_1993.txt_ceo_lastname_146,-5.255527973175049,2,-10.511055946350098,ceo_lastname
patch_matched_layer_random_12,Peterson,859257_1993.txt_ceo_lastname_146,-3.424612045288086,2,-6.849224090576172,ceo_lastname
patch_matched_layer_random_13,Peterson,859257_1993.txt_ceo_lastname_146,-1.676033616065979,2,-3.352067232131958,ceo_lastname
patch_matched_layer_random_14,Peterson,859257_1993.txt_ceo_lastname_146,-4.325118541717529,2,-8.650237083435059,ceo_lastname
patch_matched_layer_random_15,Peterson,859257_1993.txt_ceo_lastname_146,-4.945723533630371,2,-9.891447067260742,ceo_lastname
patch_matched_layer_random_16,Peterson,859257_1993.txt_ceo_lastname_146,-1.3210972547531128,2,-2.6421945095062256,ceo_lastname
patch_matched_layer_random_17,Peterson,859257_1993.txt_ceo_lastname_146,-1.9327363967895508,2,-3.8654727935791016,ceo_lastname
patch_matched_layer_random_18,Peterson,859257_1993.txt_ceo_lastname_146,-2.1556527614593506,2,-4.311305522918701,ceo_lastname
patch_matched_layer_random_19,Peterson,859257_1993.txt_ceo_lastname_146,-0.1866062432527542,2,-0.3732124865055084,ceo_lastname
clean,257,18497_1993.txt_employees_count_total_34,-9.695548214949667e-06,3,-2.90866428258596e-05,employees_count_total
qr_ablate,257,18497_1993.txt_employees_count_total_34,-2.305251121520996,3,-6.91575288772583,employees_count_total
patch_qr,257,18497_1993.txt_employees_count_total_34,-0.14927798509597778,3,-0.44783395528793335,employees_count_total
patch_bottom,257,18497_1993.txt_employees_count_total_34,-2.6746206283569336,3,-8.0238618850708,employees_count_total
patch_same_layer,257,18497_1993.txt_employees_count_total_34,-2.6069231033325195,3,-7.820769309997559,employees_count_total
patch_random_00,257,18497_1993.txt_employees_count_total_34,-2.3024649620056152,3,-6.907394886016846,employees_count_total
patch_random_01,257,18497_1993.txt_employees_count_total_34,-2.2389001846313477,3,-6.716700077056885,employees_count_total
patch_random_02,257,18497_1993.txt_employees_count_total_34,-1.2391536235809326,3,-3.717460870742798,employees_count_total
patch_random_03,257,18497_1993.txt_employees_count_total_34,-1.9344580173492432,3,-5.80337381362915,employees_count_total
patch_random_04,257,18497_1993.txt_employees_count_total_34,-1.9700894355773926,3,-5.910268306732178,employees_count_total
patch_random_05,257,18497_1993.txt_employees_count_total_34,-1.8263533115386963,3,-5.47905969619751,employees_count_total
patch_random_06,257,18497_1993.txt_employees_count_total_34,-1.6274724006652832,3,-4.88241720199585,employees_count_total
patch_random_07,257,18497_1993.txt_employees_count_total_34,-2.100973129272461,3,-6.302919387817383,employees_count_total
patch_random_08,257,18497_1993.txt_employees_count_total_34,-1.9996774196624756,3,-5.999032020568848,employees_count_total
patch_random_09,257,18497_1993.txt_employees_count_total_34,-2.263084888458252,3,-6.789254665374756,employees_count_total
patch_random_10,257,18497_1993.txt_employees_count_total_34,-2.2410683631896973,3,-6.723205089569092,employees_count_total
patch_random_11,257,18497_1993.txt_employees_count_total_34,-2.0374341011047363,3,-6.112301826477051,employees_count_total
patch_random_12,257,18497_1993.txt_employees_count_total_34,-2.4010701179504395,3,-7.203210353851318,employees_count_total
patch_random_13,257,18497_1993.txt_employees_count_total_34,-2.6128087043762207,3,-7.838426113128662,employees_count_total
patch_random_14,257,18497_1993.txt_employees_count_total_34,-2.187406063079834,3,-6.562217712402344,employees_count_total
patch_random_15,257,18497_1993.txt_employees_count_total_34,-2.910919189453125,3,-8.732757568359375,employees_count_total
patch_random_16,257,18497_1993.txt_employees_count_total_34,-2.5193300247192383,3,-7.557990074157715,employees_count_total
patch_random_17,257,18497_1993.txt_employees_count_total_34,-1.7389482259750366,3,-5.21684455871582,employees_count_total
patch_random_18,257,18497_1993.txt_employees_count_total_34,-2.047248363494873,3,-6.141745090484619,employees_count_total
patch_random_19,257,18497_1993.txt_employees_count_total_34,-1.6636545658111572,3,-4.990963459014893,employees_count_total
patch_matched_layer_random_00,257,18497_1993.txt_employees_count_total_34,-2.7473180294036865,3,-8.24195384979248,employees_count_total
patch_matched_layer_random_01,257,18497_1993.txt_employees_count_total_34,-3.2022995948791504,3,-9.606898307800293,employees_count_total
patch_matched_layer_random_02,257,18497_1993.txt_employees_count_total_34,-2.0758838653564453,3,-6.227651119232178,employees_count_total
patch_matched_layer_random_03,257,18497_1993.txt_employees_count_total_34,-2.20654296875,3,-6.61962890625,employees_count_total
patch_matched_layer_random_04,257,18497_1993.txt_employees_count_total_34,-2.266172409057617,3,-6.798517227172852,employees_count_total
patch_matched_layer_random_05,257,18497_1993.txt_employees_count_total_34,-1.1858056783676147,3,-3.5574169158935547,employees_count_total
patch_matched_layer_random_06,257,18497_1993.txt_employees_count_total_34,-2.9231371879577637,3,-8.769411087036133,employees_count_total
patch_matched_layer_random_07,257,18497_1993.txt_employees_count_total_34,-2.1957907676696777,3,-6.587372303009033,employees_count_total
patch_matched_layer_random_08,257,18497_1993.txt_employees_count_total_34,-2.8802762031555176,3,-8.640828132629395,employees_count_total
patch_matched_layer_random_09,257,18497_1993.txt_employees_count_total_34,-1.8365916013717651,3,-5.509774684906006,employees_count_total
patch_matched_layer_random_10,257,18497_1993.txt_employees_count_total_34,-2.613163471221924,3,-7.8394904136657715,employees_count_total
patch_matched_layer_random_11,257,18497_1993.txt_employees_count_total_34,-2.219784736633301,3,-6.659353733062744,employees_count_total
patch_matched_layer_random_12,257,18497_1993.txt_employees_count_total_34,-2.455484628677368,3,-7.366453647613525,employees_count_total
patch_matched_layer_random_13,257,18497_1993.txt_employees_count_total_34,-1.9432299137115479,3,-5.8296895027160645,employees_count_total
patch_matched_layer_random_14,257,18497_1993.txt_employees_count_total_34,-1.9096931219100952,3,-5.729079246520996,employees_count_total
patch_matched_layer_random_15,257,18497_1993.txt_employees_count_total_34,-3.349390983581543,3,-10.048172950744629,employees_count_total
patch_matched_layer_random_16,257,18497_1993.txt_employees_count_total_34,-1.3271214962005615,3,-3.9813644886016846,employees_count_total
patch_matched_layer_random_17,257,18497_1993.txt_employees_count_total_34,-2.566122055053711,3,-7.698365688323975,employees_count_total
patch_matched_layer_random_18,257,18497_1993.txt_employees_count_total_34,-1.291111946105957,3,-3.873335599899292,employees_count_total
patch_matched_layer_random_19,257,18497_1993.txt_employees_count_total_34,-1.1786556243896484,3,-3.535966634750366,employees_count_total
clean,60400,10456_1993.txt_employees_count_total_98,-0.7919763326644897,5,-3.959881544113159,employees_count_total
qr_ablate,60400,10456_1993.txt_employees_count_total_98,-1.9646434783935547,5,-9.823217391967773,employees_count_total
patch_qr,60400,10456_1993.txt_employees_count_total_98,-0.5731403827667236,5,-2.865701913833618,employees_count_total
patch_bottom,60400,10456_1993.txt_employees_count_total_98,-2.276794672012329,5,-11.383973121643066,employees_count_total
patch_same_layer,60400,10456_1993.txt_employees_count_total_98,-1.3575162887573242,5,-6.787581443786621,employees_count_total
patch_random_00,60400,10456_1993.txt_employees_count_total_98,-2.154179096221924,5,-10.770895004272461,employees_count_total
patch_random_01,60400,10456_1993.txt_employees_count_total_98,-1.8318636417388916,5,-9.159317970275879,employees_count_total
patch_random_02,60400,10456_1993.txt_employees_count_total_98,-1.5078437328338623,5,-7.539218425750732,employees_count_total
patch_random_03,60400,10456_1993.txt_employees_count_total_98,-1.138103723526001,5,-5.690518379211426,employees_count_total
patch_random_04,60400,10456_1993.txt_employees_count_total_98,-1.7768980264663696,5,-8.884490013122559,employees_count_total
patch_random_05,60400,10456_1993.txt_employees_count_total_98,-2.0681307315826416,5,-10.340653419494629,employees_count_total
patch_random_06,60400,10456_1993.txt_employees_count_total_98,-1.8692554235458374,5,-9.346277236938477,employees_count_total
patch_random_07,60400,10456_1993.txt_employees_count_total_98,-1.9151620864868164,5,-9.575810432434082,employees_count_total
patch_random_08,60400,10456_1993.txt_employees_count_total_98,-1.7509883642196655,5,-8.754941940307617,employees_count_total
patch_random_09,60400,10456_1993.txt_employees_count_total_98,-1.9719676971435547,5,-9.859838485717773,employees_count_total
patch_random_10,60400,10456_1993.txt_employees_count_total_98,-2.158493757247925,5,-10.792469024658203,employees_count_total
patch_random_11,60400,10456_1993.txt_employees_count_total_98,-1.8951778411865234,5,-9.475889205932617,employees_count_total
patch_random_12,60400,10456_1993.txt_employees_count_total_98,-1.9940422773361206,5,-9.970211029052734,employees_count_total
patch_random_13,60400,10456_1993.txt_employees_count_total_98,-2.229785680770874,5,-11.148927688598633,employees_count_total
patch_random_14,60400,10456_1993.txt_employees_count_total_98,-1.800768256187439,5,-9.003841400146484,employees_count_total
patch_random_15,60400,10456_1993.txt_employees_count_total_98,-2.1791999340057373,5,-10.89599895477295,employees_count_total
patch_random_16,60400,10456_1993.txt_employees_count_total_98,-2.177745819091797,5,-10.888729095458984,employees_count_total
patch_random_17,60400,10456_1993.txt_employees_count_total_98,-1.3401678800582886,5,-6.700839042663574,employees_count_total
patch_random_18,60400,10456_1993.txt_employees_count_total_98,-1.4706498384475708,5,-7.3532490730285645,employees_count_total
patch_random_19,60400,10456_1993.txt_employees_count_total_98,-1.036526083946228,5,-5.1826300621032715,employees_count_total
patch_matched_layer_random_00,60400,10456_1993.txt_employees_count_total_98,-2.0842702388763428,5,-10.421350479125977,employees_count_total
patch_matched_layer_random_01,60400,10456_1993.txt_employees_count_total_98,-1.8189700841903687,5,-9.094850540161133,employees_count_total
patch_matched_layer_random_02,60400,10456_1993.txt_employees_count_total_98,-1.2996877431869507,5,-6.498438835144043,employees_count_total
patch_matched_layer_random_03,60400,10456_1993.txt_employees_count_total_98,-1.3631495237350464,5,-6.815747261047363,employees_count_total
patch_matched_layer_random_04,60400,10456_1993.txt_employees_count_total_98,-1.6340960264205933,5,-8.170479774475098,employees_count_total
patch_matched_layer_random_05,60400,10456_1993.txt_employees_count_total_98,-0.9683398604393005,5,-4.841699123382568,employees_count_total
patch_matched_layer_random_06,60400,10456_1993.txt_employees_count_total_98,-2.0445621013641357,5,-10.222809791564941,employees_count_total
patch_matched_layer_random_07,60400,10456_1993.txt_employees_count_total_98,-1.8563698530197144,5,-9.281848907470703,employees_count_total
patch_matched_layer_random_08,60400,10456_1993.txt_employees_count_total_98,-1.5954194068908691,5,-7.977097034454346,employees_count_total
patch_matched_layer_random_09,60400,10456_1993.txt_employees_count_total_98,-2.1625847816467285,5,-10.812923431396484,employees_count_total
patch_matched_layer_random_10,60400,10456_1993.txt_employees_count_total_98,-2.2150015830993652,5,-11.075007438659668,employees_count_total
patch_matched_layer_random_11,60400,10456_1993.txt_employees_count_total_98,-1.5145212411880493,5,-7.572606086730957,employees_count_total
patch_matched_layer_random_12,60400,10456_1993.txt_employees_count_total_98,-1.9009557962417603,5,-9.504778861999512,employees_count_total
patch_matched_layer_random_13,60400,10456_1993.txt_employees_count_total_98,-1.2111660242080688,5,-6.055830001831055,employees_count_total
patch_matched_layer_random_14,60400,10456_1993.txt_employees_count_total_98,-1.5284651517868042,5,-7.6423258781433105,employees_count_total
patch_matched_layer_random_15,60400,10456_1993.txt_employees_count_total_98,-2.341864824295044,5,-11.70932388305664,employees_count_total
patch_matched_layer_random_16,60400,10456_1993.txt_employees_count_total_98,-1.7588697671890259,5,-8.79434871673584,employees_count_total
patch_matched_layer_random_17,60400,10456_1993.txt_employees_count_total_98,-1.9142881631851196,5,-9.571440696716309,employees_count_total
patch_matched_layer_random_18,60400,10456_1993.txt_employees_count_total_98,-1.1240904331207275,5,-5.620451927185059,employees_count_total
patch_matched_layer_random_19,60400,10456_1993.txt_employees_count_total_98,-1.205938696861267,5,-6.029693603515625,employees_count_total
clean,76200,732714_1993.txt_employees_count_total_169,-2.5094401836395264,5,-12.547201156616211,employees_count_total
qr_ablate,76200,732714_1993.txt_employees_count_total_169,-2.956632375717163,5,-14.783161163330078,employees_count_total
patch_qr,76200,732714_1993.txt_employees_count_total_169,-1.4655344486236572,5,-7.327672004699707,employees_count_total
patch_bottom,76200,732714_1993.txt_employees_count_total_169,-3.247769594192505,5,-16.238847732543945,employees_count_total
patch_same_layer,76200,732714_1993.txt_employees_count_total_169,-2.777475595474243,5,-13.887377738952637,employees_count_total
patch_random_00,76200,732714_1993.txt_employees_count_total_169,-2.8979997634887695,5,-14.489998817443848,employees_count_total
patch_random_01,76200,732714_1993.txt_employees_count_total_169,-2.876114845275879,5,-14.380574226379395,employees_count_total
patch_random_02,76200,732714_1993.txt_employees_count_total_169,-2.435624122619629,5,-12.178120613098145,employees_count_total
patch_random_03,76200,732714_1993.txt_employees_count_total_169,-2.7444908618927,5,-13.722454071044922,employees_count_total
patch_random_04,76200,732714_1993.txt_employees_count_total_169,-2.807236909866333,5,-14.036184310913086,employees_count_total
patch_random_05,76200,732714_1993.txt_employees_count_total_169,-2.5336709022521973,5,-12.668354034423828,employees_count_total
patch_random_06,76200,732714_1993.txt_employees_count_total_169,-2.834681510925293,5,-14.173407554626465,employees_count_total
patch_random_07,76200,732714_1993.txt_employees_count_total_169,-2.9622106552124023,5,-14.811053276062012,employees_count_total
patch_random_08,76200,732714_1993.txt_employees_count_total_169,-2.731584310531616,5,-13.65792179107666,employees_count_total
patch_random_09,76200,732714_1993.txt_employees_count_total_169,-2.9666879177093506,5,-14.833439826965332,employees_count_total
patch_random_10,76200,732714_1993.txt_employees_count_total_169,-2.9865901470184326,5,-14.932950973510742,employees_count_total
patch_random_11,76200,732714_1993.txt_employees_count_total_169,-2.7693474292755127,5,-13.846736907958984,employees_count_total
patch_random_12,76200,732714_1993.txt_employees_count_total_169,-3.2440896034240723,5,-16.220447540283203,employees_count_total
patch_random_13,76200,732714_1993.txt_employees_count_total_169,-3.157208204269409,5,-15.786041259765625,employees_count_total
patch_random_14,76200,732714_1993.txt_employees_count_total_169,-3.1053695678710938,5,-15.526847839355469,employees_count_total
patch_random_15,76200,732714_1993.txt_employees_count_total_169,-3.3495521545410156,5,-16.747760772705078,employees_count_total
patch_random_16,76200,732714_1993.txt_employees_count_total_169,-3.406602621078491,5,-17.03301239013672,employees_count_total
patch_random_17,76200,732714_1993.txt_employees_count_total_169,-3.250896453857422,5,-16.25448226928711,employees_count_total
patch_random_18,76200,732714_1993.txt_employees_count_total_169,-2.378495931625366,5,-11.89247989654541,employees_count_total
patch_random_19,76200,732714_1993.txt_employees_count_total_169,-2.483112096786499,5,-12.415559768676758,employees_count_total
patch_matched_layer_random_00,76200,732714_1993.txt_employees_count_total_169,-3.3646295070648193,5,-16.82314682006836,employees_count_total
patch_matched_layer_random_01,76200,732714_1993.txt_employees_count_total_169,-3.3259122371673584,5,-16.629560470581055,employees_count_total
patch_matched_layer_random_02,76200,732714_1993.txt_employees_count_total_169,-2.8846242427825928,5,-14.423121452331543,employees_count_total
patch_matched_layer_random_03,76200,732714_1993.txt_employees_count_total_169,-2.7331511974334717,5,-13.665755271911621,employees_count_total
patch_matched_layer_random_04,76200,732714_1993.txt_employees_count_total_169,-2.932516574859619,5,-14.662582397460938,employees_count_total
patch_matched_layer_random_05,76200,732714_1993.txt_employees_count_total_169,-2.167900323867798,5,-10.83950138092041,employees_count_total
patch_matched_layer_random_06,76200,732714_1993.txt_employees_count_total_169,-2.7562530040740967,5,-13.781265258789062,employees_count_total
patch_matched_layer_random_07,76200,732714_1993.txt_employees_count_total_169,-3.3299484252929688,5,-16.649742126464844,employees_count_total
patch_matched_layer_random_08,76200,732714_1993.txt_employees_count_total_169,-2.7294631004333496,5,-13.64731502532959,employees_count_total
patch_matched_layer_random_09,76200,732714_1993.txt_employees_count_total_169,-2.770845651626587,5,-13.854228019714355,employees_count_total
patch_matched_layer_random_10,76200,732714_1993.txt_employees_count_total_169,-3.1979358196258545,5,-15.989678382873535,employees_count_total
patch_matched_layer_random_11,76200,732714_1993.txt_employees_count_total_169,-2.8457562923431396,5,-14.228781700134277,employees_count_total
patch_matched_layer_random_12,76200,732714_1993.txt_employees_count_total_169,-3.0933308601379395,5,-15.466653823852539,employees_count_total
patch_matched_layer_random_13,76200,732714_1993.txt_employees_count_total_169,-2.8255960941314697,5,-14.12798023223877,employees_count_total
patch_matched_layer_random_14,76200,732714_1993.txt_employees_count_total_169,-3.1445863246917725,5,-15.722930908203125,employees_count_total
patch_matched_layer_random_15,76200,732714_1993.txt_employees_count_total_169,-3.201860189437866,5,-16.009300231933594,employees_count_total
patch_matched_layer_random_16,76200,732714_1993.txt_employees_count_total_169,-2.1921257972717285,5,-10.960628509521484,employees_count_total
patch_matched_layer_random_17,76200,732714_1993.txt_employees_count_total_169,-2.8108298778533936,5,-14.05414867401123,employees_count_total
patch_matched_layer_random_18,76200,732714_1993.txt_employees_count_total_169,-2.6674628257751465,5,-13.337313652038574,employees_count_total
patch_matched_layer_random_19,76200,732714_1993.txt_employees_count_total_169,-1.8371250629425049,5,-9.185625076293945,employees_count_total
clean,1741,71180_1993.txt_employees_count_total_214,-0.006188023369759321,4,-0.024752093479037285,employees_count_total
qr_ablate,1741,71180_1993.txt_employees_count_total_214,-1.7939265966415405,4,-7.175706386566162,employees_count_total
patch_qr,1741,71180_1993.txt_employees_count_total_214,-0.02772514708340168,4,-0.11090058833360672,employees_count_total
patch_bottom,1741,71180_1993.txt_employees_count_total_214,-1.9279950857162476,4,-7.71198034286499,employees_count_total
patch_same_layer,1741,71180_1993.txt_employees_count_total_214,-1.726589560508728,4,-6.906358242034912,employees_count_total
patch_random_00,1741,71180_1993.txt_employees_count_total_214,-2.0888116359710693,4,-8.355246543884277,employees_count_total
patch_random_01,1741,71180_1993.txt_employees_count_total_214,-1.4473466873168945,4,-5.789386749267578,employees_count_total
patch_random_02,1741,71180_1993.txt_employees_count_total_214,-0.7479323148727417,4,-2.991729259490967,employees_count_total
patch_random_03,1741,71180_1993.txt_employees_count_total_214,-1.1624246835708618,4,-4.649698734283447,employees_count_total
patch_random_04,1741,71180_1993.txt_employees_count_total_214,-1.5338950157165527,4,-6.135580062866211,employees_count_total
patch_random_05,1741,71180_1993.txt_employees_count_total_214,-1.6759791374206543,4,-6.703916549682617,employees_count_total
patch_random_06,1741,71180_1993.txt_employees_count_total_214,-1.6890740394592285,4,-6.756296157836914,employees_count_total
patch_random_07,1741,71180_1993.txt_employees_count_total_214,-1.5836145877838135,4,-6.334458351135254,employees_count_total
patch_random_08,1741,71180_1993.txt_employees_count_total_214,-1.795241355895996,4,-7.180965423583984,employees_count_total
patch_random_09,1741,71180_1993.txt_employees_count_total_214,-1.779951810836792,4,-7.119807243347168,employees_count_total
patch_random_10,1741,71180_1993.txt_employees_count_total_214,-1.878653645515442,4,-7.514614582061768,employees_count_total
patch_random_11,1741,71180_1993.txt_employees_count_total_214,-1.4875037670135498,4,-5.950015068054199,employees_count_total
patch_random_12,1741,71180_1993.txt_employees_count_total_214,-1.1568193435668945,4,-4.627277374267578,employees_count_total
patch_random_13,1741,71180_1993.txt_employees_count_total_214,-1.9612014293670654,4,-7.844805717468262,employees_count_total
patch_random_14,1741,71180_1993.txt_employees_count_total_214,-1.8299204111099243,4,-7.319681644439697,employees_count_total
patch_random_15,1741,71180_1993.txt_employees_count_total_214,-2.59193754196167,4,-10.36775016784668,employees_count_total
patch_random_16,1741,71180_1993.txt_employees_count_total_214,-1.4647321701049805,4,-5.858928680419922,employees_count_total
patch_random_17,1741,71180_1993.txt_employees_count_total_214,-1.1231541633605957,4,-4.492616653442383,employees_count_total
patch_random_18,1741,71180_1993.txt_employees_count_total_214,-1.6830774545669556,4,-6.732309818267822,employees_count_total
patch_random_19,1741,71180_1993.txt_employees_count_total_214,-0.6545207500457764,4,-2.6180830001831055,employees_count_total
patch_matched_layer_random_00,1741,71180_1993.txt_employees_count_total_214,-1.3336944580078125,4,-5.33477783203125,employees_count_total
patch_matched_layer_random_01,1741,71180_1993.txt_employees_count_total_214,-2.9450912475585938,4,-11.780364990234375,employees_count_total
patch_matched_layer_random_02,1741,71180_1993.txt_employees_count_total_214,-0.627320408821106,4,-2.509281635284424,employees_count_total
patch_matched_layer_random_03,1741,71180_1993.txt_employees_count_total_214,-1.161456823348999,4,-4.645827293395996,employees_count_total
patch_matched_layer_random_04,1741,71180_1993.txt_employees_count_total_214,-1.645444631576538,4,-6.581778526306152,employees_count_total
patch_matched_layer_random_05,1741,71180_1993.txt_employees_count_total_214,-1.1977306604385376,4,-4.79092264175415,employees_count_total
patch_matched_layer_random_06,1741,71180_1993.txt_employees_count_total_214,-1.985734224319458,4,-7.942936897277832,employees_count_total
patch_matched_layer_random_07,1741,71180_1993.txt_employees_count_total_214,-1.7148321866989136,4,-6.859328746795654,employees_count_total
patch_matched_layer_random_08,1741,71180_1993.txt_employees_count_total_214,-1.8642971515655518,4,-7.457188606262207,employees_count_total
patch_matched_layer_random_09,1741,71180_1993.txt_employees_count_total_214,-1.8112157583236694,4,-7.244863033294678,employees_count_total
patch_matched_layer_random_10,1741,71180_1993.txt_employees_count_total_214,-1.8045873641967773,4,-7.218349456787109,employees_count_total
patch_matched_layer_random_11,1741,71180_1993.txt_employees_count_total_214,-1.8288614749908447,4,-7.315445899963379,employees_count_total
patch_matched_layer_random_12,1741,71180_1993.txt_employees_count_total_214,-1.5700733661651611,4,-6.2802934646606445,employees_count_total
patch_matched_layer_random_13,1741,71180_1993.txt_employees_count_total_214,-1.0175281763076782,4,-4.070112705230713,employees_count_total
patch_matched_layer_random_14,1741,71180_1993.txt_employees_count_total_214,-1.1927268505096436,4,-4.770907402038574,employees_count_total
patch_matched_layer_random_15,1741,71180_1993.txt_employees_count_total_214,-2.1100215911865234,4,-8.440086364746094,employees_count_total
patch_matched_layer_random_16,1741,71180_1993.txt_employees_count_total_214,-0.993299126625061,4,-3.973196506500244,employees_count_total
patch_matched_layer_random_17,1741,71180_1993.txt_employees_count_total_214,-1.545375943183899,4,-6.181503772735596,employees_count_total
patch_matched_layer_random_18,1741,71180_1993.txt_employees_count_total_214,-1.235197901725769,4,-4.940791606903076,employees_count_total
patch_matched_layer_random_19,1741,71180_1993.txt_employees_count_total_214,-0.841935396194458,4,-3.367741584777832,employees_count_total
clean,35000,104669_1993.txt_employees_count_total_83,-0.6067871451377869,5,-3.033935546875,employees_count_total
qr_ablate,35000,104669_1993.txt_employees_count_total_83,-1.8418442010879517,5,-9.209220886230469,employees_count_total
patch_qr,35000,104669_1993.txt_employees_count_total_83,-0.1979132741689682,5,-0.9895663857460022,employees_count_total
patch_bottom,35000,104669_1993.txt_employees_count_total_83,-2.254082441329956,5,-11.27041244506836,employees_count_total
patch_same_layer,35000,104669_1993.txt_employees_count_total_83,-1.8589811325073242,5,-9.294905662536621,employees_count_total
patch_random_00,35000,104669_1993.txt_employees_count_total_83,-2.0134382247924805,5,-10.067191123962402,employees_count_total
patch_random_01,35000,104669_1993.txt_employees_count_total_83,-1.7475630044937134,5,-8.737814903259277,employees_count_total
patch_random_02,35000,104669_1993.txt_employees_count_total_83,-1.4749085903167725,5,-7.374542713165283,employees_count_total
patch_random_03,35000,104669_1993.txt_employees_count_total_83,-1.2443803548812866,5,-6.2219014167785645,employees_count_total
patch_random_04,35000,104669_1993.txt_employees_count_total_83,-1.7191193103790283,5,-8.595596313476562,employees_count_total
patch_random_05,35000,104669_1993.txt_employees_count_total_83,-1.3235161304473877,5,-6.617580413818359,employees_count_total
patch_random_06,35000,104669_1993.txt_employees_count_total_83,-1.6139118671417236,5,-8.069559097290039,employees_count_total
patch_random_07,35000,104669_1993.txt_employees_count_total_83,-1.6714050769805908,5,-8.357025146484375,employees_count_total
patch_random_08,35000,104669_1993.txt_employees_count_total_83,-1.2978652715682983,5,-6.489326000213623,employees_count_total
patch_random_09,35000,104669_1993.txt_employees_count_total_83,-1.8672571182250977,5,-9.336285591125488,employees_count_total
patch_random_10,35000,104669_1993.txt_employees_count_total_83,-1.836403727531433,5,-9.182018280029297,employees_count_total
patch_random_11,35000,104669_1993.txt_employees_count_total_83,-1.9455397129058838,5,-9.72769832611084,employees_count_total
patch_random_12,35000,104669_1993.txt_employees_count_total_83,-1.9638642072677612,5,-9.819320678710938,employees_count_total
patch_random_13,35000,104669_1993.txt_employees_count_total_83,-2.2987568378448486,5,-11.493783950805664,employees_count_total
patch_random_14,35000,104669_1993.txt_employees_count_total_83,-1.7131900787353516,5,-8.565950393676758,employees_count_total
patch_random_15,35000,104669_1993.txt_employees_count_total_83,-2.1003754138946533,5,-10.501876831054688,employees_count_total
patch_random_16,35000,104669_1993.txt_employees_count_total_83,-2.1874840259552,5,-10.937419891357422,employees_count_total
patch_random_17,35000,104669_1993.txt_employees_count_total_83,-1.3001325130462646,5,-6.500662326812744,employees_count_total
patch_random_18,35000,104669_1993.txt_employees_count_total_83,-1.7209285497665405,5,-8.604642868041992,employees_count_total
patch_random_19,35000,104669_1993.txt_employees_count_total_83,-1.0284932851791382,5,-5.1424665451049805,employees_count_total
patch_matched_layer_random_00,35000,104669_1993.txt_employees_count_total_83,-2.22961163520813,5,-11.14805793762207,employees_count_total
patch_matched_layer_random_01,35000,104669_1993.txt_employees_count_total_83,-2.688746452331543,5,-13.443732261657715,employees_count_total
patch_matched_layer_random_02,35000,104669_1993.txt_employees_count_total_83,-1.6858495473861694,5,-8.429247856140137,employees_count_total
patch_matched_layer_random_03,35000,104669_1993.txt_employees_count_total_83,-1.644854187965393,5,-8.224270820617676,employees_count_total
patch_matched_layer_random_04,35000,104669_1993.txt_employees_count_total_83,-1.714922547340393,5,-8.574612617492676,employees_count_total
patch_matched_layer_random_05,35000,104669_1993.txt_employees_count_total_83,-0.6155545115470886,5,-3.077772378921509,employees_count_total
patch_matched_layer_random_06,35000,104669_1993.txt_employees_count_total_83,-1.9164072275161743,5,-9.582036018371582,employees_count_total
patch_matched_layer_random_07,35000,104669_1993.txt_employees_count_total_83,-1.9407118558883667,5,-9.703558921813965,employees_count_total
patch_matched_layer_random_08,35000,104669_1993.txt_employees_count_total_83,-1.8462721109390259,5,-9.23136043548584,employees_count_total
patch_matched_layer_random_09,35000,104669_1993.txt_employees_count_total_83,-1.8024829626083374,5,-9.012414932250977,employees_count_total
patch_matched_layer_random_10,35000,104669_1993.txt_employees_count_total_83,-1.9623984098434448,5,-9.811991691589355,employees_count_total
patch_matched_layer_random_11,35000,104669_1993.txt_employees_count_total_83,-1.4656842947006226,5,-7.328421115875244,employees_count_total
patch_matched_layer_random_12,35000,104669_1993.txt_employees_count_total_83,-1.910476565361023,5,-9.552382469177246,employees_count_total
patch_matched_layer_random_13,35000,104669_1993.txt_employees_count_total_83,-1.3408621549606323,5,-6.704310894012451,employees_count_total
patch_matched_layer_random_14,35000,104669_1993.txt_employees_count_total_83,-1.899064302444458,5,-9.495321273803711,employees_count_total
patch_matched_layer_random_15,35000,104669_1993.txt_employees_count_total_83,-2.6481094360351562,5,-13.240547180175781,employees_count_total
patch_matched_layer_random_16,35000,104669_1993.txt_employees_count_total_83,-1.315618872642517,5,-6.578094482421875,employees_count_total
patch_matched_layer_random_17,35000,104669_1993.txt_employees_count_total_83,-1.8520902395248413,5,-9.260451316833496,employees_count_total
patch_matched_layer_random_18,35000,104669_1993.txt_employees_count_total_83,-1.3941402435302734,5,-6.970701217651367,employees_count_total
patch_matched_layer_random_19,35000,104669_1993.txt_employees_count_total_83,-1.1123615503311157,5,-5.561807632446289,employees_count_total
clean,2260,55387_1993.txt_employees_count_total_10,-0.2842198610305786,4,-1.1368794441223145,employees_count_total
qr_ablate,2260,55387_1993.txt_employees_count_total_10,-1.6467586755752563,4,-6.587034702301025,employees_count_total
patch_qr,2260,55387_1993.txt_employees_count_total_10,-0.04217170178890228,4,-0.16868680715560913,employees_count_total
patch_bottom,2260,55387_1993.txt_employees_count_total_10,-2.2042407989501953,4,-8.816963195800781,employees_count_total
patch_same_layer,2260,55387_1993.txt_employees_count_total_10,-1.5701334476470947,4,-6.280533790588379,employees_count_total
patch_random_00,2260,55387_1993.txt_employees_count_total_10,-1.6838133335113525,4,-6.73525333404541,employees_count_total
patch_random_01,2260,55387_1993.txt_employees_count_total_10,-1.3888777494430542,4,-5.555510997772217,employees_count_total
patch_random_02,2260,55387_1993.txt_employees_count_total_10,-0.7005597949028015,4,-2.802239179611206,employees_count_total
patch_random_03,2260,55387_1993.txt_employees_count_total_10,-1.3686221837997437,4,-5.474488735198975,employees_count_total
patch_random_04,2260,55387_1993.txt_employees_count_total_10,-1.527637243270874,4,-6.110548973083496,employees_count_total
patch_random_05,2260,55387_1993.txt_employees_count_total_10,-1.655073881149292,4,-6.620295524597168,employees_count_total
patch_random_06,2260,55387_1993.txt_employees_count_total_10,-1.3503973484039307,4,-5.401589393615723,employees_count_total
patch_random_07,2260,55387_1993.txt_employees_count_total_10,-1.553270936012268,4,-6.213083744049072,employees_count_total
patch_random_08,2260,55387_1993.txt_employees_count_total_10,-1.2594013214111328,4,-5.037605285644531,employees_count_total
patch_random_09,2260,55387_1993.txt_employees_count_total_10,-1.6046843528747559,4,-6.418737411499023,employees_count_total
patch_random_10,2260,55387_1993.txt_employees_count_total_10,-1.5336449146270752,4,-6.134579658508301,employees_count_total
patch_random_11,2260,55387_1993.txt_employees_count_total_10,-1.4908756017684937,4,-5.963502407073975,employees_count_total
patch_random_12,2260,55387_1993.txt_employees_count_total_10,-1.6691170930862427,4,-6.676468372344971,employees_count_total
patch_random_13,2260,55387_1993.txt_employees_count_total_10,-2.2008585929870605,4,-8.803434371948242,employees_count_total
patch_random_14,2260,55387_1993.txt_employees_count_total_10,-1.7976360321044922,4,-7.190544128417969,employees_count_total
patch_random_15,2260,55387_1993.txt_employees_count_total_10,-2.2780978679656982,4,-9.112391471862793,employees_count_total
patch_random_16,2260,55387_1993.txt_employees_count_total_10,-1.9303581714630127,4,-7.721432685852051,employees_count_total
patch_random_17,2260,55387_1993.txt_employees_count_total_10,-1.7963248491287231,4,-7.185299396514893,employees_count_total
patch_random_18,2260,55387_1993.txt_employees_count_total_10,-1.6253390312194824,4,-6.50135612487793,employees_count_total
patch_random_19,2260,55387_1993.txt_employees_count_total_10,-1.431018590927124,4,-5.724074363708496,employees_count_total
patch_matched_layer_random_00,2260,55387_1993.txt_employees_count_total_10,-1.8115410804748535,4,-7.246164321899414,employees_count_total
patch_matched_layer_random_01,2260,55387_1993.txt_employees_count_total_10,-2.4047741889953613,4,-9.619096755981445,employees_count_total
patch_matched_layer_random_02,2260,55387_1993.txt_employees_count_total_10,-1.459682583808899,4,-5.838730335235596,employees_count_total
patch_matched_layer_random_03,2260,55387_1993.txt_employees_count_total_10,-1.4100093841552734,4,-5.640037536621094,employees_count_total
patch_matched_layer_random_04,2260,55387_1993.txt_employees_count_total_10,-1.777121901512146,4,-7.108487606048584,employees_count_total
patch_matched_layer_random_05,2260,55387_1993.txt_employees_count_total_10,-1.4413790702819824,4,-5.76551628112793,employees_count_total
patch_matched_layer_random_06,2260,55387_1993.txt_employees_count_total_10,-2.0160412788391113,4,-8.064165115356445,employees_count_total
patch_matched_layer_random_07,2260,55387_1993.txt_employees_count_total_10,-1.8511395454406738,4,-7.404558181762695,employees_count_total
patch_matched_layer_random_08,2260,55387_1993.txt_employees_count_total_10,-2.030329465866089,4,-8.121317863464355,employees_count_total
patch_matched_layer_random_09,2260,55387_1993.txt_employees_count_total_10,-1.6675264835357666,4,-6.670105934143066,employees_count_total
patch_matched_layer_random_10,2260,55387_1993.txt_employees_count_total_10,-1.770723819732666,4,-7.082895278930664,employees_count_total
patch_matched_layer_random_11,2260,55387_1993.txt_employees_count_total_10,-1.6653716564178467,4,-6.661486625671387,employees_count_total
patch_matched_layer_random_12,2260,55387_1993.txt_employees_count_total_10,-1.976257562637329,4,-7.905030250549316,employees_count_total
patch_matched_layer_random_13,2260,55387_1993.txt_employees_count_total_10,-1.399255394935608,4,-5.597021579742432,employees_count_total
patch_matched_layer_random_14,2260,55387_1993.txt_employees_count_total_10,-1.7510349750518799,4,-7.0041399002075195,employees_count_total
patch_matched_layer_random_15,2260,55387_1993.txt_employees_count_total_10,-1.9633090496063232,4,-7.853236198425293,employees_count_total
patch_matched_layer_random_16,2260,55387_1993.txt_employees_count_total_10,-1.352746844291687,4,-5.410987377166748,employees_count_total
patch_matched_layer_random_17,2260,55387_1993.txt_employees_count_total_10,-1.7780873775482178,4,-7.112349510192871,employees_count_total
patch_matched_layer_random_18,2260,55387_1993.txt_employees_count_total_10,-1.323722004890442,4,-5.294888019561768,employees_count_total
patch_matched_layer_random_19,2260,55387_1993.txt_employees_count_total_10,-1.0049149990081787,4,-4.019659996032715,employees_count_total
clean,5300,34501_1993.txt_employees_count_total_219,-0.7039645314216614,4,-2.8158581256866455,employees_count_total
qr_ablate,5300,34501_1993.txt_employees_count_total_219,-2.3638699054718018,4,-9.455479621887207,employees_count_total
patch_qr,5300,34501_1993.txt_employees_count_total_219,-0.13358166813850403,4,-0.5343266725540161,employees_count_total
patch_bottom,5300,34501_1993.txt_employees_count_total_219,-2.8600783348083496,4,-11.440313339233398,employees_count_total
patch_same_layer,5300,34501_1993.txt_employees_count_total_219,-3.0341596603393555,4,-12.136638641357422,employees_count_total
patch_random_00,5300,34501_1993.txt_employees_count_total_219,-2.9550442695617676,4,-11.82017707824707,employees_count_total
patch_random_01,5300,34501_1993.txt_employees_count_total_219,-1.6719802618026733,4,-6.687921047210693,employees_count_total
patch_random_02,5300,34501_1993.txt_employees_count_total_219,-1.6548038721084595,4,-6.619215488433838,employees_count_total
patch_random_03,5300,34501_1993.txt_employees_count_total_219,-2.1374640464782715,4,-8.549856185913086,employees_count_total
patch_random_04,5300,34501_1993.txt_employees_count_total_219,-1.9812978506088257,4,-7.925191402435303,employees_count_total
patch_random_05,5300,34501_1993.txt_employees_count_total_219,-2.087533950805664,4,-8.350135803222656,employees_count_total
patch_random_06,5300,34501_1993.txt_employees_count_total_219,-2.0535011291503906,4,-8.214004516601562,employees_count_total
patch_random_07,5300,34501_1993.txt_employees_count_total_219,-2.007891893386841,4,-8.031567573547363,employees_count_total
patch_random_08,5300,34501_1993.txt_employees_count_total_219,-1.9186439514160156,4,-7.6745758056640625,employees_count_total
patch_random_09,5300,34501_1993.txt_employees_count_total_219,-2.3666582107543945,4,-9.466632843017578,employees_count_total
patch_random_10,5300,34501_1993.txt_employees_count_total_219,-2.3308370113372803,4,-9.323348045349121,employees_count_total
patch_random_11,5300,34501_1993.txt_employees_count_total_219,-2.445469379425049,4,-9.781877517700195,employees_count_total
patch_random_12,5300,34501_1993.txt_employees_count_total_219,-2.479429244995117,4,-9.917716979980469,employees_count_total
patch_random_13,5300,34501_1993.txt_employees_count_total_219,-3.3639755249023438,4,-13.455902099609375,employees_count_total
patch_random_14,5300,34501_1993.txt_employees_count_total_219,-2.317636489868164,4,-9.270545959472656,employees_count_total
patch_random_15,5300,34501_1993.txt_employees_count_total_219,-3.0096683502197266,4,-12.038673400878906,employees_count_total
patch_random_16,5300,34501_1993.txt_employees_count_total_219,-2.7451133728027344,4,-10.980453491210938,employees_count_total
patch_random_17,5300,34501_1993.txt_employees_count_total_219,-1.8780694007873535,4,-7.512277603149414,employees_count_total
patch_random_18,5300,34501_1993.txt_employees_count_total_219,-1.512694001197815,4,-6.05077600479126,employees_count_total
patch_random_19,5300,34501_1993.txt_employees_count_total_219,-1.6796727180480957,4,-6.718690872192383,employees_count_total
patch_matched_layer_random_00,5300,34501_1993.txt_employees_count_total_219,-2.518253803253174,4,-10.073015213012695,employees_count_total
patch_matched_layer_random_01,5300,34501_1993.txt_employees_count_total_219,-4.274686336517334,4,-17.098745346069336,employees_count_total
patch_matched_layer_random_02,5300,34501_1993.txt_employees_count_total_219,-1.8798952102661133,4,-7.519580841064453,employees_count_total
patch_matched_layer_random_03,5300,34501_1993.txt_employees_count_total_219,-1.8159383535385132,4,-7.263753414154053,employees_count_total
patch_matched_layer_random_04,5300,34501_1993.txt_employees_count_total_219,-2.182795763015747,4,-8.731183052062988,employees_count_total
patch_matched_layer_random_05,5300,34501_1993.txt_employees_count_total_219,-1.1065471172332764,4,-4.4261884689331055,employees_count_total
patch_matched_layer_random_06,5300,34501_1993.txt_employees_count_total_219,-2.8529608249664307,4,-11.411843299865723,employees_count_total
patch_matched_layer_random_07,5300,34501_1993.txt_employees_count_total_219,-2.121065855026245,4,-8.48426342010498,employees_count_total
patch_matched_layer_random_08,5300,34501_1993.txt_employees_count_total_219,-3.8554911613464355,4,-15.421964645385742,employees_count_total
patch_matched_layer_random_09,5300,34501_1993.txt_employees_count_total_219,-1.8313899040222168,4,-7.325559616088867,employees_count_total
patch_matched_layer_random_10,5300,34501_1993.txt_employees_count_total_219,-2.3470535278320312,4,-9.388214111328125,employees_count_total
patch_matched_layer_random_11,5300,34501_1993.txt_employees_count_total_219,-2.15586519241333,4,-8.62346076965332,employees_count_total
patch_matched_layer_random_12,5300,34501_1993.txt_employees_count_total_219,-2.139700174331665,4,-8.55880069732666,employees_count_total
patch_matched_layer_random_13,5300,34501_1993.txt_employees_count_total_219,-1.7579351663589478,4,-7.031740665435791,employees_count_total
patch_matched_layer_random_14,5300,34501_1993.txt_employees_count_total_219,-2.4637858867645264,4,-9.855143547058105,employees_count_total
patch_matched_layer_random_15,5300,34501_1993.txt_employees_count_total_219,-3.029801607131958,4,-12.119206428527832,employees_count_total
patch_matched_layer_random_16,5300,34501_1993.txt_employees_count_total_219,-1.7295907735824585,4,-6.918363094329834,employees_count_total
patch_matched_layer_random_17,5300,34501_1993.txt_employees_count_total_219,-2.7087526321411133,4,-10.835010528564453,employees_count_total
patch_matched_layer_random_18,5300,34501_1993.txt_employees_count_total_219,-1.3967286348342896,4,-5.586914539337158,employees_count_total
patch_matched_layer_random_19,5300,34501_1993.txt_employees_count_total_219,-0.8652896881103516,4,-3.4611587524414062,employees_count_total
clean,4151,745287_1993.txt_employees_count_total_38,-0.03082629293203354,4,-0.12330517172813416,employees_count_total
qr_ablate,4151,745287_1993.txt_employees_count_total_38,-2.408043384552002,4,-9.632173538208008,employees_count_total
patch_qr,4151,745287_1993.txt_employees_count_total_38,-0.16250699758529663,4,-0.6500279903411865,employees_count_total
patch_bottom,4151,745287_1993.txt_employees_count_total_38,-3.740603446960449,4,-14.962413787841797,employees_count_total
patch_same_layer,4151,745287_1993.txt_employees_count_total_38,-2.1939759254455566,4,-8.775903701782227,employees_count_total
patch_random_00,4151,745287_1993.txt_employees_count_total_38,-2.519716501235962,4,-10.078866004943848,employees_count_total
patch_random_01,4151,745287_1993.txt_employees_count_total_38,-1.7278029918670654,4,-6.911211967468262,employees_count_total
patch_random_02,4151,745287_1993.txt_employees_count_total_38,-1.6559829711914062,4,-6.623931884765625,employees_count_total
patch_random_03,4151,745287_1993.txt_employees_count_total_38,-2.3539986610412598,4,-9.415994644165039,employees_count_total
patch_random_04,4151,745287_1993.txt_employees_count_total_38,-1.9539214372634888,4,-7.815685749053955,employees_count_total
patch_random_05,4151,745287_1993.txt_employees_count_total_38,-1.5823724269866943,4,-6.329489707946777,employees_count_total
patch_random_06,4151,745287_1993.txt_employees_count_total_38,-2.177863597869873,4,-8.711454391479492,employees_count_total
patch_random_07,4151,745287_1993.txt_employees_count_total_38,-1.9324400424957275,4,-7.72976016998291,employees_count_total
patch_random_08,4151,745287_1993.txt_employees_count_total_38,-1.9674923419952393,4,-7.869969367980957,employees_count_total
patch_random_09,4151,745287_1993.txt_employees_count_total_38,-2.468472957611084,4,-9.873891830444336,employees_count_total
patch_random_10,4151,745287_1993.txt_employees_count_total_38,-2.5749740600585938,4,-10.299896240234375,employees_count_total
patch_random_11,4151,745287_1993.txt_employees_count_total_38,-2.1513826847076416,4,-8.605530738830566,employees_count_total
patch_random_12,4151,745287_1993.txt_employees_count_total_38,-2.0328292846679688,4,-8.131317138671875,employees_count_total
patch_random_13,4151,745287_1993.txt_employees_count_total_38,-3.720339059829712,4,-14.881356239318848,employees_count_total
patch_random_14,4151,745287_1993.txt_employees_count_total_38,-2.31990122795105,4,-9.2796049118042,employees_count_total
patch_random_15,4151,745287_1993.txt_employees_count_total_38,-3.4334659576416016,4,-13.733863830566406,employees_count_total
patch_random_16,4151,745287_1993.txt_employees_count_total_38,-2.526897430419922,4,-10.107589721679688,employees_count_total
patch_random_17,4151,745287_1993.txt_employees_count_total_38,-1.7338461875915527,4,-6.935384750366211,employees_count_total
patch_random_18,4151,745287_1993.txt_employees_count_total_38,-1.584507703781128,4,-6.338030815124512,employees_count_total
patch_random_19,4151,745287_1993.txt_employees_count_total_38,-2.274604082107544,4,-9.098416328430176,employees_count_total
patch_matched_layer_random_00,4151,745287_1993.txt_employees_count_total_38,-1.675060510635376,4,-6.700242042541504,employees_count_total
patch_matched_layer_random_01,4151,745287_1993.txt_employees_count_total_38,-2.9751291275024414,4,-11.900516510009766,employees_count_total
patch_matched_layer_random_02,4151,745287_1993.txt_employees_count_total_38,-1.361175537109375,4,-5.4447021484375,employees_count_total
patch_matched_layer_random_03,4151,745287_1993.txt_employees_count_total_38,-1.595406413078308,4,-6.381625652313232,employees_count_total
patch_matched_layer_random_04,4151,745287_1993.txt_employees_count_total_38,-1.648974895477295,4,-6.59589958190918,employees_count_total
patch_matched_layer_random_05,4151,745287_1993.txt_employees_count_total_38,-0.6066089272499084,4,-2.426435708999634,employees_count_total
patch_matched_layer_random_06,4151,745287_1993.txt_employees_count_total_38,-2.859905242919922,4,-11.439620971679688,employees_count_total
patch_matched_layer_random_07,4151,745287_1993.txt_employees_count_total_38,-1.7998619079589844,4,-7.1994476318359375,employees_count_total
patch_matched_layer_random_08,4151,745287_1993.txt_employees_count_total_38,-2.954019069671631,4,-11.816076278686523,employees_count_total
patch_matched_layer_random_09,4151,745287_1993.txt_employees_count_total_38,-2.115063190460205,4,-8.46025276184082,employees_count_total
patch_matched_layer_random_10,4151,745287_1993.txt_employees_count_total_38,-2.350327491760254,4,-9.401309967041016,employees_count_total
patch_matched_layer_random_11,4151,745287_1993.txt_employees_count_total_38,-2.207970142364502,4,-8.831880569458008,employees_count_total
patch_matched_layer_random_12,4151,745287_1993.txt_employees_count_total_38,-2.068998336791992,4,-8.275993347167969,employees_count_total
patch_matched_layer_random_13,4151,745287_1993.txt_employees_count_total_38,-1.5548309087753296,4,-6.219323635101318,employees_count_total
patch_matched_layer_random_14,4151,745287_1993.txt_employees_count_total_38,-1.8463053703308105,4,-7.385221481323242,employees_count_total
patch_matched_layer_random_15,4151,745287_1993.txt_employees_count_total_38,-1.8332370519638062,4,-7.332948207855225,employees_count_total
patch_matched_layer_random_16,4151,745287_1993.txt_employees_count_total_38,-1.9931797981262207,4,-7.972719192504883,employees_count_total
patch_matched_layer_random_17,4151,745287_1993.txt_employees_count_total_38,-1.8803073167800903,4,-7.521229267120361,employees_count_total
patch_matched_layer_random_18,4151,745287_1993.txt_employees_count_total_38,-1.512221336364746,4,-6.048885345458984,employees_count_total
patch_matched_layer_random_19,4151,745287_1993.txt_employees_count_total_38,-0.6743348836898804,4,-2.6973395347595215,employees_count_total
clean,3712,103392_1993.txt_employees_count_total_176,-0.0027599576860666275,4,-0.01103983074426651,employees_count_total
qr_ablate,3712,103392_1993.txt_employees_count_total_176,-2.4728875160217285,4,-9.891550064086914,employees_count_total
patch_qr,3712,103392_1993.txt_employees_count_total_176,-0.14169543981552124,4,-0.566781759262085,employees_count_total
patch_bottom,3712,103392_1993.txt_employees_count_total_176,-2.69073224067688,4,-10.76292896270752,employees_count_total
patch_same_layer,3712,103392_1993.txt_employees_count_total_176,-3.9051201343536377,4,-15.62048053741455,employees_count_total
patch_random_00,3712,103392_1993.txt_employees_count_total_176,-2.7592878341674805,4,-11.037151336669922,employees_count_total
patch_random_01,3712,103392_1993.txt_employees_count_total_176,-2.2270314693450928,4,-8.908125877380371,employees_count_total
patch_random_02,3712,103392_1993.txt_employees_count_total_176,-1.8897908926010132,4,-7.559163570404053,employees_count_total
patch_random_03,3712,103392_1993.txt_employees_count_total_176,-1.1949636936187744,4,-4.779854774475098,employees_count_total
patch_random_04,3712,103392_1993.txt_employees_count_total_176,-1.8961771726608276,4,-7.5847086906433105,employees_count_total
patch_random_05,3712,103392_1993.txt_employees_count_total_176,-2.2608253955841064,4,-9.043301582336426,employees_count_total
patch_random_06,3712,103392_1993.txt_employees_count_total_176,-1.8983867168426514,4,-7.5935468673706055,employees_count_total
patch_random_07,3712,103392_1993.txt_employees_count_total_176,-1.7456825971603394,4,-6.982730388641357,employees_count_total
patch_random_08,3712,103392_1993.txt_employees_count_total_176,-1.6412973403930664,4,-6.565189361572266,employees_count_total
patch_random_09,3712,103392_1993.txt_employees_count_total_176,-2.525303363800049,4,-10.101213455200195,employees_count_total
patch_random_10,3712,103392_1993.txt_employees_count_total_176,-2.340015411376953,4,-9.360061645507812,employees_count_total
patch_random_11,3712,103392_1993.txt_employees_count_total_176,-2.4360857009887695,4,-9.744342803955078,employees_count_total
patch_random_12,3712,103392_1993.txt_employees_count_total_176,-1.7109763622283936,4,-6.843905448913574,employees_count_total
patch_random_13,3712,103392_1993.txt_employees_count_total_176,-3.8056564331054688,4,-15.222625732421875,employees_count_total
patch_random_14,3712,103392_1993.txt_employees_count_total_176,-2.3052568435668945,4,-9.221027374267578,employees_count_total
patch_random_15,3712,103392_1993.txt_employees_count_total_176,-2.961839437484741,4,-11.847357749938965,employees_count_total
patch_random_16,3712,103392_1993.txt_employees_count_total_176,-2.402390956878662,4,-9.609563827514648,employees_count_total
patch_random_17,3712,103392_1993.txt_employees_count_total_176,-1.82933509349823,4,-7.31734037399292,employees_count_total
patch_random_18,3712,103392_1993.txt_employees_count_total_176,-1.31946861743927,4,-5.27787446975708,employees_count_total
patch_random_19,3712,103392_1993.txt_employees_count_total_176,-1.1412289142608643,4,-4.564915657043457,employees_count_total
patch_matched_layer_random_00,3712,103392_1993.txt_employees_count_total_176,-1.073363184928894,4,-4.293452739715576,employees_count_total
patch_matched_layer_random_01,3712,103392_1993.txt_employees_count_total_176,-2.6951310634613037,4,-10.780524253845215,employees_count_total
patch_matched_layer_random_02,3712,103392_1993.txt_employees_count_total_176,-1.683559775352478,4,-6.734239101409912,employees_count_total
patch_matched_layer_random_03,3712,103392_1993.txt_employees_count_total_176,-1.5468804836273193,4,-6.187521934509277,employees_count_total
patch_matched_layer_random_04,3712,103392_1993.txt_employees_count_total_176,-1.2113741636276245,4,-4.845496654510498,employees_count_total
patch_matched_layer_random_05,3712,103392_1993.txt_employees_count_total_176,-1.0006624460220337,4,-4.002649784088135,employees_count_total
patch_matched_layer_random_06,3712,103392_1993.txt_employees_count_total_176,-3.4384713172912598,4,-13.753885269165039,employees_count_total
patch_matched_layer_random_07,3712,103392_1993.txt_employees_count_total_176,-2.5024430751800537,4,-10.009772300720215,employees_count_total
patch_matched_layer_random_08,3712,103392_1993.txt_employees_count_total_176,-3.1625280380249023,4,-12.65011215209961,employees_count_total
patch_matched_layer_random_09,3712,103392_1993.txt_employees_count_total_176,-2.527909278869629,4,-10.111637115478516,employees_count_total
patch_matched_layer_random_10,3712,103392_1993.txt_employees_count_total_176,-2.0339856147766113,4,-8.135942459106445,employees_count_total
patch_matched_layer_random_11,3712,103392_1993.txt_employees_count_total_176,-1.990202784538269,4,-7.960811138153076,employees_count_total
patch_matched_layer_random_12,3712,103392_1993.txt_employees_count_total_176,-2.1485564708709717,4,-8.594225883483887,employees_count_total
patch_matched_layer_random_13,3712,103392_1993.txt_employees_count_total_176,-1.8974376916885376,4,-7.58975076675415,employees_count_total
patch_matched_layer_random_14,3712,103392_1993.txt_employees_count_total_176,-2.4194016456604004,4,-9.677606582641602,employees_count_total
patch_matched_layer_random_15,3712,103392_1993.txt_employees_count_total_176,-1.9780137538909912,4,-7.912055015563965,employees_count_total
patch_matched_layer_random_16,3712,103392_1993.txt_employees_count_total_176,-1.3692529201507568,4,-5.477011680603027,employees_count_total
patch_matched_layer_random_17,3712,103392_1993.txt_employees_count_total_176,-1.9637813568115234,4,-7.855125427246094,employees_count_total
patch_matched_layer_random_18,3712,103392_1993.txt_employees_count_total_176,-1.5781670808792114,4,-6.312668323516846,employees_count_total
patch_matched_layer_random_19,3712,103392_1993.txt_employees_count_total_176,-0.84084552526474,4,-3.36338210105896,employees_count_total
clean,4200,277821_1993.txt_employees_count_total_156,-0.004829231649637222,4,-0.01931692659854889,employees_count_total
qr_ablate,4200,277821_1993.txt_employees_count_total_156,-1.640322208404541,4,-6.561288833618164,employees_count_total
patch_qr,4200,277821_1993.txt_employees_count_total_156,-0.03949738293886185,4,-0.1579895317554474,employees_count_total
patch_bottom,4200,277821_1993.txt_employees_count_total_156,-2.0908420085906982,4,-8.363368034362793,employees_count_total
patch_same_layer,4200,277821_1993.txt_employees_count_total_156,-1.5965057611465454,4,-6.386023044586182,employees_count_total
patch_random_00,4200,277821_1993.txt_employees_count_total_156,-2.3283448219299316,4,-9.313379287719727,employees_count_total
patch_random_01,4200,277821_1993.txt_employees_count_total_156,-1.2444252967834473,4,-4.977701187133789,employees_count_total
patch_random_02,4200,277821_1993.txt_employees_count_total_156,-1.0411078929901123,4,-4.164431571960449,employees_count_total
patch_random_03,4200,277821_1993.txt_employees_count_total_156,-1.1922101974487305,4,-4.768840789794922,employees_count_total
patch_random_04,4200,277821_1993.txt_employees_count_total_156,-1.2080907821655273,4,-4.832363128662109,employees_count_total
patch_random_05,4200,277821_1993.txt_employees_count_total_156,-1.6039035320281982,4,-6.415614128112793,employees_count_total
patch_random_06,4200,277821_1993.txt_employees_count_total_156,-1.1847411394119263,4,-4.738964557647705,employees_count_total
patch_random_07,4200,277821_1993.txt_employees_count_total_156,-1.3560795783996582,4,-5.424318313598633,employees_count_total
patch_random_08,4200,277821_1993.txt_employees_count_total_156,-1.1683281660079956,4,-4.673312664031982,employees_count_total
patch_random_09,4200,277821_1993.txt_employees_count_total_156,-1.6359987258911133,4,-6.543994903564453,employees_count_total
patch_random_10,4200,277821_1993.txt_employees_count_total_156,-1.6273930072784424,4,-6.5095720291137695,employees_count_total
patch_random_11,4200,277821_1993.txt_employees_count_total_156,-1.7188982963562012,4,-6.875593185424805,employees_count_total
patch_random_12,4200,277821_1993.txt_employees_count_total_156,-1.6362152099609375,4,-6.54486083984375,employees_count_total
patch_random_13,4200,277821_1993.txt_employees_count_total_156,-2.3363587856292725,4,-9.34543514251709,employees_count_total
patch_random_14,4200,277821_1993.txt_employees_count_total_156,-1.5912835597991943,4,-6.365134239196777,employees_count_total
patch_random_15,4200,277821_1993.txt_employees_count_total_156,-2.128953456878662,4,-8.515813827514648,employees_count_total
patch_random_16,4200,277821_1993.txt_employees_count_total_156,-1.6651818752288818,4,-6.660727500915527,employees_count_total
patch_random_17,4200,277821_1993.txt_employees_count_total_156,-1.1644251346588135,4,-4.657700538635254,employees_count_total
patch_random_18,4200,277821_1993.txt_employees_count_total_156,-1.2085905075073242,4,-4.834362030029297,employees_count_total
patch_random_19,4200,277821_1993.txt_employees_count_total_156,-1.2319202423095703,4,-4.927680969238281,employees_count_total
patch_matched_layer_random_00,4200,277821_1993.txt_employees_count_total_156,-1.7239181995391846,4,-6.895672798156738,employees_count_total
patch_matched_layer_random_01,4200,277821_1993.txt_employees_count_total_156,-3.1483116149902344,4,-12.593246459960938,employees_count_total
patch_matched_layer_random_02,4200,277821_1993.txt_employees_count_total_156,-1.3562698364257812,4,-5.425079345703125,employees_count_total
patch_matched_layer_random_03,4200,277821_1993.txt_employees_count_total_156,-1.3080527782440186,4,-5.232211112976074,employees_count_total
patch_matched_layer_random_04,4200,277821_1993.txt_employees_count_total_156,-1.4417425394058228,4,-5.766970157623291,employees_count_total
patch_matched_layer_random_05,4200,277821_1993.txt_employees_count_total_156,-0.9756218791007996,4,-3.9024875164031982,employees_count_total
patch_matched_layer_random_06,4200,277821_1993.txt_employees_count_total_156,-2.1560885906219482,4,-8.624354362487793,employees_count_total
patch_matched_layer_random_07,4200,277821_1993.txt_employees_count_total_156,-1.6073992252349854,4,-6.429596900939941,employees_count_total
patch_matched_layer_random_08,4200,277821_1993.txt_employees_count_total_156,-2.392568588256836,4,-9.570274353027344,employees_count_total
patch_matched_layer_random_09,4200,277821_1993.txt_employees_count_total_156,-2.1098005771636963,4,-8.439202308654785,employees_count_total
patch_matched_layer_random_10,4200,277821_1993.txt_employees_count_total_156,-1.5592374801635742,4,-6.236949920654297,employees_count_total
patch_matched_layer_random_11,4200,277821_1993.txt_employees_count_total_156,-1.6184699535369873,4,-6.473879814147949,employees_count_total
patch_matched_layer_random_12,4200,277821_1993.txt_employees_count_total_156,-1.4606330394744873,4,-5.842532157897949,employees_count_total
patch_matched_layer_random_13,4200,277821_1993.txt_employees_count_total_156,-1.3776764869689941,4,-5.510705947875977,employees_count_total
patch_matched_layer_random_14,4200,277821_1993.txt_employees_count_total_156,-1.736917495727539,4,-6.947669982910156,employees_count_total
patch_matched_layer_random_15,4200,277821_1993.txt_employees_count_total_156,-3.1683061122894287,4,-12.673224449157715,employees_count_total
patch_matched_layer_random_16,4200,277821_1993.txt_employees_count_total_156,-0.9574735164642334,4,-3.8298940658569336,employees_count_total
patch_matched_layer_random_17,4200,277821_1993.txt_employees_count_total_156,-1.9937868118286133,4,-7.975147247314453,employees_count_total
patch_matched_layer_random_18,4200,277821_1993.txt_employees_count_total_156,-1.179291009902954,4,-4.717164039611816,employees_count_total
patch_matched_layer_random_19,4200,277821_1993.txt_employees_count_total_156,-0.8124866485595703,4,-3.2499465942382812,employees_count_total
clean,4426,277509_1993.txt_employees_count_total_227,-1.5763684511184692,4,-6.305473804473877,employees_count_total
qr_ablate,4426,277509_1993.txt_employees_count_total_227,-4.290875434875488,4,-17.163501739501953,employees_count_total
patch_qr,4426,277509_1993.txt_employees_count_total_227,-0.5516983270645142,4,-2.2067933082580566,employees_count_total
patch_bottom,4426,277509_1993.txt_employees_count_total_227,-4.436238765716553,4,-17.74495506286621,employees_count_total
patch_same_layer,4426,277509_1993.txt_employees_count_total_227,-3.3632397651672363,4,-13.452959060668945,employees_count_total
patch_random_00,4426,277509_1993.txt_employees_count_total_227,-4.47948694229126,4,-17.91794776916504,employees_count_total
patch_random_01,4426,277509_1993.txt_employees_count_total_227,-3.404843330383301,4,-13.619373321533203,employees_count_total
patch_random_02,4426,277509_1993.txt_employees_count_total_227,-3.437243938446045,4,-13.74897575378418,employees_count_total
patch_random_03,4426,277509_1993.txt_employees_count_total_227,-3.3676321506500244,4,-13.470528602600098,employees_count_total
patch_random_04,4426,277509_1993.txt_employees_count_total_227,-3.741194486618042,4,-14.964777946472168,employees_count_total
patch_random_05,4426,277509_1993.txt_employees_count_total_227,-3.8198511600494385,4,-15.279404640197754,employees_count_total
patch_random_06,4426,277509_1993.txt_employees_count_total_227,-3.6488423347473145,4,-14.595369338989258,employees_count_total
patch_random_07,4426,277509_1993.txt_employees_count_total_227,-3.623159885406494,4,-14.492639541625977,employees_count_total
patch_random_08,4426,277509_1993.txt_employees_count_total_227,-4.616758823394775,4,-18.4670352935791,employees_count_total
patch_random_09,4426,277509_1993.txt_employees_count_total_227,-4.256207466125488,4,-17.024829864501953,employees_count_total
patch_random_10,4426,277509_1993.txt_employees_count_total_227,-4.218816757202148,4,-16.875267028808594,employees_count_total
patch_random_11,4426,277509_1993.txt_employees_count_total_227,-3.8803019523620605,4,-15.521207809448242,employees_count_total
patch_random_12,4426,277509_1993.txt_employees_count_total_227,-3.6060309410095215,4,-14.424123764038086,employees_count_total
patch_random_13,4426,277509_1993.txt_employees_count_total_227,-4.821941375732422,4,-19.287765502929688,employees_count_total
patch_random_14,4426,277509_1993.txt_employees_count_total_227,-3.947862148284912,4,-15.791448593139648,employees_count_total
patch_random_15,4426,277509_1993.txt_employees_count_total_227,-5.207434177398682,4,-20.829736709594727,employees_count_total
patch_random_16,4426,277509_1993.txt_employees_count_total_227,-4.044361114501953,4,-16.177444458007812,employees_count_total
patch_random_17,4426,277509_1993.txt_employees_count_total_227,-3.082512378692627,4,-12.330049514770508,employees_count_total
patch_random_18,4426,277509_1993.txt_employees_count_total_227,-3.315068006515503,4,-13.260272026062012,employees_count_total
patch_random_19,4426,277509_1993.txt_employees_count_total_227,-3.5430707931518555,4,-14.172283172607422,employees_count_total
patch_matched_layer_random_00,4426,277509_1993.txt_employees_count_total_227,-3.2493598461151123,4,-12.99743938446045,employees_count_total
patch_matched_layer_random_01,4426,277509_1993.txt_employees_count_total_227,-4.041295528411865,4,-16.16518211364746,employees_count_total
patch_matched_layer_random_02,4426,277509_1993.txt_employees_count_total_227,-2.0726144313812256,4,-8.290457725524902,employees_count_total
patch_matched_layer_random_03,4426,277509_1993.txt_employees_count_total_227,-3.252133846282959,4,-13.008535385131836,employees_count_total
patch_matched_layer_random_04,4426,277509_1993.txt_employees_count_total_227,-3.1431000232696533,4,-12.572400093078613,employees_count_total
patch_matched_layer_random_05,4426,277509_1993.txt_employees_count_total_227,-1.2536424398422241,4,-5.0145697593688965,employees_count_total
patch_matched_layer_random_06,4426,277509_1993.txt_employees_count_total_227,-4.389340877532959,4,-17.557363510131836,employees_count_total
patch_matched_layer_random_07,4426,277509_1993.txt_employees_count_total_227,-3.0254709720611572,4,-12.101883888244629,employees_count_total
patch_matched_layer_random_08,4426,277509_1993.txt_employees_count_total_227,-4.422455787658691,4,-17.689823150634766,employees_count_total
patch_matched_layer_random_09,4426,277509_1993.txt_employees_count_total_227,-3.855632781982422,4,-15.422531127929688,employees_count_total
patch_matched_layer_random_10,4426,277509_1993.txt_employees_count_total_227,-4.077859401702881,4,-16.311437606811523,employees_count_total
patch_matched_layer_random_11,4426,277509_1993.txt_employees_count_total_227,-3.6272311210632324,4,-14.50892448425293,employees_count_total
patch_matched_layer_random_12,4426,277509_1993.txt_employees_count_total_227,-4.318675518035889,4,-17.274702072143555,employees_count_total
patch_matched_layer_random_13,4426,277509_1993.txt_employees_count_total_227,-3.1282854080200195,4,-12.513141632080078,employees_count_total
patch_matched_layer_random_14,4426,277509_1993.txt_employees_count_total_227,-2.961942672729492,4,-11.847770690917969,employees_count_total
patch_matched_layer_random_15,4426,277509_1993.txt_employees_count_total_227,-3.538109064102173,4,-14.152436256408691,employees_count_total
patch_matched_layer_random_16,4426,277509_1993.txt_employees_count_total_227,-3.9568886756896973,4,-15.827554702758789,employees_count_total
patch_matched_layer_random_17,4426,277509_1993.txt_employees_count_total_227,-3.372640609741211,4,-13.490562438964844,employees_count_total
patch_matched_layer_random_18,4426,277509_1993.txt_employees_count_total_227,-2.98172926902771,4,-11.92691707611084,employees_count_total
patch_matched_layer_random_19,4426,277509_1993.txt_employees_count_total_227,-1.8719251155853271,4,-7.487700462341309,employees_count_total
clean,86168,66740_1993.txt_employees_count_total_197,-2.637500524520874,5,-13.187501907348633,employees_count_total
qr_ablate,86168,66740_1993.txt_employees_count_total_197,-2.7667794227600098,5,-13.83389663696289,employees_count_total
patch_qr,86168,66740_1993.txt_employees_count_total_197,-1.8162651062011719,5,-9.08132553100586,employees_count_total
patch_bottom,86168,66740_1993.txt_employees_count_total_197,-2.9514224529266357,5,-14.757112503051758,employees_count_total
patch_same_layer,86168,66740_1993.txt_employees_count_total_197,-1.8750908374786377,5,-9.37545394897461,employees_count_total
patch_random_00,86168,66740_1993.txt_employees_count_total_197,-2.7119271755218506,5,-13.559636116027832,employees_count_total
patch_random_01,86168,66740_1993.txt_employees_count_total_197,-2.810487747192383,5,-14.052438735961914,employees_count_total
patch_random_02,86168,66740_1993.txt_employees_count_total_197,-2.3007619380950928,5,-11.503808975219727,employees_count_total
patch_random_03,86168,66740_1993.txt_employees_count_total_197,-2.36306095123291,5,-11.81530475616455,employees_count_total
patch_random_04,86168,66740_1993.txt_employees_count_total_197,-2.5323734283447266,5,-12.661867141723633,employees_count_total
patch_random_05,86168,66740_1993.txt_employees_count_total_197,-2.264713764190674,5,-11.323568344116211,employees_count_total
patch_random_06,86168,66740_1993.txt_employees_count_total_197,-2.669398784637451,5,-13.346993446350098,employees_count_total
patch_random_07,86168,66740_1993.txt_employees_count_total_197,-2.746951103210449,5,-13.734755516052246,employees_count_total
patch_random_08,86168,66740_1993.txt_employees_count_total_197,-2.2815680503845215,5,-11.40783977508545,employees_count_total
patch_random_09,86168,66740_1993.txt_employees_count_total_197,-2.651867389678955,5,-13.259336471557617,employees_count_total
patch_random_10,86168,66740_1993.txt_employees_count_total_197,-2.7476460933685303,5,-13.73823070526123,employees_count_total
patch_random_11,86168,66740_1993.txt_employees_count_total_197,-2.4955549240112305,5,-12.477774620056152,employees_count_total
patch_random_12,86168,66740_1993.txt_employees_count_total_197,-2.6378085613250732,5,-13.189042091369629,employees_count_total
patch_random_13,86168,66740_1993.txt_employees_count_total_197,-2.7082467079162598,5,-13.54123306274414,employees_count_total
patch_random_14,86168,66740_1993.txt_employees_count_total_197,-2.548206090927124,5,-12.7410306930542,employees_count_total
patch_random_15,86168,66740_1993.txt_employees_count_total_197,-2.9416098594665527,5,-14.708048820495605,employees_count_total
patch_random_16,86168,66740_1993.txt_employees_count_total_197,-2.8773810863494873,5,-14.386905670166016,employees_count_total
patch_random_17,86168,66740_1993.txt_employees_count_total_197,-2.4816081523895264,5,-12.408041000366211,employees_count_total
patch_random_18,86168,66740_1993.txt_employees_count_total_197,-2.207688331604004,5,-11.03844165802002,employees_count_total
patch_random_19,86168,66740_1993.txt_employees_count_total_197,-1.9089100360870361,5,-9.544549942016602,employees_count_total
patch_matched_layer_random_00,86168,66740_1993.txt_employees_count_total_197,-2.786524772644043,5,-13.932623863220215,employees_count_total
patch_matched_layer_random_01,86168,66740_1993.txt_employees_count_total_197,-2.3777363300323486,5,-11.888681411743164,employees_count_total
patch_matched_layer_random_02,86168,66740_1993.txt_employees_count_total_197,-2.5873708724975586,5,-12.936854362487793,employees_count_total
patch_matched_layer_random_03,86168,66740_1993.txt_employees_count_total_197,-2.4731194972991943,5,-12.365596771240234,employees_count_total
patch_matched_layer_random_04,86168,66740_1993.txt_employees_count_total_197,-2.4130499362945557,5,-12.0652494430542,employees_count_total
patch_matched_layer_random_05,86168,66740_1993.txt_employees_count_total_197,-1.2399802207946777,5,-6.199901103973389,employees_count_total
patch_matched_layer_random_06,86168,66740_1993.txt_employees_count_total_197,-2.3037517070770264,5,-11.518757820129395,employees_count_total
patch_matched_layer_random_07,86168,66740_1993.txt_employees_count_total_197,-2.664322853088379,5,-13.321614265441895,employees_count_total
patch_matched_layer_random_08,86168,66740_1993.txt_employees_count_total_197,-2.0703296661376953,5,-10.351648330688477,employees_count_total
patch_matched_layer_random_09,86168,66740_1993.txt_employees_count_total_197,-2.6613945960998535,5,-13.30697250366211,employees_count_total
patch_matched_layer_random_10,86168,66740_1993.txt_employees_count_total_197,-2.694350004196167,5,-13.471749305725098,employees_count_total
patch_matched_layer_random_11,86168,66740_1993.txt_employees_count_total_197,-2.548577070236206,5,-12.742884635925293,employees_count_total
patch_matched_layer_random_12,86168,66740_1993.txt_employees_count_total_197,-2.6408419609069824,5,-13.204209327697754,employees_count_total
patch_matched_layer_random_13,86168,66740_1993.txt_employees_count_total_197,-2.1311213970184326,5,-10.655607223510742,employees_count_total
patch_matched_layer_random_14,86168,66740_1993.txt_employees_count_total_197,-2.304328680038452,5,-11.52164363861084,employees_count_total
patch_matched_layer_random_15,86168,66740_1993.txt_employees_count_total_197,-2.283386707305908,5,-11.416933059692383,employees_count_total
patch_matched_layer_random_16,86168,66740_1993.txt_employees_count_total_197,-1.9383738040924072,5,-9.691868782043457,employees_count_total
patch_matched_layer_random_17,86168,66740_1993.txt_employees_count_total_197,-2.2776575088500977,5,-11.388287544250488,employees_count_total
patch_matched_layer_random_18,86168,66740_1993.txt_employees_count_total_197,-1.7971090078353882,5,-8.98554515838623,employees_count_total
patch_matched_layer_random_19,86168,66740_1993.txt_employees_count_total_197,-1.153693675994873,5,-5.768468379974365,employees_count_total
clean,35000,716006_1993.txt_employees_count_total_118,-0.2062024623155594,5,-1.0310122966766357,employees_count_total
qr_ablate,35000,716006_1993.txt_employees_count_total_118,-0.9487223029136658,5,-4.7436113357543945,employees_count_total
patch_qr,35000,716006_1993.txt_employees_count_total_118,-0.05293990299105644,5,-0.2646995186805725,employees_count_total
patch_bottom,35000,716006_1993.txt_employees_count_total_118,-1.456213116645813,5,-7.281065464019775,employees_count_total
patch_same_layer,35000,716006_1993.txt_employees_count_total_118,-1.598211646080017,5,-7.991057872772217,employees_count_total
patch_random_00,35000,716006_1993.txt_employees_count_total_118,-1.0462632179260254,5,-5.231316089630127,employees_count_total
patch_random_01,35000,716006_1993.txt_employees_count_total_118,-0.7306873202323914,5,-3.6534364223480225,employees_count_total
patch_random_02,35000,716006_1993.txt_employees_count_total_118,-0.6220180988311768,5,-3.110090494155884,employees_count_total
patch_random_03,35000,716006_1993.txt_employees_count_total_118,-0.5562028288841248,5,-2.7810139656066895,employees_count_total
patch_random_04,35000,716006_1993.txt_employees_count_total_118,-0.8391398787498474,5,-4.195699214935303,employees_count_total
patch_random_05,35000,716006_1993.txt_employees_count_total_118,-0.7288968563079834,5,-3.644484281539917,employees_count_total
patch_random_06,35000,716006_1993.txt_employees_count_total_118,-0.7345067858695984,5,-3.6725339889526367,employees_count_total
patch_random_07,35000,716006_1993.txt_employees_count_total_118,-0.7689575552940369,5,-3.84478759765625,employees_count_total
patch_random_08,35000,716006_1993.txt_employees_count_total_118,-0.7091309428215027,5,-3.545654535293579,employees_count_total
patch_random_09,35000,716006_1993.txt_employees_count_total_118,-0.9277521967887878,5,-4.638761043548584,employees_count_total
patch_random_10,35000,716006_1993.txt_employees_count_total_118,-0.9956161379814148,5,-4.978080749511719,employees_count_total
patch_random_11,35000,716006_1993.txt_employees_count_total_118,-0.9020875096321106,5,-4.510437488555908,employees_count_total
patch_random_12,35000,716006_1993.txt_employees_count_total_118,-0.8948427438735962,5,-4.474213600158691,employees_count_total
patch_random_13,35000,716006_1993.txt_employees_count_total_118,-1.6638723611831665,5,-8.319361686706543,employees_count_total
patch_random_14,35000,716006_1993.txt_employees_count_total_118,-0.8262130618095398,5,-4.131065368652344,employees_count_total
patch_random_15,35000,716006_1993.txt_employees_count_total_118,-1.1764847040176392,5,-5.882423400878906,employees_count_total
patch_random_16,35000,716006_1993.txt_employees_count_total_118,-1.0213623046875,5,-5.1068115234375,employees_count_total
patch_random_17,35000,716006_1993.txt_employees_count_total_118,-0.7443838119506836,5,-3.721919059753418,employees_count_total
patch_random_18,35000,716006_1993.txt_employees_count_total_118,-0.7763010859489441,5,-3.881505250930786,employees_count_total
patch_random_19,35000,716006_1993.txt_employees_count_total_118,-0.6761081218719482,5,-3.380540609359741,employees_count_total
patch_matched_layer_random_00,35000,716006_1993.txt_employees_count_total_118,-0.867841362953186,5,-4.339206695556641,employees_count_total
patch_matched_layer_random_01,35000,716006_1993.txt_employees_count_total_118,-2.041628122329712,5,-10.20814037322998,employees_count_total
patch_matched_layer_random_02,35000,716006_1993.txt_employees_count_total_118,-0.9772607684135437,5,-4.886303901672363,employees_count_total
patch_matched_layer_random_03,35000,716006_1993.txt_employees_count_total_118,-0.7534217238426208,5,-3.76710844039917,employees_count_total
patch_matched_layer_random_04,35000,716006_1993.txt_employees_count_total_118,-0.8498902320861816,5,-4.249451160430908,employees_count_total
patch_matched_layer_random_05,35000,716006_1993.txt_employees_count_total_118,-0.26265621185302734,5,-1.3132810592651367,employees_count_total
patch_matched_layer_random_06,35000,716006_1993.txt_employees_count_total_118,-1.3072800636291504,5,-6.536400318145752,employees_count_total
patch_matched_layer_random_07,35000,716006_1993.txt_employees_count_total_118,-0.9074708223342896,5,-4.537353992462158,employees_count_total
patch_matched_layer_random_08,35000,716006_1993.txt_employees_count_total_118,-1.5388269424438477,5,-7.694134712219238,employees_count_total
patch_matched_layer_random_09,35000,716006_1993.txt_employees_count_total_118,-0.9504603743553162,5,-4.7523016929626465,employees_count_total
patch_matched_layer_random_10,35000,716006_1993.txt_employees_count_total_118,-1.0550709962844849,5,-5.275354862213135,employees_count_total
patch_matched_layer_random_11,35000,716006_1993.txt_employees_count_total_118,-0.7538512349128723,5,-3.769256114959717,employees_count_total
patch_matched_layer_random_12,35000,716006_1993.txt_employees_count_total_118,-0.9560575485229492,5,-4.780287742614746,employees_count_total
patch_matched_layer_random_13,35000,716006_1993.txt_employees_count_total_118,-0.9792733192443848,5,-4.896366596221924,employees_count_total
patch_matched_layer_random_14,35000,716006_1993.txt_employees_count_total_118,-0.930121123790741,5,-4.65060567855835,employees_count_total
patch_matched_layer_random_15,35000,716006_1993.txt_employees_count_total_118,-1.7756460905075073,5,-8.878230094909668,employees_count_total
patch_matched_layer_random_16,35000,716006_1993.txt_employees_count_total_118,-0.9792065024375916,5,-4.896032333374023,employees_count_total
patch_matched_layer_random_17,35000,716006_1993.txt_employees_count_total_118,-1.2410434484481812,5,-6.205216884613037,employees_count_total
patch_matched_layer_random_18,35000,716006_1993.txt_employees_count_total_118,-0.6787661910057068,5,-3.3938310146331787,employees_count_total
patch_matched_layer_random_19,35000,716006_1993.txt_employees_count_total_118,-0.318940132856369,5,-1.594700574874878,employees_count_total
clean,14400,29989_1993.txt_employees_count_total_56,-0.211016446352005,5,-1.0550822019577026,employees_count_total
qr_ablate,14400,29989_1993.txt_employees_count_total_56,-0.8393980860710144,5,-4.196990489959717,employees_count_total
patch_qr,14400,29989_1993.txt_employees_count_total_56,-0.03347456082701683,5,-0.16737280786037445,employees_count_total
patch_bottom,14400,29989_1993.txt_employees_count_total_56,-1.1274815797805786,5,-5.6374077796936035,employees_count_total
patch_same_layer,14400,29989_1993.txt_employees_count_total_56,-0.9704129099845886,5,-4.852064609527588,employees_count_total
patch_random_00,14400,29989_1993.txt_employees_count_total_56,-1.1080766916275024,5,-5.540383338928223,employees_count_total
patch_random_01,14400,29989_1993.txt_employees_count_total_56,-0.6390541195869446,5,-3.195270538330078,employees_count_total
patch_random_02,14400,29989_1993.txt_employees_count_total_56,-0.45192089676856995,5,-2.2596044540405273,employees_count_total
patch_random_03,14400,29989_1993.txt_employees_count_total_56,-0.4230198860168457,5,-2.1150994300842285,employees_count_total
patch_random_04,14400,29989_1993.txt_employees_count_total_56,-0.6462320685386658,5,-3.2311601638793945,employees_count_total
patch_random_05,14400,29989_1993.txt_employees_count_total_56,-0.8766143918037415,5,-4.3830718994140625,employees_count_total
patch_random_06,14400,29989_1993.txt_employees_count_total_56,-0.7199021577835083,5,-3.599510669708252,employees_count_total
patch_random_07,14400,29989_1993.txt_employees_count_total_56,-0.6463019847869873,5,-3.2315099239349365,employees_count_total
patch_random_08,14400,29989_1993.txt_employees_count_total_56,-0.555184543132782,5,-2.7759225368499756,employees_count_total
patch_random_09,14400,29989_1993.txt_employees_count_total_56,-0.8234168887138367,5,-4.117084503173828,employees_count_total
patch_random_10,14400,29989_1993.txt_employees_count_total_56,-0.952274739742279,5,-4.761373519897461,employees_count_total
patch_random_11,14400,29989_1993.txt_employees_count_total_56,-0.7151522040367126,5,-3.575760841369629,employees_count_total
patch_random_12,14400,29989_1993.txt_employees_count_total_56,-0.9347837567329407,5,-4.673918724060059,employees_count_total
patch_random_13,14400,29989_1993.txt_employees_count_total_56,-1.0783932209014893,5,-5.391965866088867,employees_count_total
patch_random_14,14400,29989_1993.txt_employees_count_total_56,-0.8447627425193787,5,-4.223813533782959,employees_count_total
patch_random_15,14400,29989_1993.txt_employees_count_total_56,-1.0962709188461304,5,-5.481354713439941,employees_count_total
patch_random_16,14400,29989_1993.txt_employees_count_total_56,-0.9860777854919434,5,-4.930388927459717,employees_count_total
patch_random_17,14400,29989_1993.txt_employees_count_total_56,-0.3711259365081787,5,-1.8556296825408936,employees_count_total
patch_random_18,14400,29989_1993.txt_employees_count_total_56,-0.6679484248161316,5,-3.3397419452667236,employees_count_total
patch_random_19,14400,29989_1993.txt_employees_count_total_56,-0.45821404457092285,5,-2.2910702228546143,employees_count_total
patch_matched_layer_random_00,14400,29989_1993.txt_employees_count_total_56,-1.0756630897521973,5,-5.378315448760986,employees_count_total
patch_matched_layer_random_01,14400,29989_1993.txt_employees_count_total_56,-1.455150842666626,5,-7.275753974914551,employees_count_total
patch_matched_layer_random_02,14400,29989_1993.txt_employees_count_total_56,-0.5054028630256653,5,-2.5270142555236816,employees_count_total
patch_matched_layer_random_03,14400,29989_1993.txt_employees_count_total_56,-0.5078788995742798,5,-2.5393943786621094,employees_count_total
patch_matched_layer_random_04,14400,29989_1993.txt_employees_count_total_56,-0.7684968709945679,5,-3.84248423576355,employees_count_total
patch_matched_layer_random_05,14400,29989_1993.txt_employees_count_total_56,-0.050411976873874664,5,-0.2520598769187927,employees_count_total
patch_matched_layer_random_06,14400,29989_1993.txt_employees_count_total_56,-1.053329348564148,5,-5.266646862030029,employees_count_total
patch_matched_layer_random_07,14400,29989_1993.txt_employees_count_total_56,-0.7814613580703735,5,-3.907306671142578,employees_count_total
patch_matched_layer_random_08,14400,29989_1993.txt_employees_count_total_56,-1.2415302991867065,5,-6.207651615142822,employees_count_total
patch_matched_layer_random_09,14400,29989_1993.txt_employees_count_total_56,-1.0088036060333252,5,-5.044017791748047,employees_count_total
patch_matched_layer_random_10,14400,29989_1993.txt_employees_count_total_56,-1.005232334136963,5,-5.0261616706848145,employees_count_total
patch_matched_layer_random_11,14400,29989_1993.txt_employees_count_total_56,-0.7301377654075623,5,-3.650688886642456,employees_count_total
patch_matched_layer_random_12,14400,29989_1993.txt_employees_count_total_56,-0.8682419657707214,5,-4.341209888458252,employees_count_total
patch_matched_layer_random_13,14400,29989_1993.txt_employees_count_total_56,-0.5111034512519836,5,-2.5555171966552734,employees_count_total
patch_matched_layer_random_14,14400,29989_1993.txt_employees_count_total_56,-0.5368533730506897,5,-2.6842668056488037,employees_count_total
patch_matched_layer_random_15,14400,29989_1993.txt_employees_count_total_56,-1.6537503004074097,5,-8.26875114440918,employees_count_total
patch_matched_layer_random_16,14400,29989_1993.txt_employees_count_total_56,-0.8038674592971802,5,-4.019337177276611,employees_count_total
patch_matched_layer_random_17,14400,29989_1993.txt_employees_count_total_56,-1.0796102285385132,5,-5.3980512619018555,employees_count_total
patch_matched_layer_random_18,14400,29989_1993.txt_employees_count_total_56,-0.24471883475780487,5,-1.2235941886901855,employees_count_total
patch_matched_layer_random_19,14400,29989_1993.txt_employees_count_total_56,-0.10230981558561325,5,-0.5115490555763245,employees_count_total
clean,29900,812427_1993.txt_employees_count_total_248,-1.3439973592758179,5,-6.719986438751221,employees_count_total
qr_ablate,29900,812427_1993.txt_employees_count_total_248,-1.0826882123947144,5,-5.413441181182861,employees_count_total
patch_qr,29900,812427_1993.txt_employees_count_total_248,-0.02332601509988308,5,-0.11663006991147995,employees_count_total
patch_bottom,29900,812427_1993.txt_employees_count_total_248,-1.416543960571289,5,-7.082719802856445,employees_count_total
patch_same_layer,29900,812427_1993.txt_employees_count_total_248,-1.318921446800232,5,-6.594606876373291,employees_count_total
patch_random_00,29900,812427_1993.txt_employees_count_total_248,-1.267693042755127,5,-6.338465213775635,employees_count_total
patch_random_01,29900,812427_1993.txt_employees_count_total_248,-0.5352073907852173,5,-2.676036834716797,employees_count_total
patch_random_02,29900,812427_1993.txt_employees_count_total_248,-0.6979660987854004,5,-3.489830493927002,employees_count_total
patch_random_03,29900,812427_1993.txt_employees_count_total_248,-0.8491682410240173,5,-4.245841026306152,employees_count_total
patch_random_04,29900,812427_1993.txt_employees_count_total_248,-0.5833210349082947,5,-2.916605234146118,employees_count_total
patch_random_05,29900,812427_1993.txt_employees_count_total_248,-1.110267162322998,5,-5.55133581161499,employees_count_total
patch_random_06,29900,812427_1993.txt_employees_count_total_248,-0.8124621510505676,5,-4.062310695648193,employees_count_total
patch_random_07,29900,812427_1993.txt_employees_count_total_248,-0.867306649684906,5,-4.336533069610596,employees_count_total
patch_random_08,29900,812427_1993.txt_employees_count_total_248,-0.8241193890571594,5,-4.120596885681152,employees_count_total
patch_random_09,29900,812427_1993.txt_employees_count_total_248,-1.0468639135360718,5,-5.234319686889648,employees_count_total
patch_random_10,29900,812427_1993.txt_employees_count_total_248,-1.0759581327438354,5,-5.379790306091309,employees_count_total
patch_random_11,29900,812427_1993.txt_employees_count_total_248,-0.9996741414070129,5,-4.99837064743042,employees_count_total
patch_random_12,29900,812427_1993.txt_employees_count_total_248,-1.2122617959976196,5,-6.061308860778809,employees_count_total
patch_random_13,29900,812427_1993.txt_employees_count_total_248,-1.5466058254241943,5,-7.733028888702393,employees_count_total
patch_random_14,29900,812427_1993.txt_employees_count_total_248,-1.0777767896652222,5,-5.388883590698242,employees_count_total
patch_random_15,29900,812427_1993.txt_employees_count_total_248,-1.4907053709030151,5,-7.453526496887207,employees_count_total
patch_random_16,29900,812427_1993.txt_employees_count_total_248,-1.2284066677093506,5,-6.142033100128174,employees_count_total
patch_random_17,29900,812427_1993.txt_employees_count_total_248,-0.36059311032295227,5,-1.802965521812439,employees_count_total
patch_random_18,29900,812427_1993.txt_employees_count_total_248,-0.49290481209754944,5,-2.464524030685425,employees_count_total
patch_random_19,29900,812427_1993.txt_employees_count_total_248,-0.48744702339172363,5,-2.437235116958618,employees_count_total
patch_matched_layer_random_00,29900,812427_1993.txt_employees_count_total_248,-0.9213075637817383,5,-4.606537818908691,employees_count_total
patch_matched_layer_random_01,29900,812427_1993.txt_employees_count_total_248,-1.9301341772079468,5,-9.650671005249023,employees_count_total
patch_matched_layer_random_02,29900,812427_1993.txt_employees_count_total_248,-0.6547838449478149,5,-3.273919105529785,employees_count_total
patch_matched_layer_random_03,29900,812427_1993.txt_employees_count_total_248,-0.6400133967399597,5,-3.2000670433044434,employees_count_total
patch_matched_layer_random_04,29900,812427_1993.txt_employees_count_total_248,-0.96766197681427,5,-4.8383097648620605,employees_count_total
patch_matched_layer_random_05,29900,812427_1993.txt_employees_count_total_248,-0.17441178858280182,5,-0.8720589280128479,employees_count_total
patch_matched_layer_random_06,29900,812427_1993.txt_employees_count_total_248,-1.4420686960220337,5,-7.210343360900879,employees_count_total
patch_matched_layer_random_07,29900,812427_1993.txt_employees_count_total_248,-0.7234734892845154,5,-3.6173672676086426,employees_count_total
patch_matched_layer_random_08,29900,812427_1993.txt_employees_count_total_248,-1.975401520729065,5,-9.877007484436035,employees_count_total
patch_matched_layer_random_09,29900,812427_1993.txt_employees_count_total_248,-1.4285587072372437,5,-7.14279317855835,employees_count_total
patch_matched_layer_random_10,29900,812427_1993.txt_employees_count_total_248,-1.053412675857544,5,-5.267063140869141,employees_count_total
patch_matched_layer_random_11,29900,812427_1993.txt_employees_count_total_248,-1.0236661434173584,5,-5.118330478668213,employees_count_total
patch_matched_layer_random_12,29900,812427_1993.txt_employees_count_total_248,-1.1740416288375854,5,-5.870208263397217,employees_count_total
patch_matched_layer_random_13,29900,812427_1993.txt_employees_count_total_248,-0.47668543457984924,5,-2.383427143096924,employees_count_total
patch_matched_layer_random_14,29900,812427_1993.txt_employees_count_total_248,-1.1260371208190918,5,-5.630185604095459,employees_count_total
patch_matched_layer_random_15,29900,812427_1993.txt_employees_count_total_248,-1.5262073278427124,5,-7.631036758422852,employees_count_total
patch_matched_layer_random_16,29900,812427_1993.txt_employees_count_total_248,-0.7029153108596802,5,-3.5145764350891113,employees_count_total
patch_matched_layer_random_17,29900,812427_1993.txt_employees_count_total_248,-1.5396851301193237,5,-7.69842529296875,employees_count_total
patch_matched_layer_random_18,29900,812427_1993.txt_employees_count_total_248,-0.3808020055294037,5,-1.9040099382400513,employees_count_total
patch_matched_layer_random_19,29900,812427_1993.txt_employees_count_total_248,-0.17201152443885803,5,-0.8600575923919678,employees_count_total
clean,0,801124_1993.txt_employees_count_total_132,-10.182726860046387,1,-10.182726860046387,employees_count_total
qr_ablate,0,801124_1993.txt_employees_count_total_132,-1.8190839290618896,1,-1.8190839290618896,employees_count_total
patch_qr,0,801124_1993.txt_employees_count_total_132,-5.129309177398682,1,-5.129309177398682,employees_count_total
patch_bottom,0,801124_1993.txt_employees_count_total_132,-3.2138733863830566,1,-3.2138733863830566,employees_count_total
patch_same_layer,0,801124_1993.txt_employees_count_total_132,-5.072559356689453,1,-5.072559356689453,employees_count_total
patch_random_00,0,801124_1993.txt_employees_count_total_132,-1.245557427406311,1,-1.245557427406311,employees_count_total
patch_random_01,0,801124_1993.txt_employees_count_total_132,-3.125324249267578,1,-3.125324249267578,employees_count_total
patch_random_02,0,801124_1993.txt_employees_count_total_132,-3.13480281829834,1,-3.13480281829834,employees_count_total
patch_random_03,0,801124_1993.txt_employees_count_total_132,-2.273740768432617,1,-2.273740768432617,employees_count_total
patch_random_04,0,801124_1993.txt_employees_count_total_132,-2.458207130432129,1,-2.458207130432129,employees_count_total
patch_random_05,0,801124_1993.txt_employees_count_total_132,-0.7802966833114624,1,-0.7802966833114624,employees_count_total
patch_random_06,0,801124_1993.txt_employees_count_total_132,-2.5594096183776855,1,-2.5594096183776855,employees_count_total
patch_random_07,0,801124_1993.txt_employees_count_total_132,-2.265378952026367,1,-2.265378952026367,employees_count_total
patch_random_08,0,801124_1993.txt_employees_count_total_132,-1.4431536197662354,1,-1.4431536197662354,employees_count_total
patch_random_09,0,801124_1993.txt_employees_count_total_132,-1.6214803457260132,1,-1.6214803457260132,employees_count_total
patch_random_10,0,801124_1993.txt_employees_count_total_132,-1.1993900537490845,1,-1.1993900537490845,employees_count_total
patch_random_11,0,801124_1993.txt_employees_count_total_132,-2.2855944633483887,1,-2.2855944633483887,employees_count_total
patch_random_12,0,801124_1993.txt_employees_count_total_132,-2.0216784477233887,1,-2.0216784477233887,employees_count_total
patch_random_13,0,801124_1993.txt_employees_count_total_132,-2.81036639213562,1,-2.81036639213562,employees_count_total
patch_random_14,0,801124_1993.txt_employees_count_total_132,-1.063023567199707,1,-1.063023567199707,employees_count_total
patch_random_15,0,801124_1993.txt_employees_count_total_132,-1.572377324104309,1,-1.572377324104309,employees_count_total
patch_random_16,0,801124_1993.txt_employees_count_total_132,-2.2257025241851807,1,-2.2257025241851807,employees_count_total
patch_random_17,0,801124_1993.txt_employees_count_total_132,-1.6632452011108398,1,-1.6632452011108398,employees_count_total
patch_random_18,0,801124_1993.txt_employees_count_total_132,-2.383821964263916,1,-2.383821964263916,employees_count_total
patch_random_19,0,801124_1993.txt_employees_count_total_132,-2.4429914951324463,1,-2.4429914951324463,employees_count_total
patch_matched_layer_random_00,0,801124_1993.txt_employees_count_total_132,-4.232544422149658,1,-4.232544422149658,employees_count_total
patch_matched_layer_random_01,0,801124_1993.txt_employees_count_total_132,-2.505783796310425,1,-2.505783796310425,employees_count_total
patch_matched_layer_random_02,0,801124_1993.txt_employees_count_total_132,-3.1432108879089355,1,-3.1432108879089355,employees_count_total
patch_matched_layer_random_03,0,801124_1993.txt_employees_count_total_132,-3.797741413116455,1,-3.797741413116455,employees_count_total
patch_matched_layer_random_04,0,801124_1993.txt_employees_count_total_132,-2.2587790489196777,1,-2.2587790489196777,employees_count_total
patch_matched_layer_random_05,0,801124_1993.txt_employees_count_total_132,-2.879997968673706,1,-2.879997968673706,employees_count_total
patch_matched_layer_random_06,0,801124_1993.txt_employees_count_total_132,-1.30336332321167,1,-1.30336332321167,employees_count_total
patch_matched_layer_random_07,0,801124_1993.txt_employees_count_total_132,-2.3075451850891113,1,-2.3075451850891113,employees_count_total
patch_matched_layer_random_08,0,801124_1993.txt_employees_count_total_132,-0.715417742729187,1,-0.715417742729187,employees_count_total
patch_matched_layer_random_09,0,801124_1993.txt_employees_count_total_132,-2.222266912460327,1,-2.222266912460327,employees_count_total
patch_matched_layer_random_10,0,801124_1993.txt_employees_count_total_132,-4.946992874145508,1,-4.946992874145508,employees_count_total
patch_matched_layer_random_11,0,801124_1993.txt_employees_count_total_132,-2.2663979530334473,1,-2.2663979530334473,employees_count_total
patch_matched_layer_random_12,0,801124_1993.txt_employees_count_total_132,-1.3349703550338745,1,-1.3349703550338745,employees_count_total
patch_matched_layer_random_13,0,801124_1993.txt_employees_count_total_132,-2.8190557956695557,1,-2.8190557956695557,employees_count_total
patch_matched_layer_random_14,0,801124_1993.txt_employees_count_total_132,-2.9913811683654785,1,-2.9913811683654785,employees_count_total
patch_matched_layer_random_15,0,801124_1993.txt_employees_count_total_132,-2.419696807861328,1,-2.419696807861328,employees_count_total
patch_matched_layer_random_16,0,801124_1993.txt_employees_count_total_132,-4.470792293548584,1,-4.470792293548584,employees_count_total
patch_matched_layer_random_17,0,801124_1993.txt_employees_count_total_132,-0.619008481502533,1,-0.619008481502533,employees_count_total
patch_matched_layer_random_18,0,801124_1993.txt_employees_count_total_132,-2.2883806228637695,1,-2.2883806228637695,employees_count_total
patch_matched_layer_random_19,0,801124_1993.txt_employees_count_total_132,-2.2805325984954834,1,-2.2805325984954834,employees_count_total
clean,Illinois,50548_1993.txt_headquarters_state_179,-0.004455444868654013,2,-0.008910889737308025,headquarters_state
qr_ablate,Illinois,50548_1993.txt_headquarters_state_179,-2.470979690551758,2,-4.941959381103516,headquarters_state
patch_qr,Illinois,50548_1993.txt_headquarters_state_179,-1.115179181098938,2,-2.230358362197876,headquarters_state
patch_bottom,Illinois,50548_1993.txt_headquarters_state_179,-2.67564058303833,2,-5.35128116607666,headquarters_state
patch_same_layer,Illinois,50548_1993.txt_headquarters_state_179,-2.6466798782348633,2,-5.293359756469727,headquarters_state
patch_random_00,Illinois,50548_1993.txt_headquarters_state_179,-2.806783437728882,2,-5.613566875457764,headquarters_state
patch_random_01,Illinois,50548_1993.txt_headquarters_state_179,-1.6261889934539795,2,-3.252377986907959,headquarters_state
patch_random_02,Illinois,50548_1993.txt_headquarters_state_179,-1.8101277351379395,2,-3.620255470275879,headquarters_state
patch_random_03,Illinois,50548_1993.txt_headquarters_state_179,-2.21860933303833,2,-4.43721866607666,headquarters_state
patch_random_04,Illinois,50548_1993.txt_headquarters_state_179,-2.5210375785827637,2,-5.042075157165527,headquarters_state
patch_random_05,Illinois,50548_1993.txt_headquarters_state_179,-2.73897647857666,2,-5.47795295715332,headquarters_state
patch_random_06,Illinois,50548_1993.txt_headquarters_state_179,-2.062110185623169,2,-4.124220371246338,headquarters_state
patch_random_07,Illinois,50548_1993.txt_headquarters_state_179,-1.8149924278259277,2,-3.6299848556518555,headquarters_state
patch_random_08,Illinois,50548_1993.txt_headquarters_state_179,-2.2381093502044678,2,-4.4762187004089355,headquarters_state
patch_random_09,Illinois,50548_1993.txt_headquarters_state_179,-2.410525321960449,2,-4.821050643920898,headquarters_state
patch_random_10,Illinois,50548_1993.txt_headquarters_state_179,-2.6658103466033936,2,-5.331620693206787,headquarters_state
patch_random_11,Illinois,50548_1993.txt_headquarters_state_179,-2.221079111099243,2,-4.442158222198486,headquarters_state
patch_random_12,Illinois,50548_1993.txt_headquarters_state_179,-2.771758556365967,2,-5.543517112731934,headquarters_state
patch_random_13,Illinois,50548_1993.txt_headquarters_state_179,-4.636683940887451,2,-9.273367881774902,headquarters_state
patch_random_14,Illinois,50548_1993.txt_headquarters_state_179,-2.208061695098877,2,-4.416123390197754,headquarters_state
patch_random_15,Illinois,50548_1993.txt_headquarters_state_179,-2.7381372451782227,2,-5.476274490356445,headquarters_state
patch_random_16,Illinois,50548_1993.txt_headquarters_state_179,-2.5150153636932373,2,-5.030030727386475,headquarters_state
patch_random_17,Illinois,50548_1993.txt_headquarters_state_179,-2.04240083694458,2,-4.08480167388916,headquarters_state
patch_random_18,Illinois,50548_1993.txt_headquarters_state_179,-1.9318184852600098,2,-3.8636369705200195,headquarters_state
patch_random_19,Illinois,50548_1993.txt_headquarters_state_179,-2.5097880363464355,2,-5.019576072692871,headquarters_state
patch_matched_layer_random_00,Illinois,50548_1993.txt_headquarters_state_179,-1.7485471963882446,2,-3.4970943927764893,headquarters_state
patch_matched_layer_random_01,Illinois,50548_1993.txt_headquarters_state_179,-3.7942166328430176,2,-7.588433265686035,headquarters_state
patch_matched_layer_random_02,Illinois,50548_1993.txt_headquarters_state_179,-1.6673270463943481,2,-3.3346540927886963,headquarters_state
patch_matched_layer_random_03,Illinois,50548_1993.txt_headquarters_state_179,-2.0681233406066895,2,-4.136246681213379,headquarters_state
patch_matched_layer_random_04,Illinois,50548_1993.txt_headquarters_state_179,-1.9595744609832764,2,-3.9191489219665527,headquarters_state
patch_matched_layer_random_05,Illinois,50548_1993.txt_headquarters_state_179,-1.5852733850479126,2,-3.170546770095825,headquarters_state
patch_matched_layer_random_06,Illinois,50548_1993.txt_headquarters_state_179,-2.375584363937378,2,-4.751168727874756,headquarters_state
patch_matched_layer_random_07,Illinois,50548_1993.txt_headquarters_state_179,-2.131420135498047,2,-4.262840270996094,headquarters_state
patch_matched_layer_random_08,Illinois,50548_1993.txt_headquarters_state_179,-2.068225383758545,2,-4.13645076751709,headquarters_state
patch_matched_layer_random_09,Illinois,50548_1993.txt_headquarters_state_179,-1.493949294090271,2,-2.987898588180542,headquarters_state
patch_matched_layer_random_10,Illinois,50548_1993.txt_headquarters_state_179,-2.2991890907287598,2,-4.5983781814575195,headquarters_state
patch_matched_layer_random_11,Illinois,50548_1993.txt_headquarters_state_179,-2.220850706100464,2,-4.441701412200928,headquarters_state
patch_matched_layer_random_12,Illinois,50548_1993.txt_headquarters_state_179,-3.0105397701263428,2,-6.0210795402526855,headquarters_state
patch_matched_layer_random_13,Illinois,50548_1993.txt_headquarters_state_179,-2.1868226528167725,2,-4.373645305633545,headquarters_state
patch_matched_layer_random_14,Illinois,50548_1993.txt_headquarters_state_179,-2.4275641441345215,2,-4.855128288269043,headquarters_state
patch_matched_layer_random_15,Illinois,50548_1993.txt_headquarters_state_179,-4.852332592010498,2,-9.704665184020996,headquarters_state
patch_matched_layer_random_16,Illinois,50548_1993.txt_headquarters_state_179,-1.7357150316238403,2,-3.4714300632476807,headquarters_state
patch_matched_layer_random_17,Illinois,50548_1993.txt_headquarters_state_179,-2.276268482208252,2,-4.552536964416504,headquarters_state
patch_matched_layer_random_18,Illinois,50548_1993.txt_headquarters_state_179,-1.9823540449142456,2,-3.964708089828491,headquarters_state
patch_matched_layer_random_19,Illinois,50548_1993.txt_headquarters_state_179,-1.4779016971588135,2,-2.955803394317627,headquarters_state
clean,Pennsylvania,103730_1993.txt_headquarters_state_2,-0.0011742620263248682,2,-0.0023485240526497364,headquarters_state
qr_ablate,Pennsylvania,103730_1993.txt_headquarters_state_2,-1.9641352891921997,2,-3.9282705783843994,headquarters_state
patch_qr,Pennsylvania,103730_1993.txt_headquarters_state_2,-0.06739367544651031,2,-0.13478735089302063,headquarters_state
patch_bottom,Pennsylvania,103730_1993.txt_headquarters_state_2,-2.458252429962158,2,-4.916504859924316,headquarters_state
patch_same_layer,Pennsylvania,103730_1993.txt_headquarters_state_2,-3.2205889225006104,2,-6.441177845001221,headquarters_state
patch_random_00,Pennsylvania,103730_1993.txt_headquarters_state_2,-2.594134569168091,2,-5.188269138336182,headquarters_state
patch_random_01,Pennsylvania,103730_1993.txt_headquarters_state_2,-1.2264093160629272,2,-2.4528186321258545,headquarters_state
patch_random_02,Pennsylvania,103730_1993.txt_headquarters_state_2,-1.6040767431259155,2,-3.208153486251831,headquarters_state
patch_random_03,Pennsylvania,103730_1993.txt_headquarters_state_2,-1.950883388519287,2,-3.901766777038574,headquarters_state
patch_random_04,Pennsylvania,103730_1993.txt_headquarters_state_2,-1.7545253038406372,2,-3.5090506076812744,headquarters_state
patch_random_05,Pennsylvania,103730_1993.txt_headquarters_state_2,-2.626903533935547,2,-5.253807067871094,headquarters_state
patch_random_06,Pennsylvania,103730_1993.txt_headquarters_state_2,-1.786963939666748,2,-3.573927879333496,headquarters_state
patch_random_07,Pennsylvania,103730_1993.txt_headquarters_state_2,-1.9366471767425537,2,-3.8732943534851074,headquarters_state
patch_random_08,Pennsylvania,103730_1993.txt_headquarters_state_2,-2.0772149562835693,2,-4.154429912567139,headquarters_state
patch_random_09,Pennsylvania,103730_1993.txt_headquarters_state_2,-1.8529605865478516,2,-3.705921173095703,headquarters_state
patch_random_10,Pennsylvania,103730_1993.txt_headquarters_state_2,-2.221294641494751,2,-4.442589282989502,headquarters_state
patch_random_11,Pennsylvania,103730_1993.txt_headquarters_state_2,-1.5170625448226929,2,-3.0341250896453857,headquarters_state
patch_random_12,Pennsylvania,103730_1993.txt_headquarters_state_2,-1.778551459312439,2,-3.557102918624878,headquarters_state
patch_random_13,Pennsylvania,103730_1993.txt_headquarters_state_2,-3.701545476913452,2,-7.403090953826904,headquarters_state
patch_random_14,Pennsylvania,103730_1993.txt_headquarters_state_2,-1.669258952140808,2,-3.338517904281616,headquarters_state
patch_random_15,Pennsylvania,103730_1993.txt_headquarters_state_2,-2.620692253112793,2,-5.241384506225586,headquarters_state
patch_random_16,Pennsylvania,103730_1993.txt_headquarters_state_2,-1.888364553451538,2,-3.776729106903076,headquarters_state
patch_random_17,Pennsylvania,103730_1993.txt_headquarters_state_2,-1.148997187614441,2,-2.297994375228882,headquarters_state
patch_random_18,Pennsylvania,103730_1993.txt_headquarters_state_2,-1.6260862350463867,2,-3.2521724700927734,headquarters_state
patch_random_19,Pennsylvania,103730_1993.txt_headquarters_state_2,-1.9049471616744995,2,-3.809894323348999,headquarters_state
patch_matched_layer_random_00,Pennsylvania,103730_1993.txt_headquarters_state_2,-1.5911338329315186,2,-3.182267665863037,headquarters_state
patch_matched_layer_random_01,Pennsylvania,103730_1993.txt_headquarters_state_2,-2.875298023223877,2,-5.750596046447754,headquarters_state
patch_matched_layer_random_02,Pennsylvania,103730_1993.txt_headquarters_state_2,-0.9121266007423401,2,-1.8242532014846802,headquarters_state
patch_matched_layer_random_03,Pennsylvania,103730_1993.txt_headquarters_state_2,-1.8421145677566528,2,-3.6842291355133057,headquarters_state
patch_matched_layer_random_04,Pennsylvania,103730_1993.txt_headquarters_state_2,-1.4104690551757812,2,-2.8209381103515625,headquarters_state
patch_matched_layer_random_05,Pennsylvania,103730_1993.txt_headquarters_state_2,-0.9721599817276001,2,-1.9443199634552002,headquarters_state
patch_matched_layer_random_06,Pennsylvania,103730_1993.txt_headquarters_state_2,-2.15744686126709,2,-4.31489372253418,headquarters_state
patch_matched_layer_random_07,Pennsylvania,103730_1993.txt_headquarters_state_2,-1.549771785736084,2,-3.099543571472168,headquarters_state
patch_matched_layer_random_08,Pennsylvania,103730_1993.txt_headquarters_state_2,-2.08308744430542,2,-4.16617488861084,headquarters_state
patch_matched_layer_random_09,Pennsylvania,103730_1993.txt_headquarters_state_2,-1.3316270112991333,2,-2.6632540225982666,headquarters_state
patch_matched_layer_random_10,Pennsylvania,103730_1993.txt_headquarters_state_2,-2.0042154788970947,2,-4.0084309577941895,headquarters_state
patch_matched_layer_random_11,Pennsylvania,103730_1993.txt_headquarters_state_2,-1.995361089706421,2,-3.990722179412842,headquarters_state
patch_matched_layer_random_12,Pennsylvania,103730_1993.txt_headquarters_state_2,-2.5525197982788086,2,-5.105039596557617,headquarters_state
patch_matched_layer_random_13,Pennsylvania,103730_1993.txt_headquarters_state_2,-1.3397328853607178,2,-2.6794657707214355,headquarters_state
patch_matched_layer_random_14,Pennsylvania,103730_1993.txt_headquarters_state_2,-1.936576008796692,2,-3.873152017593384,headquarters_state
patch_matched_layer_random_15,Pennsylvania,103730_1993.txt_headquarters_state_2,-3.6525163650512695,2,-7.305032730102539,headquarters_state
patch_matched_layer_random_16,Pennsylvania,103730_1993.txt_headquarters_state_2,-2.0746469497680664,2,-4.149293899536133,headquarters_state
patch_matched_layer_random_17,Pennsylvania,103730_1993.txt_headquarters_state_2,-2.250666856765747,2,-4.501333713531494,headquarters_state
patch_matched_layer_random_18,Pennsylvania,103730_1993.txt_headquarters_state_2,-1.1743546724319458,2,-2.3487093448638916,headquarters_state
patch_matched_layer_random_19,Pennsylvania,103730_1993.txt_headquarters_state_2,-0.438110888004303,2,-0.876221776008606,headquarters_state
clean,California,37748_1993.txt_headquarters_state_60,-0.00019238528329879045,1,-0.00019238528329879045,headquarters_state
qr_ablate,California,37748_1993.txt_headquarters_state_60,-8.421977996826172,1,-8.421977996826172,headquarters_state
patch_qr,California,37748_1993.txt_headquarters_state_60,-2.8182976245880127,1,-2.8182976245880127,headquarters_state
patch_bottom,California,37748_1993.txt_headquarters_state_60,-9.270927429199219,1,-9.270927429199219,headquarters_state
patch_same_layer,California,37748_1993.txt_headquarters_state_60,-9.223930358886719,1,-9.223930358886719,headquarters_state
patch_random_00,California,37748_1993.txt_headquarters_state_60,-8.903274536132812,1,-8.903274536132812,headquarters_state
patch_random_01,California,37748_1993.txt_headquarters_state_60,-7.091460227966309,1,-7.091460227966309,headquarters_state
patch_random_02,California,37748_1993.txt_headquarters_state_60,-6.215912342071533,1,-6.215912342071533,headquarters_state
patch_random_03,California,37748_1993.txt_headquarters_state_60,-7.331321716308594,1,-7.331321716308594,headquarters_state
patch_random_04,California,37748_1993.txt_headquarters_state_60,-8.260231971740723,1,-8.260231971740723,headquarters_state
patch_random_05,California,37748_1993.txt_headquarters_state_60,-8.11735725402832,1,-8.11735725402832,headquarters_state
patch_random_06,California,37748_1993.txt_headquarters_state_60,-7.301163196563721,1,-7.301163196563721,headquarters_state
patch_random_07,California,37748_1993.txt_headquarters_state_60,-8.018540382385254,1,-8.018540382385254,headquarters_state
patch_random_08,California,37748_1993.txt_headquarters_state_60,-8.05523681640625,1,-8.05523681640625,headquarters_state
patch_random_09,California,37748_1993.txt_headquarters_state_60,-8.294963836669922,1,-8.294963836669922,headquarters_state
patch_random_10,California,37748_1993.txt_headquarters_state_60,-8.658102035522461,1,-8.658102035522461,headquarters_state
patch_random_11,California,37748_1993.txt_headquarters_state_60,-7.395984172821045,1,-7.395984172821045,headquarters_state
patch_random_12,California,37748_1993.txt_headquarters_state_60,-8.672548294067383,1,-8.672548294067383,headquarters_state
patch_random_13,California,37748_1993.txt_headquarters_state_60,-10.111734390258789,1,-10.111734390258789,headquarters_state
patch_random_14,California,37748_1993.txt_headquarters_state_60,-8.31375503540039,1,-8.31375503540039,headquarters_state
patch_random_15,California,37748_1993.txt_headquarters_state_60,-9.688352584838867,1,-9.688352584838867,headquarters_state
patch_random_16,California,37748_1993.txt_headquarters_state_60,-8.567083358764648,1,-8.567083358764648,headquarters_state
patch_random_17,California,37748_1993.txt_headquarters_state_60,-7.942166328430176,1,-7.942166328430176,headquarters_state
patch_random_18,California,37748_1993.txt_headquarters_state_60,-7.9671630859375,1,-7.9671630859375,headquarters_state
patch_random_19,California,37748_1993.txt_headquarters_state_60,-9.10714054107666,1,-9.10714054107666,headquarters_state
patch_matched_layer_random_00,California,37748_1993.txt_headquarters_state_60,-8.289323806762695,1,-8.289323806762695,headquarters_state
patch_matched_layer_random_01,California,37748_1993.txt_headquarters_state_60,-9.551473617553711,1,-9.551473617553711,headquarters_state
patch_matched_layer_random_02,California,37748_1993.txt_headquarters_state_60,-7.924258708953857,1,-7.924258708953857,headquarters_state
patch_matched_layer_random_03,California,37748_1993.txt_headquarters_state_60,-7.637006759643555,1,-7.637006759643555,headquarters_state
patch_matched_layer_random_04,California,37748_1993.txt_headquarters_state_60,-8.19049072265625,1,-8.19049072265625,headquarters_state
patch_matched_layer_random_05,California,37748_1993.txt_headquarters_state_60,-7.2319183349609375,1,-7.2319183349609375,headquarters_state
patch_matched_layer_random_06,California,37748_1993.txt_headquarters_state_60,-6.15028190612793,1,-6.15028190612793,headquarters_state
patch_matched_layer_random_07,California,37748_1993.txt_headquarters_state_60,-7.4020256996154785,1,-7.4020256996154785,headquarters_state
patch_matched_layer_random_08,California,37748_1993.txt_headquarters_state_60,-7.276724815368652,1,-7.276724815368652,headquarters_state
patch_matched_layer_random_09,California,37748_1993.txt_headquarters_state_60,-7.213451862335205,1,-7.213451862335205,headquarters_state
patch_matched_layer_random_10,California,37748_1993.txt_headquarters_state_60,-8.355843544006348,1,-8.355843544006348,headquarters_state
patch_matched_layer_random_11,California,37748_1993.txt_headquarters_state_60,-8.1485013961792,1,-8.1485013961792,headquarters_state
patch_matched_layer_random_12,California,37748_1993.txt_headquarters_state_60,-9.15088176727295,1,-9.15088176727295,headquarters_state
patch_matched_layer_random_13,California,37748_1993.txt_headquarters_state_60,-7.283501625061035,1,-7.283501625061035,headquarters_state
patch_matched_layer_random_14,California,37748_1993.txt_headquarters_state_60,-8.561832427978516,1,-8.561832427978516,headquarters_state
patch_matched_layer_random_15,California,37748_1993.txt_headquarters_state_60,-10.614898681640625,1,-10.614898681640625,headquarters_state
patch_matched_layer_random_16,California,37748_1993.txt_headquarters_state_60,-7.613020420074463,1,-7.613020420074463,headquarters_state
patch_matched_layer_random_17,California,37748_1993.txt_headquarters_state_60,-8.156889915466309,1,-8.156889915466309,headquarters_state
patch_matched_layer_random_18,California,37748_1993.txt_headquarters_state_60,-7.7858123779296875,1,-7.7858123779296875,headquarters_state
patch_matched_layer_random_19,California,37748_1993.txt_headquarters_state_60,-6.162883281707764,1,-6.162883281707764,headquarters_state
clean,New Jersey,812427_1993.txt_headquarters_state_247,-2.914599099312909e-05,2,-5.829198198625818e-05,headquarters_state
qr_ablate,New Jersey,812427_1993.txt_headquarters_state_247,-1.2765341997146606,2,-2.5530683994293213,headquarters_state
patch_qr,New Jersey,812427_1993.txt_headquarters_state_247,-0.004646953660994768,2,-0.009293907321989536,headquarters_state
patch_bottom,New Jersey,812427_1993.txt_headquarters_state_247,-1.863698959350586,2,-3.727397918701172,headquarters_state
patch_same_layer,New Jersey,812427_1993.txt_headquarters_state_247,-2.295961618423462,2,-4.591923236846924,headquarters_state
patch_random_00,New Jersey,812427_1993.txt_headquarters_state_247,-1.6622592210769653,2,-3.3245184421539307,headquarters_state
patch_random_01,New Jersey,812427_1993.txt_headquarters_state_247,-0.06793256849050522,2,-0.13586513698101044,headquarters_state
patch_random_02,New Jersey,812427_1993.txt_headquarters_state_247,-0.7071940898895264,2,-1.4143881797790527,headquarters_state
patch_random_03,New Jersey,812427_1993.txt_headquarters_state_247,-1.2429026365280151,2,-2.4858052730560303,headquarters_state
patch_random_04,New Jersey,812427_1993.txt_headquarters_state_247,-0.9290850162506104,2,-1.8581700325012207,headquarters_state
patch_random_05,New Jersey,812427_1993.txt_headquarters_state_247,-1.7848901748657227,2,-3.5697803497314453,headquarters_state
patch_random_06,New Jersey,812427_1993.txt_headquarters_state_247,-1.2209086418151855,2,-2.441817283630371,headquarters_state
patch_random_07,New Jersey,812427_1993.txt_headquarters_state_247,-1.2195569276809692,2,-2.4391138553619385,headquarters_state
patch_random_08,New Jersey,812427_1993.txt_headquarters_state_247,-1.2636739015579224,2,-2.5273478031158447,headquarters_state
patch_random_09,New Jersey,812427_1993.txt_headquarters_state_247,-1.1014033555984497,2,-2.2028067111968994,headquarters_state
patch_random_10,New Jersey,812427_1993.txt_headquarters_state_247,-1.5201586484909058,2,-3.0403172969818115,headquarters_state
patch_random_11,New Jersey,812427_1993.txt_headquarters_state_247,-0.695268988609314,2,-1.390537977218628,headquarters_state
patch_random_12,New Jersey,812427_1993.txt_headquarters_state_247,-1.5311740636825562,2,-3.0623481273651123,headquarters_state
patch_random_13,New Jersey,812427_1993.txt_headquarters_state_247,-4.015101432800293,2,-8.030202865600586,headquarters_state
patch_random_14,New Jersey,812427_1993.txt_headquarters_state_247,-1.2825592756271362,2,-2.5651185512542725,headquarters_state
patch_random_15,New Jersey,812427_1993.txt_headquarters_state_247,-1.911698579788208,2,-3.823397159576416,headquarters_state
patch_random_16,New Jersey,812427_1993.txt_headquarters_state_247,-1.6383700370788574,2,-3.276740074157715,headquarters_state
patch_random_17,New Jersey,812427_1993.txt_headquarters_state_247,-0.6236640214920044,2,-1.2473280429840088,headquarters_state
patch_random_18,New Jersey,812427_1993.txt_headquarters_state_247,-0.6742189526557922,2,-1.3484379053115845,headquarters_state
patch_random_19,New Jersey,812427_1993.txt_headquarters_state_247,-1.694267749786377,2,-3.388535499572754,headquarters_state
patch_matched_layer_random_00,New Jersey,812427_1993.txt_headquarters_state_247,-0.3500087857246399,2,-0.7000175714492798,headquarters_state
patch_matched_layer_random_01,New Jersey,812427_1993.txt_headquarters_state_247,-3.3735649585723877,2,-6.747129917144775,headquarters_state
patch_matched_layer_random_02,New Jersey,812427_1993.txt_headquarters_state_247,-0.1781434863805771,2,-0.3562869727611542,headquarters_state
patch_matched_layer_random_03,New Jersey,812427_1993.txt_headquarters_state_247,-0.6470504999160767,2,-1.2941009998321533,headquarters_state
patch_matched_layer_random_04,New Jersey,812427_1993.txt_headquarters_state_247,-0.5722742676734924,2,-1.1445485353469849,headquarters_state
patch_matched_layer_random_05,New Jersey,812427_1993.txt_headquarters_state_247,-0.03450017794966698,2,-0.06900035589933395,headquarters_state
patch_matched_layer_random_06,New Jersey,812427_1993.txt_headquarters_state_247,-0.9435083866119385,2,-1.887016773223877,headquarters_state
patch_matched_layer_random_07,New Jersey,812427_1993.txt_headquarters_state_247,-0.30027052760124207,2,-0.6005410552024841,headquarters_state
patch_matched_layer_random_08,New Jersey,812427_1993.txt_headquarters_state_247,-1.206762433052063,2,-2.413524866104126,headquarters_state
patch_matched_layer_random_09,New Jersey,812427_1993.txt_headquarters_state_247,-0.05320802703499794,2,-0.10641605406999588,headquarters_state
patch_matched_layer_random_10,New Jersey,812427_1993.txt_headquarters_state_247,-1.148730993270874,2,-2.297461986541748,headquarters_state
patch_matched_layer_random_11,New Jersey,812427_1993.txt_headquarters_state_247,-1.2686635255813599,2,-2.5373270511627197,headquarters_state
patch_matched_layer_random_12,New Jersey,812427_1993.txt_headquarters_state_247,-2.235952854156494,2,-4.471905708312988,headquarters_state
patch_matched_layer_random_13,New Jersey,812427_1993.txt_headquarters_state_247,-0.32611238956451416,2,-0.6522247791290283,headquarters_state
patch_matched_layer_random_14,New Jersey,812427_1993.txt_headquarters_state_247,-0.9972953796386719,2,-1.9945907592773438,headquarters_state
patch_matched_layer_random_15,New Jersey,812427_1993.txt_headquarters_state_247,-4.495840072631836,2,-8.991680145263672,headquarters_state
patch_matched_layer_random_16,New Jersey,812427_1993.txt_headquarters_state_247,-0.5478730797767639,2,-1.0957461595535278,headquarters_state
patch_matched_layer_random_17,New Jersey,812427_1993.txt_headquarters_state_247,-0.9869881868362427,2,-1.9739763736724854,headquarters_state
patch_matched_layer_random_18,New Jersey,812427_1993.txt_headquarters_state_247,-0.24443843960762024,2,-0.4888768792152405,headquarters_state
patch_matched_layer_random_19,New Jersey,812427_1993.txt_headquarters_state_247,-0.05675342306494713,2,-0.11350684612989426,headquarters_state
clean,California,277821_1993.txt_headquarters_state_153,-0.005566571839153767,1,-0.005566571839153767,headquarters_state
qr_ablate,California,277821_1993.txt_headquarters_state_153,-1.875714659690857,1,-1.875714659690857,headquarters_state
patch_qr,California,277821_1993.txt_headquarters_state_153,-0.04176930710673332,1,-0.04176930710673332,headquarters_state
patch_bottom,California,277821_1993.txt_headquarters_state_153,-2.655360698699951,1,-2.655360698699951,headquarters_state
patch_same_layer,California,277821_1993.txt_headquarters_state_153,-4.4616570472717285,1,-4.4616570472717285,headquarters_state
patch_random_00,California,277821_1993.txt_headquarters_state_153,-2.203033447265625,1,-2.203033447265625,headquarters_state
patch_random_01,California,277821_1993.txt_headquarters_state_153,-0.2041054219007492,1,-0.2041054219007492,headquarters_state
patch_random_02,California,277821_1993.txt_headquarters_state_153,-1.108280897140503,1,-1.108280897140503,headquarters_state
patch_random_03,California,277821_1993.txt_headquarters_state_153,-1.5205459594726562,1,-1.5205459594726562,headquarters_state
patch_random_04,California,277821_1993.txt_headquarters_state_153,-1.5449252128601074,1,-1.5449252128601074,headquarters_state
patch_random_05,California,277821_1993.txt_headquarters_state_153,-2.81855845451355,1,-2.81855845451355,headquarters_state
patch_random_06,California,277821_1993.txt_headquarters_state_153,-1.3194544315338135,1,-1.3194544315338135,headquarters_state
patch_random_07,California,277821_1993.txt_headquarters_state_153,-1.5282217264175415,1,-1.5282217264175415,headquarters_state
patch_random_08,California,277821_1993.txt_headquarters_state_153,-1.2540010213851929,1,-1.2540010213851929,headquarters_state
patch_random_09,California,277821_1993.txt_headquarters_state_153,-1.7403311729431152,1,-1.7403311729431152,headquarters_state
patch_random_10,California,277821_1993.txt_headquarters_state_153,-2.4521095752716064,1,-2.4521095752716064,headquarters_state
patch_random_11,California,277821_1993.txt_headquarters_state_153,-1.6069519519805908,1,-1.6069519519805908,headquarters_state
patch_random_12,California,277821_1993.txt_headquarters_state_153,-1.8253200054168701,1,-1.8253200054168701,headquarters_state
patch_random_13,California,277821_1993.txt_headquarters_state_153,-8.224312782287598,1,-8.224312782287598,headquarters_state
patch_random_14,California,277821_1993.txt_headquarters_state_153,-1.6962690353393555,1,-1.6962690353393555,headquarters_state
patch_random_15,California,277821_1993.txt_headquarters_state_153,-2.498903751373291,1,-2.498903751373291,headquarters_state
patch_random_16,California,277821_1993.txt_headquarters_state_153,-2.2815098762512207,1,-2.2815098762512207,headquarters_state
patch_random_17,California,277821_1993.txt_headquarters_state_153,-0.4676259458065033,1,-0.4676259458065033,headquarters_state
patch_random_18,California,277821_1993.txt_headquarters_state_153,-1.059632658958435,1,-1.059632658958435,headquarters_state
patch_random_19,California,277821_1993.txt_headquarters_state_153,-1.7608336210250854,1,-1.7608336210250854,headquarters_state
patch_matched_layer_random_00,California,277821_1993.txt_headquarters_state_153,-1.0716767311096191,1,-1.0716767311096191,headquarters_state
patch_matched_layer_random_01,California,277821_1993.txt_headquarters_state_153,-6.428914546966553,1,-6.428914546966553,headquarters_state
patch_matched_layer_random_02,California,277821_1993.txt_headquarters_state_153,-1.1152281761169434,1,-1.1152281761169434,headquarters_state
patch_matched_layer_random_03,California,277821_1993.txt_headquarters_state_153,-0.685578465461731,1,-0.685578465461731,headquarters_state
patch_matched_layer_random_04,California,277821_1993.txt_headquarters_state_153,-0.5264692306518555,1,-0.5264692306518555,headquarters_state
patch_matched_layer_random_05,California,277821_1993.txt_headquarters_state_153,-0.09276173263788223,1,-0.09276173263788223,headquarters_state
patch_matched_layer_random_06,California,277821_1993.txt_headquarters_state_153,-1.593461036682129,1,-1.593461036682129,headquarters_state
patch_matched_layer_random_07,California,277821_1993.txt_headquarters_state_153,-0.27198413014411926,1,-0.27198413014411926,headquarters_state
patch_matched_layer_random_08,California,277821_1993.txt_headquarters_state_153,-3.5812840461730957,1,-3.5812840461730957,headquarters_state
patch_matched_layer_random_09,California,277821_1993.txt_headquarters_state_153,-0.3412242531776428,1,-0.3412242531776428,headquarters_state
patch_matched_layer_random_10,California,277821_1993.txt_headquarters_state_153,-2.5905656814575195,1,-2.5905656814575195,headquarters_state
patch_matched_layer_random_11,California,277821_1993.txt_headquarters_state_153,-1.2147871255874634,1,-1.2147871255874634,headquarters_state
patch_matched_layer_random_12,California,277821_1993.txt_headquarters_state_153,-3.8492116928100586,1,-3.8492116928100586,headquarters_state
patch_matched_layer_random_13,California,277821_1993.txt_headquarters_state_153,-0.59848952293396,1,-0.59848952293396,headquarters_state
patch_matched_layer_random_14,California,277821_1993.txt_headquarters_state_153,-2.14772891998291,1,-2.14772891998291,headquarters_state
patch_matched_layer_random_15,California,277821_1993.txt_headquarters_state_153,-7.412819862365723,1,-7.412819862365723,headquarters_state
patch_matched_layer_random_16,California,277821_1993.txt_headquarters_state_153,-0.9742817282676697,1,-0.9742817282676697,headquarters_state
patch_matched_layer_random_17,California,277821_1993.txt_headquarters_state_153,-1.8935834169387817,1,-1.8935834169387817,headquarters_state
patch_matched_layer_random_18,California,277821_1993.txt_headquarters_state_153,-0.24410401284694672,1,-0.24410401284694672,headquarters_state
patch_matched_layer_random_19,California,277821_1993.txt_headquarters_state_153,-0.03728463128209114,1,-0.03728463128209114,headquarters_state
clean,Tennessee,764764_1993.txt_headquarters_state_43,-0.00015101949975360185,2,-0.0003020389995072037,headquarters_state
qr_ablate,Tennessee,764764_1993.txt_headquarters_state_43,-2.3118700981140137,2,-4.623740196228027,headquarters_state
patch_qr,Tennessee,764764_1993.txt_headquarters_state_43,-0.4092141091823578,2,-0.8184282183647156,headquarters_state
patch_bottom,Tennessee,764764_1993.txt_headquarters_state_43,-2.6137807369232178,2,-5.2275614738464355,headquarters_state
patch_same_layer,Tennessee,764764_1993.txt_headquarters_state_43,-5.649430751800537,2,-11.298861503601074,headquarters_state
patch_random_00,Tennessee,764764_1993.txt_headquarters_state_43,-2.814563274383545,2,-5.62912654876709,headquarters_state
patch_random_01,Tennessee,764764_1993.txt_headquarters_state_43,-1.4286096096038818,2,-2.8572192192077637,headquarters_state
patch_random_02,Tennessee,764764_1993.txt_headquarters_state_43,-1.7557437419891357,2,-3.5114874839782715,headquarters_state
patch_random_03,Tennessee,764764_1993.txt_headquarters_state_43,-2.956205368041992,2,-5.912410736083984,headquarters_state
patch_random_04,Tennessee,764764_1993.txt_headquarters_state_43,-2.138953685760498,2,-4.277907371520996,headquarters_state
patch_random_05,Tennessee,764764_1993.txt_headquarters_state_43,-1.650938868522644,2,-3.301877737045288,headquarters_state
patch_random_06,Tennessee,764764_1993.txt_headquarters_state_43,-2.374232530593872,2,-4.748465061187744,headquarters_state
patch_random_07,Tennessee,764764_1993.txt_headquarters_state_43,-2.2232611179351807,2,-4.446522235870361,headquarters_state
patch_random_08,Tennessee,764764_1993.txt_headquarters_state_43,-2.2400193214416504,2,-4.480038642883301,headquarters_state
patch_random_09,Tennessee,764764_1993.txt_headquarters_state_43,-2.210094690322876,2,-4.420189380645752,headquarters_state
patch_random_10,Tennessee,764764_1993.txt_headquarters_state_43,-2.3466577529907227,2,-4.693315505981445,headquarters_state
patch_random_11,Tennessee,764764_1993.txt_headquarters_state_43,-2.038363456726074,2,-4.076726913452148,headquarters_state
patch_random_12,Tennessee,764764_1993.txt_headquarters_state_43,-2.170367479324341,2,-4.340734958648682,headquarters_state
patch_random_13,Tennessee,764764_1993.txt_headquarters_state_43,-4.295128345489502,2,-8.590256690979004,headquarters_state
patch_random_14,Tennessee,764764_1993.txt_headquarters_state_43,-2.6307263374328613,2,-5.261452674865723,headquarters_state
patch_random_15,Tennessee,764764_1993.txt_headquarters_state_43,-5.578286647796631,2,-11.156573295593262,headquarters_state
patch_random_16,Tennessee,764764_1993.txt_headquarters_state_43,-2.327775716781616,2,-4.655551433563232,headquarters_state
patch_random_17,Tennessee,764764_1993.txt_headquarters_state_43,-1.094738245010376,2,-2.189476490020752,headquarters_state
patch_random_18,Tennessee,764764_1993.txt_headquarters_state_43,-1.083768606185913,2,-2.167537212371826,headquarters_state
patch_random_19,Tennessee,764764_1993.txt_headquarters_state_43,-2.725480318069458,2,-5.450960636138916,headquarters_state
patch_matched_layer_random_00,Tennessee,764764_1993.txt_headquarters_state_43,-0.6410618424415588,2,-1.2821236848831177,headquarters_state
patch_matched_layer_random_01,Tennessee,764764_1993.txt_headquarters_state_43,-5.640232086181641,2,-11.280464172363281,headquarters_state
patch_matched_layer_random_02,Tennessee,764764_1993.txt_headquarters_state_43,-0.8073527812957764,2,-1.6147055625915527,headquarters_state
patch_matched_layer_random_03,Tennessee,764764_1993.txt_headquarters_state_43,-2.019467353820801,2,-4.038934707641602,headquarters_state
patch_matched_layer_random_04,Tennessee,764764_1993.txt_headquarters_state_43,-1.1990010738372803,2,-2.3980021476745605,headquarters_state
patch_matched_layer_random_05,Tennessee,764764_1993.txt_headquarters_state_43,-0.23534922301769257,2,-0.47069844603538513,headquarters_state
patch_matched_layer_random_06,Tennessee,764764_1993.txt_headquarters_state_43,-2.3919050693511963,2,-4.783810138702393,headquarters_state
patch_matched_layer_random_07,Tennessee,764764_1993.txt_headquarters_state_43,-0.8817593455314636,2,-1.7635186910629272,headquarters_state
patch_matched_layer_random_08,Tennessee,764764_1993.txt_headquarters_state_43,-2.707991600036621,2,-5.415983200073242,headquarters_state
patch_matched_layer_random_09,Tennessee,764764_1993.txt_headquarters_state_43,-1.3188788890838623,2,-2.6377577781677246,headquarters_state
patch_matched_layer_random_10,Tennessee,764764_1993.txt_headquarters_state_43,-1.8382728099822998,2,-3.6765456199645996,headquarters_state
patch_matched_layer_random_11,Tennessee,764764_1993.txt_headquarters_state_43,-2.2976229190826416,2,-4.595245838165283,headquarters_state
patch_matched_layer_random_12,Tennessee,764764_1993.txt_headquarters_state_43,-2.786898136138916,2,-5.573796272277832,headquarters_state
patch_matched_layer_random_13,Tennessee,764764_1993.txt_headquarters_state_43,-0.7169490456581116,2,-1.4338980913162231,headquarters_state
patch_matched_layer_random_14,Tennessee,764764_1993.txt_headquarters_state_43,-2.13657283782959,2,-4.27314567565918,headquarters_state
patch_matched_layer_random_15,Tennessee,764764_1993.txt_headquarters_state_43,-6.5709428787231445,2,-13.141885757446289,headquarters_state
patch_matched_layer_random_16,Tennessee,764764_1993.txt_headquarters_state_43,-0.9095738530158997,2,-1.8191477060317993,headquarters_state
patch_matched_layer_random_17,Tennessee,764764_1993.txt_headquarters_state_43,-2.9413352012634277,2,-5.8826704025268555,headquarters_state
patch_matched_layer_random_18,Tennessee,764764_1993.txt_headquarters_state_43,-0.5288330316543579,2,-1.0576660633087158,headquarters_state
patch_matched_layer_random_19,Tennessee,764764_1993.txt_headquarters_state_43,-0.2628266215324402,2,-0.5256532430648804,headquarters_state
clean,Illinois,310431_1993.txt_headquarters_state_67,-0.00023395312018692493,2,-0.00046790624037384987,headquarters_state
qr_ablate,Illinois,310431_1993.txt_headquarters_state_67,-1.9437835216522217,2,-3.8875670433044434,headquarters_state
patch_qr,Illinois,310431_1993.txt_headquarters_state_67,-0.00589765002951026,2,-0.01179530005902052,headquarters_state
patch_bottom,Illinois,310431_1993.txt_headquarters_state_67,-2.122377634048462,2,-4.244755268096924,headquarters_state
patch_same_layer,Illinois,310431_1993.txt_headquarters_state_67,-1.3599995374679565,2,-2.719999074935913,headquarters_state
patch_random_00,Illinois,310431_1993.txt_headquarters_state_67,-2.619023084640503,2,-5.238046169281006,headquarters_state
patch_random_01,Illinois,310431_1993.txt_headquarters_state_67,-0.14145547151565552,2,-0.28291094303131104,headquarters_state
patch_random_02,Illinois,310431_1993.txt_headquarters_state_67,-0.6199365854263306,2,-1.2398731708526611,headquarters_state
patch_random_03,Illinois,310431_1993.txt_headquarters_state_67,-1.403768539428711,2,-2.807537078857422,headquarters_state
patch_random_04,Illinois,310431_1993.txt_headquarters_state_67,-1.3863977193832397,2,-2.7727954387664795,headquarters_state
patch_random_05,Illinois,310431_1993.txt_headquarters_state_67,-1.9431246519088745,2,-3.886249303817749,headquarters_state
patch_random_06,Illinois,310431_1993.txt_headquarters_state_67,-1.9666587114334106,2,-3.9333174228668213,headquarters_state
patch_random_07,Illinois,310431_1993.txt_headquarters_state_67,-0.9336155652999878,2,-1.8672311305999756,headquarters_state
patch_random_08,Illinois,310431_1993.txt_headquarters_state_67,-1.3185309171676636,2,-2.637061834335327,headquarters_state
patch_random_09,Illinois,310431_1993.txt_headquarters_state_67,-1.840889573097229,2,-3.681779146194458,headquarters_state
patch_random_10,Illinois,310431_1993.txt_headquarters_state_67,-2.105485200881958,2,-4.210970401763916,headquarters_state
patch_random_11,Illinois,310431_1993.txt_headquarters_state_67,-0.6518340110778809,2,-1.3036680221557617,headquarters_state
patch_random_12,Illinois,310431_1993.txt_headquarters_state_67,-2.23933744430542,2,-4.47867488861084,headquarters_state
patch_random_13,Illinois,310431_1993.txt_headquarters_state_67,-5.259401798248291,2,-10.518803596496582,headquarters_state
patch_random_14,Illinois,310431_1993.txt_headquarters_state_67,-1.8537191152572632,2,-3.7074382305145264,headquarters_state
patch_random_15,Illinois,310431_1993.txt_headquarters_state_67,-2.5480079650878906,2,-5.096015930175781,headquarters_state
patch_random_16,Illinois,310431_1993.txt_headquarters_state_67,-1.8503355979919434,2,-3.7006711959838867,headquarters_state
patch_random_17,Illinois,310431_1993.txt_headquarters_state_67,-0.8611899614334106,2,-1.7223799228668213,headquarters_state
patch_random_18,Illinois,310431_1993.txt_headquarters_state_67,-1.0715456008911133,2,-2.1430912017822266,headquarters_state
patch_random_19,Illinois,310431_1993.txt_headquarters_state_67,-2.4544830322265625,2,-4.908966064453125,headquarters_state
patch_matched_layer_random_00,Illinois,310431_1993.txt_headquarters_state_67,-1.0301246643066406,2,-2.0602493286132812,headquarters_state
patch_matched_layer_random_01,Illinois,310431_1993.txt_headquarters_state_67,-4.684963226318359,2,-9.369926452636719,headquarters_state
patch_matched_layer_random_02,Illinois,310431_1993.txt_headquarters_state_67,-0.07696641981601715,2,-0.1539328396320343,headquarters_state
patch_matched_layer_random_03,Illinois,310431_1993.txt_headquarters_state_67,-1.448350429534912,2,-2.896700859069824,headquarters_state
patch_matched_layer_random_04,Illinois,310431_1993.txt_headquarters_state_67,-1.612640380859375,2,-3.22528076171875,headquarters_state
patch_matched_layer_random_05,Illinois,310431_1993.txt_headquarters_state_67,-0.04206695035099983,2,-0.08413390070199966,headquarters_state
patch_matched_layer_random_06,Illinois,310431_1993.txt_headquarters_state_67,-2.0768306255340576,2,-4.153661251068115,headquarters_state
patch_matched_layer_random_07,Illinois,310431_1993.txt_headquarters_state_67,-0.2549140155315399,2,-0.5098280310630798,headquarters_state
patch_matched_layer_random_08,Illinois,310431_1993.txt_headquarters_state_67,-2.812528133392334,2,-5.625056266784668,headquarters_state
patch_matched_layer_random_09,Illinois,310431_1993.txt_headquarters_state_67,-0.4895666837692261,2,-0.9791333675384521,headquarters_state
patch_matched_layer_random_10,Illinois,310431_1993.txt_headquarters_state_67,-1.9245846271514893,2,-3.8491692543029785,headquarters_state
patch_matched_layer_random_11,Illinois,310431_1993.txt_headquarters_state_67,-2.41365909576416,2,-4.82731819152832,headquarters_state
patch_matched_layer_random_12,Illinois,310431_1993.txt_headquarters_state_67,-2.599562644958496,2,-5.199125289916992,headquarters_state
patch_matched_layer_random_13,Illinois,310431_1993.txt_headquarters_state_67,-0.7373011708259583,2,-1.4746023416519165,headquarters_state
patch_matched_layer_random_14,Illinois,310431_1993.txt_headquarters_state_67,-2.016618013381958,2,-4.033236026763916,headquarters_state
patch_matched_layer_random_15,Illinois,310431_1993.txt_headquarters_state_67,-6.148464202880859,2,-12.296928405761719,headquarters_state
patch_matched_layer_random_16,Illinois,310431_1993.txt_headquarters_state_67,-0.8130691647529602,2,-1.6261383295059204,headquarters_state
patch_matched_layer_random_17,Illinois,310431_1993.txt_headquarters_state_67,-1.5832393169403076,2,-3.1664786338806152,headquarters_state
patch_matched_layer_random_18,Illinois,310431_1993.txt_headquarters_state_67,-0.3337288498878479,2,-0.6674576997756958,headquarters_state
patch_matched_layer_random_19,Illinois,310431_1993.txt_headquarters_state_67,-0.18895187973976135,2,-0.3779037594795227,headquarters_state
clean,Connecticut,40878_1993.txt_headquarters_state_15,-0.34315890073776245,2,-0.6863178014755249,headquarters_state
qr_ablate,Connecticut,40878_1993.txt_headquarters_state_15,-5.802614688873291,2,-11.605229377746582,headquarters_state
patch_qr,Connecticut,40878_1993.txt_headquarters_state_15,-1.6973768472671509,2,-3.3947536945343018,headquarters_state
patch_bottom,Connecticut,40878_1993.txt_headquarters_state_15,-5.925009727478027,2,-11.850019454956055,headquarters_state
patch_same_layer,Connecticut,40878_1993.txt_headquarters_state_15,-5.28727388381958,2,-10.57454776763916,headquarters_state
patch_random_00,Connecticut,40878_1993.txt_headquarters_state_15,-5.747649669647217,2,-11.495299339294434,headquarters_state
patch_random_01,Connecticut,40878_1993.txt_headquarters_state_15,-5.129118919372559,2,-10.258237838745117,headquarters_state
patch_random_02,Connecticut,40878_1993.txt_headquarters_state_15,-5.721250057220459,2,-11.442500114440918,headquarters_state
patch_random_03,Connecticut,40878_1993.txt_headquarters_state_15,-5.384781837463379,2,-10.769563674926758,headquarters_state
patch_random_04,Connecticut,40878_1993.txt_headquarters_state_15,-5.758707046508789,2,-11.517414093017578,headquarters_state
patch_random_05,Connecticut,40878_1993.txt_headquarters_state_15,-6.0532426834106445,2,-12.106485366821289,headquarters_state
patch_random_06,Connecticut,40878_1993.txt_headquarters_state_15,-5.3384928703308105,2,-10.676985740661621,headquarters_state
patch_random_07,Connecticut,40878_1993.txt_headquarters_state_15,-5.8259077072143555,2,-11.651815414428711,headquarters_state
patch_random_08,Connecticut,40878_1993.txt_headquarters_state_15,-5.584613800048828,2,-11.169227600097656,headquarters_state
patch_random_09,Connecticut,40878_1993.txt_headquarters_state_15,-5.695757865905762,2,-11.391515731811523,headquarters_state
patch_random_10,Connecticut,40878_1993.txt_headquarters_state_15,-5.971074104309082,2,-11.942148208618164,headquarters_state
patch_random_11,Connecticut,40878_1993.txt_headquarters_state_15,-5.129807472229004,2,-10.259614944458008,headquarters_state
patch_random_12,Connecticut,40878_1993.txt_headquarters_state_15,-6.188603401184082,2,-12.377206802368164,headquarters_state
patch_random_13,Connecticut,40878_1993.txt_headquarters_state_15,-6.379787921905518,2,-12.759575843811035,headquarters_state
patch_random_14,Connecticut,40878_1993.txt_headquarters_state_15,-5.5890583992004395,2,-11.178116798400879,headquarters_state
patch_random_15,Connecticut,40878_1993.txt_headquarters_state_15,-5.977790355682373,2,-11.955580711364746,headquarters_state
patch_random_16,Connecticut,40878_1993.txt_headquarters_state_15,-5.7576375007629395,2,-11.515275001525879,headquarters_state
patch_random_17,Connecticut,40878_1993.txt_headquarters_state_15,-5.431591510772705,2,-10.86318302154541,headquarters_state
patch_random_18,Connecticut,40878_1993.txt_headquarters_state_15,-5.410878658294678,2,-10.821757316589355,headquarters_state
patch_random_19,Connecticut,40878_1993.txt_headquarters_state_15,-6.099320411682129,2,-12.198640823364258,headquarters_state
patch_matched_layer_random_00,Connecticut,40878_1993.txt_headquarters_state_15,-5.94644021987915,2,-11.8928804397583,headquarters_state
patch_matched_layer_random_01,Connecticut,40878_1993.txt_headquarters_state_15,-6.477496147155762,2,-12.954992294311523,headquarters_state
patch_matched_layer_random_02,Connecticut,40878_1993.txt_headquarters_state_15,-5.567173480987549,2,-11.134346961975098,headquarters_state
patch_matched_layer_random_03,Connecticut,40878_1993.txt_headquarters_state_15,-4.902425289154053,2,-9.804850578308105,headquarters_state
patch_matched_layer_random_04,Connecticut,40878_1993.txt_headquarters_state_15,-5.384893894195557,2,-10.769787788391113,headquarters_state
patch_matched_layer_random_05,Connecticut,40878_1993.txt_headquarters_state_15,-5.033220291137695,2,-10.06644058227539,headquarters_state
patch_matched_layer_random_06,Connecticut,40878_1993.txt_headquarters_state_15,-5.804354667663574,2,-11.608709335327148,headquarters_state
patch_matched_layer_random_07,Connecticut,40878_1993.txt_headquarters_state_15,-5.788820266723633,2,-11.577640533447266,headquarters_state
patch_matched_layer_random_08,Connecticut,40878_1993.txt_headquarters_state_15,-5.7050251960754395,2,-11.410050392150879,headquarters_state
patch_matched_layer_random_09,Connecticut,40878_1993.txt_headquarters_state_15,-4.279151439666748,2,-8.558302879333496,headquarters_state
patch_matched_layer_random_10,Connecticut,40878_1993.txt_headquarters_state_15,-6.019243240356445,2,-12.03848648071289,headquarters_state
patch_matched_layer_random_11,Connecticut,40878_1993.txt_headquarters_state_15,-5.542564392089844,2,-11.085128784179688,headquarters_state
patch_matched_layer_random_12,Connecticut,40878_1993.txt_headquarters_state_15,-5.84737491607666,2,-11.69474983215332,headquarters_state
patch_matched_layer_random_13,Connecticut,40878_1993.txt_headquarters_state_15,-5.897525310516357,2,-11.795050621032715,headquarters_state
patch_matched_layer_random_14,Connecticut,40878_1993.txt_headquarters_state_15,-6.025197505950928,2,-12.050395011901855,headquarters_state
patch_matched_layer_random_15,Connecticut,40878_1993.txt_headquarters_state_15,-6.782040596008301,2,-13.564081192016602,headquarters_state
patch_matched_layer_random_16,Connecticut,40878_1993.txt_headquarters_state_15,-4.922674655914307,2,-9.845349311828613,headquarters_state
patch_matched_layer_random_17,Connecticut,40878_1993.txt_headquarters_state_15,-5.4727020263671875,2,-10.945404052734375,headquarters_state
patch_matched_layer_random_18,Connecticut,40878_1993.txt_headquarters_state_15,-5.842545032501221,2,-11.685090065002441,headquarters_state
patch_matched_layer_random_19,Connecticut,40878_1993.txt_headquarters_state_15,-5.122531414031982,2,-10.245062828063965,headquarters_state
clean,California,201461_1993.txt_headquarters_state_74,-0.5644394159317017,1,-0.5644394159317017,headquarters_state
qr_ablate,California,201461_1993.txt_headquarters_state_74,-1.686870813369751,1,-1.686870813369751,headquarters_state
patch_qr,California,201461_1993.txt_headquarters_state_74,-0.0836743712425232,1,-0.0836743712425232,headquarters_state
patch_bottom,California,201461_1993.txt_headquarters_state_74,-2.1044108867645264,1,-2.1044108867645264,headquarters_state
patch_same_layer,California,201461_1993.txt_headquarters_state_74,-3.016263484954834,1,-3.016263484954834,headquarters_state
patch_random_00,California,201461_1993.txt_headquarters_state_74,-2.3915014266967773,1,-2.3915014266967773,headquarters_state
patch_random_01,California,201461_1993.txt_headquarters_state_74,-0.5641272068023682,1,-0.5641272068023682,headquarters_state
patch_random_02,California,201461_1993.txt_headquarters_state_74,-1.5122638940811157,1,-1.5122638940811157,headquarters_state
patch_random_03,California,201461_1993.txt_headquarters_state_74,-1.2293622493743896,1,-1.2293622493743896,headquarters_state
patch_random_04,California,201461_1993.txt_headquarters_state_74,-2.1140859127044678,1,-2.1140859127044678,headquarters_state
patch_random_05,California,201461_1993.txt_headquarters_state_74,-1.5694853067398071,1,-1.5694853067398071,headquarters_state
patch_random_06,California,201461_1993.txt_headquarters_state_74,-1.197780728340149,1,-1.197780728340149,headquarters_state
patch_random_07,California,201461_1993.txt_headquarters_state_74,-1.4406307935714722,1,-1.4406307935714722,headquarters_state
patch_random_08,California,201461_1993.txt_headquarters_state_74,-1.5682331323623657,1,-1.5682331323623657,headquarters_state
patch_random_09,California,201461_1993.txt_headquarters_state_74,-1.4973440170288086,1,-1.4973440170288086,headquarters_state
patch_random_10,California,201461_1993.txt_headquarters_state_74,-2.1723337173461914,1,-2.1723337173461914,headquarters_state
patch_random_11,California,201461_1993.txt_headquarters_state_74,-2.120018243789673,1,-2.120018243789673,headquarters_state
patch_random_12,California,201461_1993.txt_headquarters_state_74,-1.7937252521514893,1,-1.7937252521514893,headquarters_state
patch_random_13,California,201461_1993.txt_headquarters_state_74,-3.9725465774536133,1,-3.9725465774536133,headquarters_state
patch_random_14,California,201461_1993.txt_headquarters_state_74,-1.3421943187713623,1,-1.3421943187713623,headquarters_state
patch_random_15,California,201461_1993.txt_headquarters_state_74,-2.1421189308166504,1,-2.1421189308166504,headquarters_state
patch_random_16,California,201461_1993.txt_headquarters_state_74,-1.924899697303772,1,-1.924899697303772,headquarters_state
patch_random_17,California,201461_1993.txt_headquarters_state_74,-0.6856526136398315,1,-0.6856526136398315,headquarters_state
patch_random_18,California,201461_1993.txt_headquarters_state_74,-2.2892634868621826,1,-2.2892634868621826,headquarters_state
patch_random_19,California,201461_1993.txt_headquarters_state_74,-1.0348727703094482,1,-1.0348727703094482,headquarters_state
patch_matched_layer_random_00,California,201461_1993.txt_headquarters_state_74,-1.4896600246429443,1,-1.4896600246429443,headquarters_state
patch_matched_layer_random_01,California,201461_1993.txt_headquarters_state_74,-5.620738506317139,1,-5.620738506317139,headquarters_state
patch_matched_layer_random_02,California,201461_1993.txt_headquarters_state_74,-0.6619558930397034,1,-0.6619558930397034,headquarters_state
patch_matched_layer_random_03,California,201461_1993.txt_headquarters_state_74,-0.7136619687080383,1,-0.7136619687080383,headquarters_state
patch_matched_layer_random_04,California,201461_1993.txt_headquarters_state_74,-0.7732552886009216,1,-0.7732552886009216,headquarters_state
patch_matched_layer_random_05,California,201461_1993.txt_headquarters_state_74,-0.2670360207557678,1,-0.2670360207557678,headquarters_state
patch_matched_layer_random_06,California,201461_1993.txt_headquarters_state_74,-1.4523143768310547,1,-1.4523143768310547,headquarters_state
patch_matched_layer_random_07,California,201461_1993.txt_headquarters_state_74,-0.6731963157653809,1,-0.6731963157653809,headquarters_state
patch_matched_layer_random_08,California,201461_1993.txt_headquarters_state_74,-0.8550315499305725,1,-0.8550315499305725,headquarters_state
patch_matched_layer_random_09,California,201461_1993.txt_headquarters_state_74,-0.9532700181007385,1,-0.9532700181007385,headquarters_state
patch_matched_layer_random_10,California,201461_1993.txt_headquarters_state_74,-2.6015443801879883,1,-2.6015443801879883,headquarters_state
patch_matched_layer_random_11,California,201461_1993.txt_headquarters_state_74,-0.7451848387718201,1,-0.7451848387718201,headquarters_state
patch_matched_layer_random_12,California,201461_1993.txt_headquarters_state_74,-2.36409068107605,1,-2.36409068107605,headquarters_state
patch_matched_layer_random_13,California,201461_1993.txt_headquarters_state_74,-0.6731697916984558,1,-0.6731697916984558,headquarters_state
patch_matched_layer_random_14,California,201461_1993.txt_headquarters_state_74,-1.4350305795669556,1,-1.4350305795669556,headquarters_state
patch_matched_layer_random_15,California,201461_1993.txt_headquarters_state_74,-5.935413360595703,1,-5.935413360595703,headquarters_state
patch_matched_layer_random_16,California,201461_1993.txt_headquarters_state_74,-1.4375278949737549,1,-1.4375278949737549,headquarters_state
patch_matched_layer_random_17,California,201461_1993.txt_headquarters_state_74,-2.2561194896698,1,-2.2561194896698,headquarters_state
patch_matched_layer_random_18,California,201461_1993.txt_headquarters_state_74,-0.4024086892604828,1,-0.4024086892604828,headquarters_state
patch_matched_layer_random_19,California,201461_1993.txt_headquarters_state_74,-0.22415955364704132,1,-0.22415955364704132,headquarters_state
clean,Illinois,865227_1993.txt_headquarters_state_49,-0.00015202834038063884,2,-0.0003040566807612777,headquarters_state
qr_ablate,Illinois,865227_1993.txt_headquarters_state_49,-1.3821160793304443,2,-2.7642321586608887,headquarters_state
patch_qr,Illinois,865227_1993.txt_headquarters_state_49,-0.004544405732303858,2,-0.009088811464607716,headquarters_state
patch_bottom,Illinois,865227_1993.txt_headquarters_state_49,-1.455189824104309,2,-2.910379648208618,headquarters_state
patch_same_layer,Illinois,865227_1993.txt_headquarters_state_49,-3.5205612182617188,2,-7.0411224365234375,headquarters_state
patch_random_00,Illinois,865227_1993.txt_headquarters_state_49,-1.5766825675964355,2,-3.153365135192871,headquarters_state
patch_random_01,Illinois,865227_1993.txt_headquarters_state_49,-0.5042058229446411,2,-1.0084116458892822,headquarters_state
patch_random_02,Illinois,865227_1993.txt_headquarters_state_49,-0.8232011198997498,2,-1.6464022397994995,headquarters_state
patch_random_03,Illinois,865227_1993.txt_headquarters_state_49,-1.440159559249878,2,-2.880319118499756,headquarters_state
patch_random_04,Illinois,865227_1993.txt_headquarters_state_49,-1.0762298107147217,2,-2.1524596214294434,headquarters_state
patch_random_05,Illinois,865227_1993.txt_headquarters_state_49,-0.3374316394329071,2,-0.6748632788658142,headquarters_state
patch_random_06,Illinois,865227_1993.txt_headquarters_state_49,-1.0573471784591675,2,-2.114694356918335,headquarters_state
patch_random_07,Illinois,865227_1993.txt_headquarters_state_49,-0.7385573983192444,2,-1.4771147966384888,headquarters_state
patch_random_08,Illinois,865227_1993.txt_headquarters_state_49,-0.8219552040100098,2,-1.6439104080200195,headquarters_state
patch_random_09,Illinois,865227_1993.txt_headquarters_state_49,-1.349143147468567,2,-2.698286294937134,headquarters_state
patch_random_10,Illinois,865227_1993.txt_headquarters_state_49,-1.5522141456604004,2,-3.104428291320801,headquarters_state
patch_random_11,Illinois,865227_1993.txt_headquarters_state_49,-0.8713866472244263,2,-1.7427732944488525,headquarters_state
patch_random_12,Illinois,865227_1993.txt_headquarters_state_49,-1.5592414140701294,2,-3.118482828140259,headquarters_state
patch_random_13,Illinois,865227_1993.txt_headquarters_state_49,-3.1740429401397705,2,-6.348085880279541,headquarters_state
patch_random_14,Illinois,865227_1993.txt_headquarters_state_49,-1.2956790924072266,2,-2.591358184814453,headquarters_state
patch_random_15,Illinois,865227_1993.txt_headquarters_state_49,-1.7775850296020508,2,-3.5551700592041016,headquarters_state
patch_random_16,Illinois,865227_1993.txt_headquarters_state_49,-1.578161597251892,2,-3.156323194503784,headquarters_state
patch_random_17,Illinois,865227_1993.txt_headquarters_state_49,-0.5841220021247864,2,-1.1682440042495728,headquarters_state
patch_random_18,Illinois,865227_1993.txt_headquarters_state_49,-0.4173866808414459,2,-0.8347733616828918,headquarters_state
patch_random_19,Illinois,865227_1993.txt_headquarters_state_49,-1.722406268119812,2,-3.444812536239624,headquarters_state
patch_matched_layer_random_00,Illinois,865227_1993.txt_headquarters_state_49,-0.19821111857891083,2,-0.39642223715782166,headquarters_state
patch_matched_layer_random_01,Illinois,865227_1993.txt_headquarters_state_49,-3.191108465194702,2,-6.382216930389404,headquarters_state
patch_matched_layer_random_02,Illinois,865227_1993.txt_headquarters_state_49,-0.14256229996681213,2,-0.28512459993362427,headquarters_state
patch_matched_layer_random_03,Illinois,865227_1993.txt_headquarters_state_49,-0.6462064385414124,2,-1.2924128770828247,headquarters_state
patch_matched_layer_random_04,Illinois,865227_1993.txt_headquarters_state_49,-1.4064228534698486,2,-2.8128457069396973,headquarters_state
patch_matched_layer_random_05,Illinois,865227_1993.txt_headquarters_state_49,-0.0698976144194603,2,-0.1397952288389206,headquarters_state
patch_matched_layer_random_06,Illinois,865227_1993.txt_headquarters_state_49,-0.8015229105949402,2,-1.6030458211898804,headquarters_state
patch_matched_layer_random_07,Illinois,865227_1993.txt_headquarters_state_49,-0.8916089534759521,2,-1.7832179069519043,headquarters_state
patch_matched_layer_random_08,Illinois,865227_1993.txt_headquarters_state_49,-0.8485628962516785,2,-1.697125792503357,headquarters_state
patch_matched_layer_random_09,Illinois,865227_1993.txt_headquarters_state_49,-0.5820488929748535,2,-1.164097785949707,headquarters_state
patch_matched_layer_random_10,Illinois,865227_1993.txt_headquarters_state_49,-1.120546579360962,2,-2.241093158721924,headquarters_state
patch_matched_layer_random_11,Illinois,865227_1993.txt_headquarters_state_49,-1.5517964363098145,2,-3.103592872619629,headquarters_state
patch_matched_layer_random_12,Illinois,865227_1993.txt_headquarters_state_49,-3.1937062740325928,2,-6.3874125480651855,headquarters_state
patch_matched_layer_random_13,Illinois,865227_1993.txt_headquarters_state_49,-0.3553115427494049,2,-0.7106230854988098,headquarters_state
patch_matched_layer_random_14,Illinois,865227_1993.txt_headquarters_state_49,-1.2894598245620728,2,-2.5789196491241455,headquarters_state
patch_matched_layer_random_15,Illinois,865227_1993.txt_headquarters_state_49,-5.005677223205566,2,-10.011354446411133,headquarters_state
patch_matched_layer_random_16,Illinois,865227_1993.txt_headquarters_state_49,-0.3777196705341339,2,-0.7554393410682678,headquarters_state
patch_matched_layer_random_17,Illinois,865227_1993.txt_headquarters_state_49,-0.5909443497657776,2,-1.1818886995315552,headquarters_state
patch_matched_layer_random_18,Illinois,865227_1993.txt_headquarters_state_49,-0.29511740803718567,2,-0.5902348160743713,headquarters_state
patch_matched_layer_random_19,Illinois,865227_1993.txt_headquarters_state_49,-0.026614466682076454,2,-0.05322893336415291,headquarters_state
clean,"CABLE TV FUND 14-B, LTD.",821480_1993.txt_registrant_name_235,-0.3286074995994568,12,-3.9432897567749023,registrant_name
qr_ablate,"CABLE TV FUND 14-B, LTD.",821480_1993.txt_registrant_name_235,-0.35748836398124695,12,-4.289860248565674,registrant_name
patch_qr,"CABLE TV FUND 14-B, LTD.",821480_1993.txt_registrant_name_235,-0.13215652108192444,12,-1.5858782529830933,registrant_name
patch_bottom,"CABLE TV FUND 14-B, LTD.",821480_1993.txt_registrant_name_235,-0.3672713041305542,12,-4.40725564956665,registrant_name
patch_same_layer,"CABLE TV FUND 14-B, LTD.",821480_1993.txt_registrant_name_235,-0.5667511224746704,12,-6.801013469696045,registrant_name
patch_random_00,"CABLE TV FUND 14-B, LTD.",821480_1993.txt_registrant_name_235,-0.34755510091781616,12,-4.170660972595215,registrant_name
patch_random_01,"CABLE TV FUND 14-B, LTD.",821480_1993.txt_registrant_name_235,-0.3062640428543091,12,-3.675168514251709,registrant_name
patch_random_02,"CABLE TV FUND 14-B, LTD.",821480_1993.txt_registrant_name_235,-0.3533926010131836,12,-4.240711212158203,registrant_name
patch_random_03,"CABLE TV FUND 14-B, LTD.",821480_1993.txt_registrant_name_235,-0.38603901863098145,12,-4.632468223571777,registrant_name
patch_random_04,"CABLE TV FUND 14-B, LTD.",821480_1993.txt_registrant_name_235,-0.26805973052978516,12,-3.2167165279388428,registrant_name
patch_random_05,"CABLE TV FUND 14-B, LTD.",821480_1993.txt_registrant_name_235,-0.4076426029205322,12,-4.891711235046387,registrant_name
patch_random_06,"CABLE TV FUND 14-B, LTD.",821480_1993.txt_registrant_name_235,-0.3279974162578583,12,-3.9359688758850098,registrant_name
patch_random_07,"CABLE TV FUND 14-B, LTD.",821480_1993.txt_registrant_name_235,-0.2954803705215454,12,-3.545764446258545,registrant_name
patch_random_08,"CABLE TV FUND 14-B, LTD.",821480_1993.txt_registrant_name_235,-0.3813997507095337,12,-4.576797008514404,registrant_name
patch_random_09,"CABLE TV FUND 14-B, LTD.",821480_1993.txt_registrant_name_235,-0.28210699558258057,12,-3.3852837085723877,registrant_name
patch_random_10,"CABLE TV FUND 14-B, LTD.",821480_1993.txt_registrant_name_235,-0.37526053190231323,12,-4.50312614440918,registrant_name
patch_random_11,"CABLE TV FUND 14-B, LTD.",821480_1993.txt_registrant_name_235,-0.33972176909446716,12,-4.076661109924316,registrant_name
patch_random_12,"CABLE TV FUND 14-B, LTD.",821480_1993.txt_registrant_name_235,-0.3769773840904236,12,-4.523728370666504,registrant_name
patch_random_13,"CABLE TV FUND 14-B, LTD.",821480_1993.txt_registrant_name_235,-0.45194458961486816,12,-5.423335075378418,registrant_name
patch_random_14,"CABLE TV FUND 14-B, LTD.",821480_1993.txt_registrant_name_235,-0.3754565715789795,12,-4.505478858947754,registrant_name
patch_random_15,"CABLE TV FUND 14-B, LTD.",821480_1993.txt_registrant_name_235,-0.39238786697387695,12,-4.708654403686523,registrant_name
patch_random_16,"CABLE TV FUND 14-B, LTD.",821480_1993.txt_registrant_name_235,-0.34103846549987793,12,-4.092461585998535,registrant_name
patch_random_17,"CABLE TV FUND 14-B, LTD.",821480_1993.txt_registrant_name_235,-0.29535946249961853,12,-3.544313430786133,registrant_name
patch_random_18,"CABLE TV FUND 14-B, LTD.",821480_1993.txt_registrant_name_235,-0.26716920733451843,12,-3.2060303688049316,registrant_name
patch_random_19,"CABLE TV FUND 14-B, LTD.",821480_1993.txt_registrant_name_235,-0.3706621825695038,12,-4.447946071624756,registrant_name
patch_matched_layer_random_00,"CABLE TV FUND 14-B, LTD.",821480_1993.txt_registrant_name_235,-0.3388550877571106,12,-4.066260814666748,registrant_name
patch_matched_layer_random_01,"CABLE TV FUND 14-B, LTD.",821480_1993.txt_registrant_name_235,-0.46254849433898926,12,-5.550581932067871,registrant_name
patch_matched_layer_random_02,"CABLE TV FUND 14-B, LTD.",821480_1993.txt_registrant_name_235,-0.38871893286705017,12,-4.6646270751953125,registrant_name
patch_matched_layer_random_03,"CABLE TV FUND 14-B, LTD.",821480_1993.txt_registrant_name_235,-0.3354904353618622,12,-4.025885105133057,registrant_name
patch_matched_layer_random_04,"CABLE TV FUND 14-B, LTD.",821480_1993.txt_registrant_name_235,-0.38967299461364746,12,-4.6760759353637695,registrant_name
patch_matched_layer_random_05,"CABLE TV FUND 14-B, LTD.",821480_1993.txt_registrant_name_235,-0.2310556024312973,12,-2.772667169570923,registrant_name
patch_matched_layer_random_06,"CABLE TV FUND 14-B, LTD.",821480_1993.txt_registrant_name_235,-0.3032928705215454,12,-3.639514446258545,registrant_name
patch_matched_layer_random_07,"CABLE TV FUND 14-B, LTD.",821480_1993.txt_registrant_name_235,-0.31660234928131104,12,-3.7992281913757324,registrant_name
patch_matched_layer_random_08,"CABLE TV FUND 14-B, LTD.",821480_1993.txt_registrant_name_235,-0.563576877117157,12,-6.762922286987305,registrant_name
patch_matched_layer_random_09,"CABLE TV FUND 14-B, LTD.",821480_1993.txt_registrant_name_235,-0.2555719017982483,12,-3.0668625831604004,registrant_name
patch_matched_layer_random_10,"CABLE TV FUND 14-B, LTD.",821480_1993.txt_registrant_name_235,-0.3012866675853729,12,-3.6154398918151855,registrant_name
patch_matched_layer_random_11,"CABLE TV FUND 14-B, LTD.",821480_1993.txt_registrant_name_235,-0.4285915493965149,12,-5.1430983543396,registrant_name
patch_matched_layer_random_12,"CABLE TV FUND 14-B, LTD.",821480_1993.txt_registrant_name_235,-0.288113534450531,12,-3.457362413406372,registrant_name
patch_matched_layer_random_13,"CABLE TV FUND 14-B, LTD.",821480_1993.txt_registrant_name_235,-0.26722607016563416,12,-3.2067127227783203,registrant_name
patch_matched_layer_random_14,"CABLE TV FUND 14-B, LTD.",821480_1993.txt_registrant_name_235,-0.344936728477478,12,-4.139240741729736,registrant_name
patch_matched_layer_random_15,"CABLE TV FUND 14-B, LTD.",821480_1993.txt_registrant_name_235,-0.4675799310207367,12,-5.610959053039551,registrant_name
patch_matched_layer_random_16,"CABLE TV FUND 14-B, LTD.",821480_1993.txt_registrant_name_235,-0.3780350685119629,12,-4.536420822143555,registrant_name
patch_matched_layer_random_17,"CABLE TV FUND 14-B, LTD.",821480_1993.txt_registrant_name_235,-0.43344056606292725,12,-5.201286792755127,registrant_name
patch_matched_layer_random_18,"CABLE TV FUND 14-B, LTD.",821480_1993.txt_registrant_name_235,-0.31781840324401855,12,-3.8138208389282227,registrant_name
patch_matched_layer_random_19,"CABLE TV FUND 14-B, LTD.",821480_1993.txt_registrant_name_235,-0.24623624980449677,12,-2.9548349380493164,registrant_name
clean,Acceptance Insurance Companies Inc.,74783_1993.txt_registrant_name_201,-0.025628753006458282,6,-0.1537725180387497,registrant_name
qr_ablate,Acceptance Insurance Companies Inc.,74783_1993.txt_registrant_name_201,-1.046790361404419,6,-6.2807416915893555,registrant_name
patch_qr,Acceptance Insurance Companies Inc.,74783_1993.txt_registrant_name_201,-0.057755567133426666,6,-0.3465333878993988,registrant_name
patch_bottom,Acceptance Insurance Companies Inc.,74783_1993.txt_registrant_name_201,-1.0550158023834229,6,-6.330094337463379,registrant_name
patch_same_layer,Acceptance Insurance Companies Inc.,74783_1993.txt_registrant_name_201,-1.172593593597412,6,-7.0355610847473145,registrant_name
patch_random_00,Acceptance Insurance Companies Inc.,74783_1993.txt_registrant_name_201,-1.1280676126480103,6,-6.768405437469482,registrant_name
patch_random_01,Acceptance Insurance Companies Inc.,74783_1993.txt_registrant_name_201,-0.7328755855560303,6,-4.397253513336182,registrant_name
patch_random_02,Acceptance Insurance Companies Inc.,74783_1993.txt_registrant_name_201,-0.9963101744651794,6,-5.977860927581787,registrant_name
patch_random_03,Acceptance Insurance Companies Inc.,74783_1993.txt_registrant_name_201,-1.1020220518112183,6,-6.6121320724487305,registrant_name
patch_random_04,Acceptance Insurance Companies Inc.,74783_1993.txt_registrant_name_201,-0.8294622302055359,6,-4.976773262023926,registrant_name
patch_random_05,Acceptance Insurance Companies Inc.,74783_1993.txt_registrant_name_201,-0.8376362323760986,6,-5.025817394256592,registrant_name
patch_random_06,Acceptance Insurance Companies Inc.,74783_1993.txt_registrant_name_201,-1.116236686706543,6,-6.697420120239258,registrant_name
patch_random_07,Acceptance Insurance Companies Inc.,74783_1993.txt_registrant_name_201,-0.7860604524612427,6,-4.716362476348877,registrant_name
patch_random_08,Acceptance Insurance Companies Inc.,74783_1993.txt_registrant_name_201,-1.1602333784103394,6,-6.961400032043457,registrant_name
patch_random_09,Acceptance Insurance Companies Inc.,74783_1993.txt_registrant_name_201,-1.0525944232940674,6,-6.315566062927246,registrant_name
patch_random_10,Acceptance Insurance Companies Inc.,74783_1993.txt_registrant_name_201,-1.1646314859390259,6,-6.987788677215576,registrant_name
patch_random_11,Acceptance Insurance Companies Inc.,74783_1993.txt_registrant_name_201,-0.8791252374649048,6,-5.27475118637085,registrant_name
patch_random_12,Acceptance Insurance Companies Inc.,74783_1993.txt_registrant_name_201,-1.048897385597229,6,-6.293384075164795,registrant_name
patch_random_13,Acceptance Insurance Companies Inc.,74783_1993.txt_registrant_name_201,-1.0885348320007324,6,-6.531208515167236,registrant_name
patch_random_14,Acceptance Insurance Companies Inc.,74783_1993.txt_registrant_name_201,-1.0432566404342651,6,-6.259539604187012,registrant_name
patch_random_15,Acceptance Insurance Companies Inc.,74783_1993.txt_registrant_name_201,-1.311981439590454,6,-7.871888637542725,registrant_name
patch_random_16,Acceptance Insurance Companies Inc.,74783_1993.txt_registrant_name_201,-1.0654590129852295,6,-6.392754077911377,registrant_name
patch_random_17,Acceptance Insurance Companies Inc.,74783_1993.txt_registrant_name_201,-0.8505001068115234,6,-5.103000640869141,registrant_name
patch_random_18,Acceptance Insurance Companies Inc.,74783_1993.txt_registrant_name_201,-0.9265307188034058,6,-5.5591840744018555,registrant_name
patch_random_19,Acceptance Insurance Companies Inc.,74783_1993.txt_registrant_name_201,-1.4177191257476807,6,-8.506314277648926,registrant_name
patch_matched_layer_random_00,Acceptance Insurance Companies Inc.,74783_1993.txt_registrant_name_201,-1.1829915046691895,6,-7.097949028015137,registrant_name
patch_matched_layer_random_01,Acceptance Insurance Companies Inc.,74783_1993.txt_registrant_name_201,-1.2351452112197876,6,-7.4108710289001465,registrant_name
patch_matched_layer_random_02,Acceptance Insurance Companies Inc.,74783_1993.txt_registrant_name_201,-1.0842740535736084,6,-6.50564432144165,registrant_name
patch_matched_layer_random_03,Acceptance Insurance Companies Inc.,74783_1993.txt_registrant_name_201,-0.8298613429069519,6,-4.979167938232422,registrant_name
patch_matched_layer_random_04,Acceptance Insurance Companies Inc.,74783_1993.txt_registrant_name_201,-1.1075972318649292,6,-6.645583152770996,registrant_name
patch_matched_layer_random_05,Acceptance Insurance Companies Inc.,74783_1993.txt_registrant_name_201,-0.6623826622962952,6,-3.9742958545684814,registrant_name
patch_matched_layer_random_06,Acceptance Insurance Companies Inc.,74783_1993.txt_registrant_name_201,-1.2203441858291626,6,-7.3220648765563965,registrant_name
patch_matched_layer_random_07,Acceptance Insurance Companies Inc.,74783_1993.txt_registrant_name_201,-0.8259290456771851,6,-4.955574035644531,registrant_name
patch_matched_layer_random_08,Acceptance Insurance Companies Inc.,74783_1993.txt_registrant_name_201,-1.0825772285461426,6,-6.495462894439697,registrant_name
patch_matched_layer_random_09,Acceptance Insurance Companies Inc.,74783_1993.txt_registrant_name_201,-0.7701486945152283,6,-4.62089204788208,registrant_name
patch_matched_layer_random_10,Acceptance Insurance Companies Inc.,74783_1993.txt_registrant_name_201,-0.978601336479187,6,-5.871607780456543,registrant_name
patch_matched_layer_random_11,Acceptance Insurance Companies Inc.,74783_1993.txt_registrant_name_201,-0.8316042423248291,6,-4.989625453948975,registrant_name
patch_matched_layer_random_12,Acceptance Insurance Companies Inc.,74783_1993.txt_registrant_name_201,-0.9985334873199463,6,-5.991200923919678,registrant_name
patch_matched_layer_random_13,Acceptance Insurance Companies Inc.,74783_1993.txt_registrant_name_201,-0.8705164194107056,6,-5.223098278045654,registrant_name
patch_matched_layer_random_14,Acceptance Insurance Companies Inc.,74783_1993.txt_registrant_name_201,-1.1041851043701172,6,-6.625110626220703,registrant_name
patch_matched_layer_random_15,Acceptance Insurance Companies Inc.,74783_1993.txt_registrant_name_201,-1.3951666355133057,6,-8.370999336242676,registrant_name
patch_matched_layer_random_16,Acceptance Insurance Companies Inc.,74783_1993.txt_registrant_name_201,-0.9930207133293152,6,-5.958124160766602,registrant_name
patch_matched_layer_random_17,Acceptance Insurance Companies Inc.,74783_1993.txt_registrant_name_201,-1.1630706787109375,6,-6.978424072265625,registrant_name
patch_matched_layer_random_18,Acceptance Insurance Companies Inc.,74783_1993.txt_registrant_name_201,-1.053691029548645,6,-6.322145938873291,registrant_name
patch_matched_layer_random_19,Acceptance Insurance Companies Inc.,74783_1993.txt_registrant_name_201,-0.5631375312805176,6,-3.3788249492645264,registrant_name
clean,"JMB Income Properties, Ltd. - XII",765813_1993.txt_registrant_name_231,-1.2119272469135467e-05,9,-0.0001090734513127245,registrant_name
qr_ablate,"JMB Income Properties, Ltd. - XII",765813_1993.txt_registrant_name_231,-0.9146268963813782,9,-8.23164176940918,registrant_name
patch_qr,"JMB Income Properties, Ltd. - XII",765813_1993.txt_registrant_name_231,-0.0002801023074425757,9,-0.0025209207087755203,registrant_name
patch_bottom,"JMB Income Properties, Ltd. - XII",765813_1993.txt_registrant_name_231,-0.9254028797149658,9,-8.328625679016113,registrant_name
patch_same_layer,"JMB Income Properties, Ltd. - XII",765813_1993.txt_registrant_name_231,-1.1401549577713013,9,-10.261394500732422,registrant_name
patch_random_00,"JMB Income Properties, Ltd. - XII",765813_1993.txt_registrant_name_231,-1.0401073694229126,9,-9.360965728759766,registrant_name
patch_random_01,"JMB Income Properties, Ltd. - XII",765813_1993.txt_registrant_name_231,-0.46354299783706665,9,-4.171886920928955,registrant_name
patch_random_02,"JMB Income Properties, Ltd. - XII",765813_1993.txt_registrant_name_231,-0.8237907886505127,9,-7.414116859436035,registrant_name
patch_random_03,"JMB Income Properties, Ltd. - XII",765813_1993.txt_registrant_name_231,-0.8589726686477661,9,-7.7307538986206055,registrant_name
patch_random_04,"JMB Income Properties, Ltd. - XII",765813_1993.txt_registrant_name_231,-0.753438413143158,9,-6.780945777893066,registrant_name
patch_random_05,"JMB Income Properties, Ltd. - XII",765813_1993.txt_registrant_name_231,-0.69343501329422,9,-6.240915298461914,registrant_name
patch_random_06,"JMB Income Properties, Ltd. - XII",765813_1993.txt_registrant_name_231,-0.9005387425422668,9,-8.104848861694336,registrant_name
patch_random_07,"JMB Income Properties, Ltd. - XII",765813_1993.txt_registrant_name_231,-0.6635400056838989,9,-5.971859931945801,registrant_name
patch_random_08,"JMB Income Properties, Ltd. - XII",765813_1993.txt_registrant_name_231,-0.9482443332672119,9,-8.534198760986328,registrant_name
patch_random_09,"JMB Income Properties, Ltd. - XII",765813_1993.txt_registrant_name_231,-0.8284029960632324,9,-7.455626964569092,registrant_name
patch_random_10,"JMB Income Properties, Ltd. - XII",765813_1993.txt_registrant_name_231,-0.812268078327179,9,-7.310412406921387,registrant_name
patch_random_11,"JMB Income Properties, Ltd. - XII",765813_1993.txt_registrant_name_231,-0.739368200302124,9,-6.654313564300537,registrant_name
patch_random_12,"JMB Income Properties, Ltd. - XII",765813_1993.txt_registrant_name_231,-0.8782531023025513,9,-7.904277801513672,registrant_name
patch_random_13,"JMB Income Properties, Ltd. - XII",765813_1993.txt_registrant_name_231,-1.2153977155685425,9,-10.938579559326172,registrant_name
patch_random_14,"JMB Income Properties, Ltd. - XII",765813_1993.txt_registrant_name_231,-1.0001190900802612,9,-9.00107192993164,registrant_name
patch_random_15,"JMB Income Properties, Ltd. - XII",765813_1993.txt_registrant_name_231,-1.1453274488449097,9,-10.307947158813477,registrant_name
patch_random_16,"JMB Income Properties, Ltd. - XII",765813_1993.txt_registrant_name_231,-0.9490188956260681,9,-8.541170120239258,registrant_name
patch_random_17,"JMB Income Properties, Ltd. - XII",765813_1993.txt_registrant_name_231,-0.6490114331245422,9,-5.841102600097656,registrant_name
patch_random_18,"JMB Income Properties, Ltd. - XII",765813_1993.txt_registrant_name_231,-0.787558376789093,9,-7.0880255699157715,registrant_name
patch_random_19,"JMB Income Properties, Ltd. - XII",765813_1993.txt_registrant_name_231,-0.8293087482452393,9,-7.463778495788574,registrant_name
patch_matched_layer_random_00,"JMB Income Properties, Ltd. - XII",765813_1993.txt_registrant_name_231,-0.7463734149932861,9,-6.717360496520996,registrant_name
patch_matched_layer_random_01,"JMB Income Properties, Ltd. - XII",765813_1993.txt_registrant_name_231,-1.0912487506866455,9,-9.82123851776123,registrant_name
patch_matched_layer_random_02,"JMB Income Properties, Ltd. - XII",765813_1993.txt_registrant_name_231,-0.6495025157928467,9,-5.845522403717041,registrant_name
patch_matched_layer_random_03,"JMB Income Properties, Ltd. - XII",765813_1993.txt_registrant_name_231,-0.6341951489448547,9,-5.707756519317627,registrant_name
patch_matched_layer_random_04,"JMB Income Properties, Ltd. - XII",765813_1993.txt_registrant_name_231,-0.8354755640029907,9,-7.519279956817627,registrant_name
patch_matched_layer_random_05,"JMB Income Properties, Ltd. - XII",765813_1993.txt_registrant_name_231,-0.03205458074808121,9,-0.28849121928215027,registrant_name
patch_matched_layer_random_06,"JMB Income Properties, Ltd. - XII",765813_1993.txt_registrant_name_231,-1.1618056297302246,9,-10.456250190734863,registrant_name
patch_matched_layer_random_07,"JMB Income Properties, Ltd. - XII",765813_1993.txt_registrant_name_231,-0.49139276146888733,9,-4.422534942626953,registrant_name
patch_matched_layer_random_08,"JMB Income Properties, Ltd. - XII",765813_1993.txt_registrant_name_231,-1.5094685554504395,9,-13.585216522216797,registrant_name
patch_matched_layer_random_09,"JMB Income Properties, Ltd. - XII",765813_1993.txt_registrant_name_231,-0.5201873183250427,9,-4.681685924530029,registrant_name
patch_matched_layer_random_10,"JMB Income Properties, Ltd. - XII",765813_1993.txt_registrant_name_231,-0.6123583912849426,9,-5.511225700378418,registrant_name
patch_matched_layer_random_11,"JMB Income Properties, Ltd. - XII",765813_1993.txt_registrant_name_231,-0.982957124710083,9,-8.846613883972168,registrant_name
patch_matched_layer_random_12,"JMB Income Properties, Ltd. - XII",765813_1993.txt_registrant_name_231,-0.5347033739089966,9,-4.81233024597168,registrant_name
patch_matched_layer_random_13,"JMB Income Properties, Ltd. - XII",765813_1993.txt_registrant_name_231,-0.33447420597076416,9,-3.010267734527588,registrant_name
patch_matched_layer_random_14,"JMB Income Properties, Ltd. - XII",765813_1993.txt_registrant_name_231,-0.7816792726516724,9,-7.035113334655762,registrant_name
patch_matched_layer_random_15,"JMB Income Properties, Ltd. - XII",765813_1993.txt_registrant_name_231,-0.8331621289253235,9,-7.4984588623046875,registrant_name
patch_matched_layer_random_16,"JMB Income Properties, Ltd. - XII",765813_1993.txt_registrant_name_231,-0.6336053609848022,9,-5.70244836807251,registrant_name
patch_matched_layer_random_17,"JMB Income Properties, Ltd. - XII",765813_1993.txt_registrant_name_231,-0.9043812155723572,9,-8.13943099975586,registrant_name
patch_matched_layer_random_18,"JMB Income Properties, Ltd. - XII",765813_1993.txt_registrant_name_231,-1.0348070859909058,9,-9.313263893127441,registrant_name
patch_matched_layer_random_19,"JMB Income Properties, Ltd. - XII",765813_1993.txt_registrant_name_231,-0.16397181153297424,9,-1.4757462739944458,registrant_name
clean,"JILCO INDUSTRIES, INC.",53540_1993.txt_registrant_name_21,-0.0008096987730823457,9,-0.007287289015948772,registrant_name
qr_ablate,"JILCO INDUSTRIES, INC.",53540_1993.txt_registrant_name_21,-0.2245994210243225,9,-2.021394729614258,registrant_name
patch_qr,"JILCO INDUSTRIES, INC.",53540_1993.txt_registrant_name_21,-0.0012874676613137126,9,-0.011587209068238735,registrant_name
patch_bottom,"JILCO INDUSTRIES, INC.",53540_1993.txt_registrant_name_21,-0.3032199740409851,9,-2.7289798259735107,registrant_name
patch_same_layer,"JILCO INDUSTRIES, INC.",53540_1993.txt_registrant_name_21,-0.5464563369750977,9,-4.918107032775879,registrant_name
patch_random_00,"JILCO INDUSTRIES, INC.",53540_1993.txt_registrant_name_21,-0.2935046851634979,9,-2.6415421962738037,registrant_name
patch_random_01,"JILCO INDUSTRIES, INC.",53540_1993.txt_registrant_name_21,-0.15555541217327118,9,-1.399998664855957,registrant_name
patch_random_02,"JILCO INDUSTRIES, INC.",53540_1993.txt_registrant_name_21,-0.23304958641529083,9,-2.0974462032318115,registrant_name
patch_random_03,"JILCO INDUSTRIES, INC.",53540_1993.txt_registrant_name_21,-0.2190266102552414,9,-1.971239447593689,registrant_name
patch_random_04,"JILCO INDUSTRIES, INC.",53540_1993.txt_registrant_name_21,-0.10413561016321182,9,-0.9372204542160034,registrant_name
patch_random_05,"JILCO INDUSTRIES, INC.",53540_1993.txt_registrant_name_21,-0.1595364212989807,9,-1.4358277320861816,registrant_name
patch_random_06,"JILCO INDUSTRIES, INC.",53540_1993.txt_registrant_name_21,-0.2303125560283661,9,-2.072813034057617,registrant_name
patch_random_07,"JILCO INDUSTRIES, INC.",53540_1993.txt_registrant_name_21,-0.1875578761100769,9,-1.6880208253860474,registrant_name
patch_random_08,"JILCO INDUSTRIES, INC.",53540_1993.txt_registrant_name_21,-0.18529166281223297,9,-1.6676249504089355,registrant_name
patch_random_09,"JILCO INDUSTRIES, INC.",53540_1993.txt_registrant_name_21,-0.2228422462940216,9,-2.005580186843872,registrant_name
patch_random_10,"JILCO INDUSTRIES, INC.",53540_1993.txt_registrant_name_21,-0.331238329410553,9,-2.981144905090332,registrant_name
patch_random_11,"JILCO INDUSTRIES, INC.",53540_1993.txt_registrant_name_21,-0.21050003170967102,9,-1.8945002555847168,registrant_name
patch_random_12,"JILCO INDUSTRIES, INC.",53540_1993.txt_registrant_name_21,-0.15764418244361877,9,-1.4187976121902466,registrant_name
patch_random_13,"JILCO INDUSTRIES, INC.",53540_1993.txt_registrant_name_21,-0.8310948610305786,9,-7.479853630065918,registrant_name
patch_random_14,"JILCO INDUSTRIES, INC.",53540_1993.txt_registrant_name_21,-0.18782396614551544,9,-1.6904157400131226,registrant_name
patch_random_15,"JILCO INDUSTRIES, INC.",53540_1993.txt_registrant_name_21,-0.3683597147464752,9,-3.315237522125244,registrant_name
patch_random_16,"JILCO INDUSTRIES, INC.",53540_1993.txt_registrant_name_21,-0.27124324440956116,9,-2.4411892890930176,registrant_name
patch_random_17,"JILCO INDUSTRIES, INC.",53540_1993.txt_registrant_name_21,-0.08945212513208389,9,-0.8050691485404968,registrant_name
patch_random_18,"JILCO INDUSTRIES, INC.",53540_1993.txt_registrant_name_21,-0.07479748874902725,9,-0.6731773614883423,registrant_name
patch_random_19,"JILCO INDUSTRIES, INC.",53540_1993.txt_registrant_name_21,-0.2243524193763733,9,-2.019171714782715,registrant_name
patch_matched_layer_random_00,"JILCO INDUSTRIES, INC.",53540_1993.txt_registrant_name_21,-0.18376605212688446,9,-1.6538944244384766,registrant_name
patch_matched_layer_random_01,"JILCO INDUSTRIES, INC.",53540_1993.txt_registrant_name_21,-1.1468578577041626,9,-10.321721076965332,registrant_name
patch_matched_layer_random_02,"JILCO INDUSTRIES, INC.",53540_1993.txt_registrant_name_21,-0.13615837693214417,9,-1.225425362586975,registrant_name
patch_matched_layer_random_03,"JILCO INDUSTRIES, INC.",53540_1993.txt_registrant_name_21,-0.14982406795024872,9,-1.3484165668487549,registrant_name
patch_matched_layer_random_04,"JILCO INDUSTRIES, INC.",53540_1993.txt_registrant_name_21,-0.15712736546993256,9,-1.4141463041305542,registrant_name
patch_matched_layer_random_05,"JILCO INDUSTRIES, INC.",53540_1993.txt_registrant_name_21,-0.01064627431333065,9,-0.095816470682621,registrant_name
patch_matched_layer_random_06,"JILCO INDUSTRIES, INC.",53540_1993.txt_registrant_name_21,-0.3342709243297577,9,-3.0084383487701416,registrant_name
patch_matched_layer_random_07,"JILCO INDUSTRIES, INC.",53540_1993.txt_registrant_name_21,-0.06110062822699547,9,-0.5499056577682495,registrant_name
patch_matched_layer_random_08,"JILCO INDUSTRIES, INC.",53540_1993.txt_registrant_name_21,-0.544802725315094,9,-4.903224468231201,registrant_name
patch_matched_layer_random_09,"JILCO INDUSTRIES, INC.",53540_1993.txt_registrant_name_21,-0.25774750113487244,9,-2.3197274208068848,registrant_name
patch_matched_layer_random_10,"JILCO INDUSTRIES, INC.",53540_1993.txt_registrant_name_21,-0.2593595087528229,9,-2.334235429763794,registrant_name
patch_matched_layer_random_11,"JILCO INDUSTRIES, INC.",53540_1993.txt_registrant_name_21,-0.191691055893898,9,-1.725219488143921,registrant_name
patch_matched_layer_random_12,"JILCO INDUSTRIES, INC.",53540_1993.txt_registrant_name_21,-0.22357970476150513,9,-2.0122172832489014,registrant_name
patch_matched_layer_random_13,"JILCO INDUSTRIES, INC.",53540_1993.txt_registrant_name_21,-0.08523450046777725,9,-0.7671105265617371,registrant_name
patch_matched_layer_random_14,"JILCO INDUSTRIES, INC.",53540_1993.txt_registrant_name_21,-0.18806874752044678,9,-1.692618727684021,registrant_name
patch_matched_layer_random_15,"JILCO INDUSTRIES, INC.",53540_1993.txt_registrant_name_21,-1.2031371593475342,9,-10.828234672546387,registrant_name
patch_matched_layer_random_16,"JILCO INDUSTRIES, INC.",53540_1993.txt_registrant_name_21,-0.21250054240226746,9,-1.9125049114227295,registrant_name
patch_matched_layer_random_17,"JILCO INDUSTRIES, INC.",53540_1993.txt_registrant_name_21,-0.5096343755722046,9,-4.586709499359131,registrant_name
patch_matched_layer_random_18,"JILCO INDUSTRIES, INC.",53540_1993.txt_registrant_name_21,-0.0646420419216156,9,-0.581778347492218,registrant_name
patch_matched_layer_random_19,"JILCO INDUSTRIES, INC.",53540_1993.txt_registrant_name_21,-0.0177839994430542,9,-0.1600559949874878,registrant_name
