ablated_mean_logprob,ablated_sum_logprob,clean_mean_logprob,clean_sum_logprob,condition,gold,idx,mean_logprob_rescue,num_answer_tokens,patched_mean_logprob,patched_sum_logprob,sum_logprob_rescue,task
-8.144489288330078,-16.288978576660156,-1.6808238797239028e-05,-3.3616477594478056e-05,patch_qr,Goodes,104669_1993.txt_ceo_lastname_84,0.7871484706142271,2,-1.733580231666565,-3.46716046333313,0.7871484706142271,ceo_lastname
-8.144489288330078,-16.288978576660156,-1.6808238797239028e-05,-3.3616477594478056e-05,patch_bottom,Goodes,104669_1993.txt_ceo_lastname_84,-0.09357655671892726,2,-8.906620979309082,-17.813241958618164,-0.09357655671892726,ceo_lastname
-8.144489288330078,-16.288978576660156,-1.6808238797239028e-05,-3.3616477594478056e-05,patch_same_layer,Goodes,104669_1993.txt_ceo_lastname_84,-0.08222785840878927,2,-8.814191818237305,-17.62838363647461,-0.08222785840878927,ceo_lastname
-8.144489288330078,-16.288978576660156,-1.6808238797239028e-05,-3.3616477594478056e-05,patch_random_00,Goodes,104669_1993.txt_ceo_lastname_84,0.004691163759418263,2,-8.106282234191895,-16.21256446838379,0.004691163759418263,ceo_lastname
-8.144489288330078,-16.288978576660156,-1.6808238797239028e-05,-3.3616477594478056e-05,patch_random_01,Goodes,104669_1993.txt_ceo_lastname_84,0.06872854084429299,2,-7.584731578826904,-15.169463157653809,0.06872854084429299,ceo_lastname
-8.144489288330078,-16.288978576660156,-1.6808238797239028e-05,-3.3616477594478056e-05,patch_random_02,Goodes,104669_1993.txt_ceo_lastname_84,0.060959368045063723,2,-7.648007392883301,-15.296014785766602,0.060959368045063723,ceo_lastname
-8.144489288330078,-16.288978576660156,-1.6808238797239028e-05,-3.3616477594478056e-05,patch_random_03,Goodes,104669_1993.txt_ceo_lastname_84,0.01272783933198929,2,-8.040827751159668,-16.081655502319336,0.01272783933198929,ceo_lastname
-8.144489288330078,-16.288978576660156,-1.6808238797239028e-05,-3.3616477594478056e-05,patch_random_04,Goodes,104669_1993.txt_ceo_lastname_84,0.08363598036143595,2,-7.463318347930908,-14.926636695861816,0.08363598036143595,ceo_lastname
-8.144489288330078,-16.288978576660156,-1.6808238797239028e-05,-3.3616477594478056e-05,patch_random_05,Goodes,104669_1993.txt_ceo_lastname_84,0.058731817592594035,2,-7.666149616241455,-15.33229923248291,0.058731817592594035,ceo_lastname
-8.144489288330078,-16.288978576660156,-1.6808238797239028e-05,-3.3616477594478056e-05,patch_random_06,Goodes,104669_1993.txt_ceo_lastname_84,-0.0023705815917285955,2,-8.163796424865723,-16.327592849731445,-0.0023705815917285955,ceo_lastname
-8.144489288330078,-16.288978576660156,-1.6808238797239028e-05,-3.3616477594478056e-05,patch_random_07,Goodes,104669_1993.txt_ceo_lastname_84,0.042476091499113265,2,-7.798543930053711,-15.597087860107422,0.042476091499113265,ceo_lastname
-8.144489288330078,-16.288978576660156,-1.6808238797239028e-05,-3.3616477594478056e-05,patch_random_08,Goodes,104669_1993.txt_ceo_lastname_84,0.0455407517465579,2,-7.773583889007568,-15.547167778015137,0.0455407517465579,ceo_lastname
-8.144489288330078,-16.288978576660156,-1.6808238797239028e-05,-3.3616477594478056e-05,patch_random_09,Goodes,104669_1993.txt_ceo_lastname_84,0.02448086553722429,2,-7.94510555267334,-15.89021110534668,0.02448086553722429,ceo_lastname
-8.144489288330078,-16.288978576660156,-1.6808238797239028e-05,-3.3616477594478056e-05,patch_random_10,Goodes,104669_1993.txt_ceo_lastname_84,-0.024761892744937238,2,-8.346161842346191,-16.692323684692383,-0.024761892744937238,ceo_lastname
-8.144489288330078,-16.288978576660156,-1.6808238797239028e-05,-3.3616477594478056e-05,patch_random_11,Goodes,104669_1993.txt_ceo_lastname_84,-0.021938037686101634,2,-8.323163032531738,-16.646326065063477,-0.021938037686101634,ceo_lastname
-8.144489288330078,-16.288978576660156,-1.6808238797239028e-05,-3.3616477594478056e-05,patch_random_12,Goodes,104669_1993.txt_ceo_lastname_84,0.013586143262212583,2,-8.03383731842041,-16.06767463684082,0.013586143262212583,ceo_lastname
-8.144489288330078,-16.288978576660156,-1.6808238797239028e-05,-3.3616477594478056e-05,patch_random_13,Goodes,104669_1993.txt_ceo_lastname_84,-0.10421495876157078,2,-8.993265151977539,-17.986530303955078,-0.10421495876157078,ceo_lastname
-8.144489288330078,-16.288978576660156,-1.6808238797239028e-05,-3.3616477594478056e-05,patch_random_14,Goodes,104669_1993.txt_ceo_lastname_84,-0.01429948399112395,2,-8.260951042175293,-16.521902084350586,-0.01429948399112395,ceo_lastname
-8.144489288330078,-16.288978576660156,-1.6808238797239028e-05,-3.3616477594478056e-05,patch_random_15,Goodes,104669_1993.txt_ceo_lastname_84,-0.08285771063807591,2,-8.819321632385254,-17.638643264770508,-0.08285771063807591,ceo_lastname
-8.144489288330078,-16.288978576660156,-1.6808238797239028e-05,-3.3616477594478056e-05,patch_random_16,Goodes,104669_1993.txt_ceo_lastname_84,-0.04852274315706698,2,-8.539681434631348,-17.079362869262695,-0.04852274315706698,ceo_lastname
-8.144489288330078,-16.288978576660156,-1.6808238797239028e-05,-3.3616477594478056e-05,patch_random_17,Goodes,104669_1993.txt_ceo_lastname_84,0.0696506613696011,2,-7.577221393585205,-15.15444278717041,0.0696506613696011,ceo_lastname
-8.144489288330078,-16.288978576660156,-1.6808238797239028e-05,-3.3616477594478056e-05,patch_random_18,Goodes,104669_1993.txt_ceo_lastname_84,0.20269514751841428,2,-6.4936442375183105,-12.987288475036621,0.20269514751841428,ceo_lastname
-8.144489288330078,-16.288978576660156,-1.6808238797239028e-05,-3.3616477594478056e-05,patch_random_19,Goodes,104669_1993.txt_ceo_lastname_84,-0.09363475276985782,2,-8.907094955444336,-17.814189910888672,-0.09363475276985782,ceo_lastname
-8.144489288330078,-16.288978576660156,-1.6808238797239028e-05,-3.3616477594478056e-05,patch_matched_layer_random_00,Goodes,104669_1993.txt_ceo_lastname_84,0.20863647252081058,2,-6.445255279541016,-12.890510559082031,0.20863647252081058,ceo_lastname
-8.144489288330078,-16.288978576660156,-1.6808238797239028e-05,-3.3616477594478056e-05,patch_matched_layer_random_01,Goodes,104669_1993.txt_ceo_lastname_84,-0.2203241599002523,2,-9.938913345336914,-19.877826690673828,-0.2203241599002523,ceo_lastname
-8.144489288330078,-16.288978576660156,-1.6808238797239028e-05,-3.3616477594478056e-05,patch_matched_layer_random_02,Goodes,104669_1993.txt_ceo_lastname_84,-0.025976984134286098,2,-8.356058120727539,-16.712116241455078,-0.025976984134286098,ceo_lastname
-8.144489288330078,-16.288978576660156,-1.6808238797239028e-05,-3.3616477594478056e-05,patch_matched_layer_random_03,Goodes,104669_1993.txt_ceo_lastname_84,0.027828426507099963,2,-7.91784143447876,-15.83568286895752,0.027828426507099963,ceo_lastname
-8.144489288330078,-16.288978576660156,-1.6808238797239028e-05,-3.3616477594478056e-05,patch_matched_layer_random_04,Goodes,104669_1993.txt_ceo_lastname_84,0.02608160822182423,2,-7.932068347930908,-15.864136695861816,0.02608160822182423,ceo_lastname
-8.144489288330078,-16.288978576660156,-1.6808238797239028e-05,-3.3616477594478056e-05,patch_matched_layer_random_05,Goodes,104669_1993.txt_ceo_lastname_84,0.2669776037473487,2,-5.970097541809082,-11.940195083618164,0.2669776037473487,ceo_lastname
-8.144489288330078,-16.288978576660156,-1.6808238797239028e-05,-3.3616477594478056e-05,patch_matched_layer_random_06,Goodes,104669_1993.txt_ceo_lastname_84,-0.051088989942165715,2,-8.560582160949707,-17.121164321899414,-0.051088989942165715,ceo_lastname
-8.144489288330078,-16.288978576660156,-1.6808238797239028e-05,-3.3616477594478056e-05,patch_matched_layer_random_07,Goodes,104669_1993.txt_ceo_lastname_84,0.06876390343459687,2,-7.58444356918335,-15.1688871383667,0.06876390343459687,ceo_lastname
-8.144489288330078,-16.288978576660156,-1.6808238797239028e-05,-3.3616477594478056e-05,patch_matched_layer_random_08,Goodes,104669_1993.txt_ceo_lastname_84,-0.04815916420708835,2,-8.536720275878906,-17.073440551757812,-0.04815916420708835,ceo_lastname
-8.144489288330078,-16.288978576660156,-1.6808238797239028e-05,-3.3616477594478056e-05,patch_matched_layer_random_09,Goodes,104669_1993.txt_ceo_lastname_84,0.20070120093235597,2,-6.509883880615234,-13.019767761230469,0.20070120093235597,ceo_lastname
-8.144489288330078,-16.288978576660156,-1.6808238797239028e-05,-3.3616477594478056e-05,patch_matched_layer_random_10,Goodes,104669_1993.txt_ceo_lastname_84,0.07057939774375745,2,-7.569657325744629,-15.139314651489258,0.07057939774375745,ceo_lastname
-8.144489288330078,-16.288978576660156,-1.6808238797239028e-05,-3.3616477594478056e-05,patch_matched_layer_random_11,Goodes,104669_1993.txt_ceo_lastname_84,0.02977360316315308,2,-7.901998996734619,-15.803997993469238,0.02977360316315308,ceo_lastname
-8.144489288330078,-16.288978576660156,-1.6808238797239028e-05,-3.3616477594478056e-05,patch_matched_layer_random_12,Goodes,104669_1993.txt_ceo_lastname_84,0.008952941364385117,2,-8.071572303771973,-16.143144607543945,0.008952941364385117,ceo_lastname
-8.144489288330078,-16.288978576660156,-1.6808238797239028e-05,-3.3616477594478056e-05,patch_matched_layer_random_13,Goodes,104669_1993.txt_ceo_lastname_84,0.09749132426970357,2,-7.350473880767822,-14.700947761535645,0.09749132426970357,ceo_lastname
-8.144489288330078,-16.288978576660156,-1.6808238797239028e-05,-3.3616477594478056e-05,patch_matched_layer_random_14,Goodes,104669_1993.txt_ceo_lastname_84,0.03586428241698182,2,-7.852393627166748,-15.704787254333496,0.03586428241698182,ceo_lastname
-8.144489288330078,-16.288978576660156,-1.6808238797239028e-05,-3.3616477594478056e-05,patch_matched_layer_random_15,Goodes,104669_1993.txt_ceo_lastname_84,-0.19440911884633294,2,-9.727849006652832,-19.455698013305664,-0.19440911884633294,ceo_lastname
-8.144489288330078,-16.288978576660156,-1.6808238797239028e-05,-3.3616477594478056e-05,patch_matched_layer_random_16,Goodes,104669_1993.txt_ceo_lastname_84,0.07827322012291868,2,-7.50699520111084,-15.01399040222168,0.07827322012291868,ceo_lastname
-8.144489288330078,-16.288978576660156,-1.6808238797239028e-05,-3.3616477594478056e-05,patch_matched_layer_random_17,Goodes,104669_1993.txt_ceo_lastname_84,-0.09911993548573504,2,-8.95176887512207,-17.90353775024414,-0.09911993548573504,ceo_lastname
-8.144489288330078,-16.288978576660156,-1.6808238797239028e-05,-3.3616477594478056e-05,patch_matched_layer_random_18,Goodes,104669_1993.txt_ceo_lastname_84,0.08445019814844927,2,-7.456686973571777,-14.913373947143555,0.08445019814844927,ceo_lastname
-8.144489288330078,-16.288978576660156,-1.6808238797239028e-05,-3.3616477594478056e-05,patch_matched_layer_random_19,Goodes,104669_1993.txt_ceo_lastname_84,0.0740683505275137,2,-7.541241645812988,-15.082483291625977,0.0740683505275137,ceo_lastname
-1.9814828634262085,-3.962965726852417,-3.29007234540768e-05,-6.58014469081536e-05,patch_qr,Powell,716006_1993.txt_ceo_lastname_119,0.9996613829630908,2,-0.0007038534386083484,-0.0014077068772166967,0.9996613829630908,ceo_lastname
-1.9814828634262085,-3.962965726852417,-3.29007234540768e-05,-6.58014469081536e-05,patch_bottom,Powell,716006_1993.txt_ceo_lastname_119,0.018737357936357165,2,-1.9443557262420654,-3.888711452484131,0.018737357936357165,ceo_lastname
-1.9814828634262085,-3.962965726852417,-3.29007234540768e-05,-6.58014469081536e-05,patch_same_layer,Powell,716006_1993.txt_ceo_lastname_119,0.20793464784633284,2,-1.569470763206482,-3.138941526412964,0.20793464784633284,ceo_lastname
-1.9814828634262085,-3.962965726852417,-3.29007234540768e-05,-6.58014469081536e-05,patch_random_00,Powell,716006_1993.txt_ceo_lastname_119,0.6614842352022008,2,-0.6707849502563477,-1.3415699005126953,0.6614842352022008,ceo_lastname
-1.9814828634262085,-3.962965726852417,-3.29007234540768e-05,-6.58014469081536e-05,patch_random_01,Powell,716006_1993.txt_ceo_lastname_119,0.4998526613965348,2,-0.9910498261451721,-1.9820996522903442,0.4998526613965348,ceo_lastname
-1.9814828634262085,-3.962965726852417,-3.29007234540768e-05,-6.58014469081536e-05,patch_random_02,Powell,716006_1993.txt_ceo_lastname_119,0.05823251623574935,2,-1.8660980463027954,-3.732196092605591,0.05823251623574935,ceo_lastname
-1.9814828634262085,-3.962965726852417,-3.29007234540768e-05,-6.58014469081536e-05,patch_random_03,Powell,716006_1993.txt_ceo_lastname_119,0.2913794675482841,2,-1.4041290283203125,-2.808258056640625,0.2913794675482841,ceo_lastname
-1.9814828634262085,-3.962965726852417,-3.29007234540768e-05,-6.58014469081536e-05,patch_random_04,Powell,716006_1993.txt_ceo_lastname_119,0.7531458596889291,2,-0.48916202783584595,-0.9783240556716919,0.7531458596889291,ceo_lastname
-1.9814828634262085,-3.962965726852417,-3.29007234540768e-05,-6.58014469081536e-05,patch_random_05,Powell,716006_1993.txt_ceo_lastname_119,0.08837593135420976,2,-1.8063703775405884,-3.6127407550811768,0.08837593135420976,ceo_lastname
-1.9814828634262085,-3.962965726852417,-3.29007234540768e-05,-6.58014469081536e-05,patch_random_06,Powell,716006_1993.txt_ceo_lastname_119,0.1323370838237818,2,-1.7192635536193848,-3.4385271072387695,0.1323370838237818,ceo_lastname
-1.9814828634262085,-3.962965726852417,-3.29007234540768e-05,-6.58014469081536e-05,patch_random_07,Powell,716006_1993.txt_ceo_lastname_119,0.49926941454231005,2,-0.9922055006027222,-1.9844110012054443,0.49926941454231005,ceo_lastname
-1.9814828634262085,-3.962965726852417,-3.29007234540768e-05,-6.58014469081536e-05,patch_random_08,Powell,716006_1993.txt_ceo_lastname_119,0.014126913232679603,2,-1.9534910917282104,-3.906982183456421,0.014126913232679603,ceo_lastname
-1.9814828634262085,-3.962965726852417,-3.29007234540768e-05,-6.58014469081536e-05,patch_random_09,Powell,716006_1993.txt_ceo_lastname_119,0.021508148990183457,2,-1.9388655424118042,-3.8777310848236084,0.021508148990183457,ceo_lastname
-1.9814828634262085,-3.962965726852417,-3.29007234540768e-05,-6.58014469081536e-05,patch_random_10,Powell,716006_1993.txt_ceo_lastname_119,-0.08982037652653233,2,-2.1594574451446533,-4.318914890289307,-0.08982037652653233,ceo_lastname
-1.9814828634262085,-3.962965726852417,-3.29007234540768e-05,-6.58014469081536e-05,patch_random_11,Powell,716006_1993.txt_ceo_lastname_119,0.5585215072841759,2,-0.874800443649292,-1.749600887298584,0.5585215072841759,ceo_lastname
-1.9814828634262085,-3.962965726852417,-3.29007234540768e-05,-6.58014469081536e-05,patch_random_12,Powell,716006_1993.txt_ceo_lastname_119,0.008420365126338676,2,-1.9647983312606812,-3.9295966625213623,0.008420365126338676,ceo_lastname
-1.9814828634262085,-3.962965726852417,-3.29007234540768e-05,-6.58014469081536e-05,patch_random_13,Powell,716006_1993.txt_ceo_lastname_119,-0.8251288213467117,2,-3.616434335708618,-7.232868671417236,-0.8251288213467117,ceo_lastname
-1.9814828634262085,-3.962965726852417,-3.29007234540768e-05,-6.58014469081536e-05,patch_random_14,Powell,716006_1993.txt_ceo_lastname_119,-0.08374659557701354,2,-2.1474225521087646,-4.294845104217529,-0.08374659557701354,ceo_lastname
-1.9814828634262085,-3.962965726852417,-3.29007234540768e-05,-6.58014469081536e-05,patch_random_15,Powell,716006_1993.txt_ceo_lastname_119,-0.4751077916746104,2,-2.9228851795196533,-5.845770359039307,-0.4751077916746104,ceo_lastname
-1.9814828634262085,-3.962965726852417,-3.29007234540768e-05,-6.58014469081536e-05,patch_random_16,Powell,716006_1993.txt_ceo_lastname_119,0.06072276883155823,2,-1.8611637353897095,-3.722327470779419,0.06072276883155823,ceo_lastname
-1.9814828634262085,-3.962965726852417,-3.29007234540768e-05,-6.58014469081536e-05,patch_random_17,Powell,716006_1993.txt_ceo_lastname_119,0.3585230355206209,2,-1.271087408065796,-2.542174816131592,0.3585230355206209,ceo_lastname
-1.9814828634262085,-3.962965726852417,-3.29007234540768e-05,-6.58014469081536e-05,patch_random_18,Powell,716006_1993.txt_ceo_lastname_119,0.9443730037208488,2,-0.11025501042604446,-0.22051002085208893,0.9443730037208488,ceo_lastname
-1.9814828634262085,-3.962965726852417,-3.29007234540768e-05,-6.58014469081536e-05,patch_random_19,Powell,716006_1993.txt_ceo_lastname_119,-1.9685115273642781,2,-5.8819899559021,-11.7639799118042,-1.9685115273642781,ceo_lastname
-1.9814828634262085,-3.962965726852417,-3.29007234540768e-05,-6.58014469081536e-05,patch_matched_layer_random_00,Powell,716006_1993.txt_ceo_lastname_119,0.9606220944289962,2,-0.07805825024843216,-0.15611650049686432,0.9606220944289962,ceo_lastname
-1.9814828634262085,-3.962965726852417,-3.29007234540768e-05,-6.58014469081536e-05,patch_matched_layer_random_01,Powell,716006_1993.txt_ceo_lastname_119,-1.623820186930617,2,-5.199001312255859,-10.398002624511719,-1.623820186930617,ceo_lastname
-1.9814828634262085,-3.962965726852417,-3.29007234540768e-05,-6.58014469081536e-05,patch_matched_layer_random_02,Powell,716006_1993.txt_ceo_lastname_119,0.49043874011215866,2,-1.0097030401229858,-2.0194060802459717,0.49043874011215866,ceo_lastname
-1.9814828634262085,-3.962965726852417,-3.29007234540768e-05,-6.58014469081536e-05,patch_matched_layer_random_03,Powell,716006_1993.txt_ceo_lastname_119,0.3466762267315188,2,-1.2945612668991089,-2.5891225337982178,0.3466762267315188,ceo_lastname
-1.9814828634262085,-3.962965726852417,-3.29007234540768e-05,-6.58014469081536e-05,patch_matched_layer_random_04,Powell,716006_1993.txt_ceo_lastname_119,0.6639583040439444,2,-0.6658827066421509,-1.3317654132843018,0.6639583040439444,ceo_lastname
-1.9814828634262085,-3.962965726852417,-3.29007234540768e-05,-6.58014469081536e-05,patch_matched_layer_random_05,Powell,716006_1993.txt_ceo_lastname_119,0.74108962469945,2,-0.5130508542060852,-1.0261017084121704,0.74108962469945,ceo_lastname
-1.9814828634262085,-3.962965726852417,-3.29007234540768e-05,-6.58014469081536e-05,patch_matched_layer_random_06,Powell,716006_1993.txt_ceo_lastname_119,-0.7086456197535486,2,-3.3856287002563477,-6.771257400512695,-0.7086456197535486,ceo_lastname
-1.9814828634262085,-3.962965726852417,-3.29007234540768e-05,-6.58014469081536e-05,patch_matched_layer_random_07,Powell,716006_1993.txt_ceo_lastname_119,0.24700957000391682,2,-1.4920457601547241,-2.9840915203094482,0.24700957000391682,ceo_lastname
-1.9814828634262085,-3.962965726852417,-3.29007234540768e-05,-6.58014469081536e-05,patch_matched_layer_random_08,Powell,716006_1993.txt_ceo_lastname_119,-1.8919083445714588,2,-5.7302045822143555,-11.460409164428711,-1.8919083445714588,ceo_lastname
-1.9814828634262085,-3.962965726852417,-3.29007234540768e-05,-6.58014469081536e-05,patch_matched_layer_random_09,Powell,716006_1993.txt_ceo_lastname_119,0.9055416237489196,2,-0.18719744682312012,-0.37439489364624023,0.9055416237489196,ceo_lastname
-1.9814828634262085,-3.962965726852417,-3.29007234540768e-05,-6.58014469081536e-05,patch_matched_layer_random_10,Powell,716006_1993.txt_ceo_lastname_119,0.4572989239854295,2,-1.0753679275512695,-2.150735855102539,0.4572989239854295,ceo_lastname
-1.9814828634262085,-3.962965726852417,-3.29007234540768e-05,-6.58014469081536e-05,patch_matched_layer_random_11,Powell,716006_1993.txt_ceo_lastname_119,-0.4347198797448257,2,-2.8428585529327393,-5.6857171058654785,-0.4347198797448257,ceo_lastname
-1.9814828634262085,-3.962965726852417,-3.29007234540768e-05,-6.58014469081536e-05,patch_matched_layer_random_12,Powell,716006_1993.txt_ceo_lastname_119,0.1149385254384136,2,-1.7537379264831543,-3.5074758529663086,0.1149385254384136,ceo_lastname
-1.9814828634262085,-3.962965726852417,-3.29007234540768e-05,-6.58014469081536e-05,patch_matched_layer_random_13,Powell,716006_1993.txt_ceo_lastname_119,0.6526589152483016,2,-0.6882718801498413,-1.3765437602996826,0.6526589152483016,ceo_lastname
-1.9814828634262085,-3.962965726852417,-3.29007234540768e-05,-6.58014469081536e-05,patch_matched_layer_random_14,Powell,716006_1993.txt_ceo_lastname_119,-0.8842127594691997,2,-3.733506202697754,-7.467012405395508,-0.8842127594691997,ceo_lastname
-1.9814828634262085,-3.962965726852417,-3.29007234540768e-05,-6.58014469081536e-05,patch_matched_layer_random_15,Powell,716006_1993.txt_ceo_lastname_119,-0.8877704178814669,2,-3.74055552482605,-7.4811110496521,-0.8877704178814669,ceo_lastname
-1.9814828634262085,-3.962965726852417,-3.29007234540768e-05,-6.58014469081536e-05,patch_matched_layer_random_16,Powell,716006_1993.txt_ceo_lastname_119,0.5216669480542331,2,-0.9478259086608887,-1.8956518173217773,0.5216669480542331,ceo_lastname
-1.9814828634262085,-3.962965726852417,-3.29007234540768e-05,-6.58014469081536e-05,patch_matched_layer_random_17,Powell,716006_1993.txt_ceo_lastname_119,0.33729434206067355,2,-1.3131510019302368,-2.6263020038604736,0.33729434206067355,ceo_lastname
-1.9814828634262085,-3.962965726852417,-3.29007234540768e-05,-6.58014469081536e-05,patch_matched_layer_random_18,Powell,716006_1993.txt_ceo_lastname_119,0.3405934815464769,2,-1.3066139221191406,-2.6132278442382812,0.3405934815464769,ceo_lastname
-1.9814828634262085,-3.962965726852417,-3.29007234540768e-05,-6.58014469081536e-05,patch_matched_layer_random_19,Powell,716006_1993.txt_ceo_lastname_119,0.9639975953640465,2,-0.07136986404657364,-0.14273972809314728,0.9639975953640465,ceo_lastname
-2.9574086666107178,-5.9148173332214355,-0.00029413102311082184,-0.0005882620462216437,patch_qr,Bogle,801124_1993.txt_ceo_lastname_134,-0.004164141302355954,2,-2.9697225093841553,-5.9394450187683105,-0.004164141302355954,ceo_lastname
-2.9574086666107178,-5.9148173332214355,-0.00029413102311082184,-0.0005882620462216437,patch_bottom,Bogle,801124_1993.txt_ceo_lastname_134,0.02983615950682586,2,-2.8691797256469727,-5.738359451293945,0.02983615950682586,ceo_lastname
-2.9574086666107178,-5.9148173332214355,-0.00029413102311082184,-0.0005882620462216437,patch_same_layer,Bogle,801124_1993.txt_ceo_lastname_134,0.16015923744616076,2,-2.483799457550049,-4.967598915100098,0.16015923744616076,ceo_lastname
-2.9574086666107178,-5.9148173332214355,-0.00029413102311082184,-0.0005882620462216437,patch_random_00,Bogle,801124_1993.txt_ceo_lastname_134,0.050333396863845484,2,-2.8085670471191406,-5.617134094238281,0.050333396863845484,ceo_lastname
-2.9574086666107178,-5.9148173332214355,-0.00029413102311082184,-0.0005882620462216437,patch_random_01,Bogle,801124_1993.txt_ceo_lastname_134,0.10118755326672282,2,-2.6581854820251465,-5.316370964050293,0.10118755326672282,ceo_lastname
-2.9574086666107178,-5.9148173332214355,-0.00029413102311082184,-0.0005882620462216437,patch_random_02,Bogle,801124_1993.txt_ceo_lastname_134,-0.035780913043199226,2,-3.0632169246673584,-6.126433849334717,-0.035780913043199226,ceo_lastname
-2.9574086666107178,-5.9148173332214355,-0.00029413102311082184,-0.0005882620462216437,patch_random_03,Bogle,801124_1993.txt_ceo_lastname_134,-0.010962476080365829,2,-2.989825963973999,-5.979651927947998,-0.010962476080365829,ceo_lastname
-2.9574086666107178,-5.9148173332214355,-0.00029413102311082184,-0.0005882620462216437,patch_random_04,Bogle,801124_1993.txt_ceo_lastname_134,0.15506572701446278,2,-2.49886155128479,-4.99772310256958,0.15506572701446278,ceo_lastname
-2.9574086666107178,-5.9148173332214355,-0.00029413102311082184,-0.0005882620462216437,patch_random_05,Bogle,801124_1993.txt_ceo_lastname_134,0.04780030765540722,2,-2.8160576820373535,-5.632115364074707,0.04780030765540722,ceo_lastname
-2.9574086666107178,-5.9148173332214355,-0.00029413102311082184,-0.0005882620462216437,patch_random_06,Bogle,801124_1993.txt_ceo_lastname_134,0.014422112528710276,2,-2.9147608280181885,-5.829521656036377,0.014422112528710276,ceo_lastname
-2.9574086666107178,-5.9148173332214355,-0.00029413102311082184,-0.0005882620462216437,patch_random_07,Bogle,801124_1993.txt_ceo_lastname_134,0.021915760863712053,2,-2.892601251602173,-5.785202503204346,0.021915760863712053,ceo_lastname
-2.9574086666107178,-5.9148173332214355,-0.00029413102311082184,-0.0005882620462216437,patch_random_08,Bogle,801124_1993.txt_ceo_lastname_134,-0.09304100034167925,2,-3.232541561126709,-6.465083122253418,-0.09304100034167925,ceo_lastname
-2.9574086666107178,-5.9148173332214355,-0.00029413102311082184,-0.0005882620462216437,patch_random_09,Bogle,801124_1993.txt_ceo_lastname_134,-0.0022109906856898104,2,-2.96394681930542,-5.92789363861084,-0.0022109906856898104,ceo_lastname
-2.9574086666107178,-5.9148173332214355,-0.00029413102311082184,-0.0005882620462216437,patch_random_10,Bogle,801124_1993.txt_ceo_lastname_134,-0.11911993500279783,2,-3.309659957885742,-6.619319915771484,-0.11911993500279783,ceo_lastname
-2.9574086666107178,-5.9148173332214355,-0.00029413102311082184,-0.0005882620462216437,patch_random_11,Bogle,801124_1993.txt_ceo_lastname_134,0.2247910674560141,2,-2.292675733566284,-4.585351467132568,0.2247910674560141,ceo_lastname
-2.9574086666107178,-5.9148173332214355,-0.00029413102311082184,-0.0005882620462216437,patch_random_12,Bogle,801124_1993.txt_ceo_lastname_134,-0.008584429540074068,2,-2.9827938079833984,-5.965587615966797,-0.008584429540074068,ceo_lastname
-2.9574086666107178,-5.9148173332214355,-0.00029413102311082184,-0.0005882620462216437,patch_random_13,Bogle,801124_1993.txt_ceo_lastname_134,-0.02018408825505342,2,-3.0170953273773193,-6.034190654754639,-0.02018408825505342,ceo_lastname
-2.9574086666107178,-5.9148173332214355,-0.00029413102311082184,-0.0005882620462216437,patch_random_14,Bogle,801124_1993.txt_ceo_lastname_134,0.007167599167043144,2,-2.936213254928589,-5.872426509857178,0.007167599167043144,ceo_lastname
-2.9574086666107178,-5.9148173332214355,-0.00029413102311082184,-0.0005882620462216437,patch_random_15,Bogle,801124_1993.txt_ceo_lastname_134,-0.19948823301516502,2,-3.54731822013855,-7.0946364402771,-0.19948823301516502,ceo_lastname
-2.9574086666107178,-5.9148173332214355,-0.00029413102311082184,-0.0005882620462216437,patch_random_16,Bogle,801124_1993.txt_ceo_lastname_134,0.04537493399800574,2,-2.8232297897338867,-5.646459579467773,0.04537493399800574,ceo_lastname
-2.9574086666107178,-5.9148173332214355,-0.00029413102311082184,-0.0005882620462216437,patch_random_17,Bogle,801124_1993.txt_ceo_lastname_134,0.015221352242353681,2,-2.9123973846435547,-5.824794769287109,0.015221352242353681,ceo_lastname
-2.9574086666107178,-5.9148173332214355,-0.00029413102311082184,-0.0005882620462216437,patch_random_18,Bogle,801124_1993.txt_ceo_lastname_134,0.13517914653135973,2,-2.557668447494507,-5.115336894989014,0.13517914653135973,ceo_lastname
-2.9574086666107178,-5.9148173332214355,-0.00029413102311082184,-0.0005882620462216437,patch_random_19,Bogle,801124_1993.txt_ceo_lastname_134,0.15141363770659377,2,-2.5096611976623535,-5.019322395324707,0.15141363770659377,ceo_lastname
-2.9574086666107178,-5.9148173332214355,-0.00029413102311082184,-0.0005882620462216437,patch_matched_layer_random_00,Bogle,801124_1993.txt_ceo_lastname_134,0.1927722974086818,2,-2.3873589038848877,-4.774717807769775,0.1927722974086818,ceo_lastname
-2.9574086666107178,-5.9148173332214355,-0.00029413102311082184,-0.0005882620462216437,patch_matched_layer_random_01,Bogle,801124_1993.txt_ceo_lastname_134,0.01939944174106395,2,-2.9000422954559326,-5.800084590911865,0.01939944174106395,ceo_lastname
-2.9574086666107178,-5.9148173332214355,-0.00029413102311082184,-0.0005882620462216437,patch_matched_layer_random_02,Bogle,801124_1993.txt_ceo_lastname_134,0.02289503712336229,2,-2.8897054195404053,-5.7794108390808105,0.02289503712336229,ceo_lastname
-2.9574086666107178,-5.9148173332214355,-0.00029413102311082184,-0.0005882620462216437,patch_matched_layer_random_03,Bogle,801124_1993.txt_ceo_lastname_134,0.14320024631462694,2,-2.533949136734009,-5.067898273468018,0.14320024631462694,ceo_lastname
-2.9574086666107178,-5.9148173332214355,-0.00029413102311082184,-0.0005882620462216437,patch_matched_layer_random_04,Bogle,801124_1993.txt_ceo_lastname_134,0.019723152772061454,2,-2.89908504486084,-5.79817008972168,0.019723152772061454,ceo_lastname
-2.9574086666107178,-5.9148173332214355,-0.00029413102311082184,-0.0005882620462216437,patch_matched_layer_random_05,Bogle,801124_1993.txt_ceo_lastname_134,-0.03586040969987757,2,-3.0634520053863525,-6.126904010772705,-0.03586040969987757,ceo_lastname
-2.9574086666107178,-5.9148173332214355,-0.00029413102311082184,-0.0005882620462216437,patch_matched_layer_random_06,Bogle,801124_1993.txt_ceo_lastname_134,-0.04037833531207587,2,-3.0768120288848877,-6.153624057769775,-0.04037833531207587,ceo_lastname
-2.9574086666107178,-5.9148173332214355,-0.00029413102311082184,-0.0005882620462216437,patch_matched_layer_random_07,Bogle,801124_1993.txt_ceo_lastname_134,-0.10765467885037709,2,-3.2757558822631836,-6.551511764526367,-0.10765467885037709,ceo_lastname
-2.9574086666107178,-5.9148173332214355,-0.00029413102311082184,-0.0005882620462216437,patch_matched_layer_random_08,Bogle,801124_1993.txt_ceo_lastname_134,0.01974161599151312,2,-2.8990304470062256,-5.798060894012451,0.01974161599151312,ceo_lastname
-2.9574086666107178,-5.9148173332214355,-0.00029413102311082184,-0.0005882620462216437,patch_matched_layer_random_09,Bogle,801124_1993.txt_ceo_lastname_134,0.18196486399646244,2,-2.4193177223205566,-4.838635444641113,0.18196486399646244,ceo_lastname
-2.9574086666107178,-5.9148173332214355,-0.00029413102311082184,-0.0005882620462216437,patch_matched_layer_random_10,Bogle,801124_1993.txt_ceo_lastname_134,-0.024663958672574062,2,-3.0303428173065186,-6.060685634613037,-0.024663958672574062,ceo_lastname
-2.9574086666107178,-5.9148173332214355,-0.00029413102311082184,-0.0005882620462216437,patch_matched_layer_random_11,Bogle,801124_1993.txt_ceo_lastname_134,-0.058346192229630056,2,-3.1299450397491455,-6.259890079498291,-0.058346192229630056,ceo_lastname
-2.9574086666107178,-5.9148173332214355,-0.00029413102311082184,-0.0005882620462216437,patch_matched_layer_random_12,Bogle,801124_1993.txt_ceo_lastname_134,0.0024022341640275646,2,-2.9503049850463867,-5.900609970092773,0.0024022341640275646,ceo_lastname
-2.9574086666107178,-5.9148173332214355,-0.00029413102311082184,-0.0005882620462216437,patch_matched_layer_random_13,Bogle,801124_1993.txt_ceo_lastname_134,-0.041617870403123355,2,-3.080477476119995,-6.16095495223999,-0.041617870403123355,ceo_lastname
-2.9574086666107178,-5.9148173332214355,-0.00029413102311082184,-0.0005882620462216437,patch_matched_layer_random_14,Bogle,801124_1993.txt_ceo_lastname_134,-0.24167128755958167,2,-3.672058343887329,-7.344116687774658,-0.24167128755958167,ceo_lastname
-2.9574086666107178,-5.9148173332214355,-0.00029413102311082184,-0.0005882620462216437,patch_matched_layer_random_15,Bogle,801124_1993.txt_ceo_lastname_134,0.06779774808063269,2,-2.756922960281372,-5.513845920562744,0.06779774808063269,ceo_lastname
-2.9574086666107178,-5.9148173332214355,-0.00029413102311082184,-0.0005882620462216437,patch_matched_layer_random_16,Bogle,801124_1993.txt_ceo_lastname_134,0.30374189009205077,2,-2.059209108352661,-4.118418216705322,0.30374189009205077,ceo_lastname
-2.9574086666107178,-5.9148173332214355,-0.00029413102311082184,-0.0005882620462216437,patch_matched_layer_random_17,Bogle,801124_1993.txt_ceo_lastname_134,0.1456687545676906,2,-2.5266494750976562,-5.0532989501953125,0.1456687545676906,ceo_lastname
-2.9574086666107178,-5.9148173332214355,-0.00029413102311082184,-0.0005882620462216437,patch_matched_layer_random_18,Bogle,801124_1993.txt_ceo_lastname_134,-0.004699413415629288,2,-2.9713053703308105,-5.942610740661621,-0.004699413415629288,ceo_lastname
-2.9574086666107178,-5.9148173332214355,-0.00029413102311082184,-0.0005882620462216437,patch_matched_layer_random_19,Bogle,801124_1993.txt_ceo_lastname_134,0.011076157911924107,2,-2.9246551990509033,-5.849310398101807,0.011076157911924107,ceo_lastname
-1.1888437271118164,-2.377687454223633,-0.00013010468683205545,-0.0002602093736641109,patch_qr,Vincent,714655_1993.txt_ceo_lastname_185,0.9972374940880021,2,-0.0034139330964535475,-0.006827866192907095,0.9972374940880021,ceo_lastname
-1.1888437271118164,-2.377687454223633,-0.00013010468683205545,-0.0002602093736641109,patch_bottom,Vincent,714655_1993.txt_ceo_lastname_185,-0.11747320596317688,2,-1.3284857273101807,-2.6569714546203613,-0.11747320596317688,ceo_lastname
-1.1888437271118164,-2.377687454223633,-0.00013010468683205545,-0.0002602093736641109,patch_same_layer,Vincent,714655_1993.txt_ceo_lastname_185,0.26574702364384134,2,-0.8729466199874878,-1.7458932399749756,0.26574702364384134,ceo_lastname
-1.1888437271118164,-2.377687454223633,-0.00013010468683205545,-0.0002602093736641109,patch_random_00,Vincent,714655_1993.txt_ceo_lastname_185,0.05554555719735016,2,-1.1228159666061401,-2.2456319332122803,0.05554555719735016,ceo_lastname
-1.1888437271118164,-2.377687454223633,-0.00013010468683205545,-0.0002602093736641109,patch_random_01,Vincent,714655_1993.txt_ceo_lastname_185,0.8203617244664908,2,-0.2136685699224472,-0.4273371398448944,0.8203617244664908,ceo_lastname
-1.1888437271118164,-2.377687454223633,-0.00013010468683205545,-0.0002602093736641109,patch_random_02,Vincent,714655_1993.txt_ceo_lastname_185,0.011222212050263997,2,-1.1755037307739258,-2.3510074615478516,0.011222212050263997,ceo_lastname
-1.1888437271118164,-2.377687454223633,-0.00013010468683205545,-0.0002602093736641109,patch_random_03,Vincent,714655_1993.txt_ceo_lastname_185,0.4734245854776733,2,-0.6260774731636047,-1.2521549463272095,0.4734245854776733,ceo_lastname
-1.1888437271118164,-2.377687454223633,-0.00013010468683205545,-0.0002602093736641109,patch_random_04,Vincent,714655_1993.txt_ceo_lastname_185,0.916563086538837,2,-0.09931270033121109,-0.19862540066242218,0.916563086538837,ceo_lastname
-1.1888437271118164,-2.377687454223633,-0.00013010468683205545,-0.0002602093736641109,patch_random_05,Vincent,714655_1993.txt_ceo_lastname_185,0.34457698606958814,2,-0.7792403697967529,-1.5584807395935059,0.34457698606958814,ceo_lastname
-1.1888437271118164,-2.377687454223633,-0.00013010468683205545,-0.0002602093736641109,patch_random_06,Vincent,714655_1993.txt_ceo_lastname_185,0.22915023126279271,2,-0.9164497256278992,-1.8328994512557983,0.22915023126279271,ceo_lastname
-1.1888437271118164,-2.377687454223633,-0.00013010468683205545,-0.0002602093736641109,patch_random_07,Vincent,714655_1993.txt_ceo_lastname_185,0.5181603998677065,2,-0.5728994011878967,-1.1457988023757935,0.5181603998677065,ceo_lastname
-1.1888437271118164,-2.377687454223633,-0.00013010468683205545,-0.0002602093736641109,patch_random_08,Vincent,714655_1993.txt_ceo_lastname_185,-0.22581663137477398,2,-1.4572750329971313,-2.9145500659942627,-0.22581663137477398,ceo_lastname
-1.1888437271118164,-2.377687454223633,-0.00013010468683205545,-0.0002602093736641109,patch_random_09,Vincent,714655_1993.txt_ceo_lastname_185,-0.030600544579223756,2,-1.2252190113067627,-2.4504380226135254,-0.030600544579223756,ceo_lastname
-1.1888437271118164,-2.377687454223633,-0.00013010468683205545,-0.0002602093736641109,patch_random_10,Vincent,714655_1993.txt_ceo_lastname_185,-0.6379081034396016,2,-1.9471337795257568,-3.8942675590515137,-0.6379081034396016,ceo_lastname
-1.1888437271118164,-2.377687454223633,-0.00013010468683205545,-0.0002602093736641109,patch_random_11,Vincent,714655_1993.txt_ceo_lastname_185,0.8287695208809587,2,-0.2036741077899933,-0.4073482155799866,0.8287695208809587,ceo_lastname
-1.1888437271118164,-2.377687454223633,-0.00013010468683205545,-0.0002602093736641109,patch_random_12,Vincent,714655_1993.txt_ceo_lastname_185,-0.19289831652008463,2,-1.4181445837020874,-2.836289167404175,-0.19289831652008463,ceo_lastname
-1.1888437271118164,-2.377687454223633,-0.00013010468683205545,-0.0002602093736641109,patch_random_13,Vincent,714655_1993.txt_ceo_lastname_185,-0.3013267830009788,2,-1.5470349788665771,-3.0940699577331543,-0.3013267830009788,ceo_lastname
-1.1888437271118164,-2.377687454223633,-0.00013010468683205545,-0.0002602093736641109,patch_random_14,Vincent,714655_1993.txt_ceo_lastname_185,-0.08286660525752426,2,-1.2873483896255493,-2.5746967792510986,-0.08286660525752426,ceo_lastname
-1.1888437271118164,-2.377687454223633,-0.00013010468683205545,-0.0002602093736641109,patch_random_15,Vincent,714655_1993.txt_ceo_lastname_185,-0.6913219177005736,2,-2.010627508163452,-4.021255016326904,-0.6913219177005736,ceo_lastname
-1.1888437271118164,-2.377687454223633,-0.00013010468683205545,-0.0002602093736641109,patch_random_16,Vincent,714655_1993.txt_ceo_lastname_185,0.0678344931321818,2,-1.1082079410552979,-2.2164158821105957,0.0678344931321818,ceo_lastname
-1.1888437271118164,-2.377687454223633,-0.00013010468683205545,-0.0002602093736641109,patch_random_17,Vincent,714655_1993.txt_ceo_lastname_185,0.7061942518970745,2,-0.3493809998035431,-0.6987619996070862,0.7061942518970745,ceo_lastname
-1.1888437271118164,-2.377687454223633,-0.00013010468683205545,-0.0002602093736641109,patch_random_18,Vincent,714655_1993.txt_ceo_lastname_185,0.8180577432795021,2,-0.21640734374523163,-0.43281468749046326,0.8180577432795021,ceo_lastname
-1.1888437271118164,-2.377687454223633,-0.00013010468683205545,-0.0002602093736641109,patch_random_19,Vincent,714655_1993.txt_ceo_lastname_185,-1.922110482935434,2,-3.4736826419830322,-6.9473652839660645,-1.922110482935434,ceo_lastname
-1.1888437271118164,-2.377687454223633,-0.00013010468683205545,-0.0002602093736641109,patch_matched_layer_random_00,Vincent,714655_1993.txt_ceo_lastname_185,0.8061212689816731,2,-0.2305963933467865,-0.461192786693573,0.8061212689816731,ceo_lastname
-1.1888437271118164,-2.377687454223633,-0.00013010468683205545,-0.0002602093736641109,patch_matched_layer_random_01,Vincent,714655_1993.txt_ceo_lastname_185,-1.3884882026611673,2,-2.8393585681915283,-5.678717136383057,-1.3884882026611673,ceo_lastname
-1.1888437271118164,-2.377687454223633,-0.00013010468683205545,-0.0002602093736641109,patch_matched_layer_random_02,Vincent,714655_1993.txt_ceo_lastname_185,0.6576253466922519,2,-0.40711551904678345,-0.8142310380935669,0.6576253466922519,ceo_lastname
-1.1888437271118164,-2.377687454223633,-0.00013010468683205545,-0.0002602093736641109,patch_matched_layer_random_03,Vincent,714655_1993.txt_ceo_lastname_185,0.5078667701065421,2,-0.5851355791091919,-1.1702711582183838,0.5078667701065421,ceo_lastname
-1.1888437271118164,-2.377687454223633,-0.00013010468683205545,-0.0002602093736641109,patch_matched_layer_random_04,Vincent,714655_1993.txt_ceo_lastname_185,0.5238602574804893,2,-0.566123902797699,-1.132247805595398,0.5238602574804893,ceo_lastname
-1.1888437271118164,-2.377687454223633,-0.00013010468683205545,-0.0002602093736641109,patch_matched_layer_random_05,Vincent,714655_1993.txt_ceo_lastname_185,0.9671062789590511,2,-0.0392313189804554,-0.0784626379609108,0.9671062789590511,ceo_lastname
-1.1888437271118164,-2.377687454223633,-0.00013010468683205545,-0.0002602093736641109,patch_matched_layer_random_06,Vincent,714655_1993.txt_ceo_lastname_185,-1.907263194737821,2,-3.45603346824646,-6.91206693649292,-1.907263194737821,ceo_lastname
-1.1888437271118164,-2.377687454223633,-0.00013010468683205545,-0.0002602093736641109,patch_matched_layer_random_07,Vincent,714655_1993.txt_ceo_lastname_185,0.8164733895490491,2,-0.21829068660736084,-0.4365813732147217,0.8164733895490491,ceo_lastname
-1.1888437271118164,-2.377687454223633,-0.00013010468683205545,-0.0002602093736641109,patch_matched_layer_random_08,Vincent,714655_1993.txt_ceo_lastname_185,-3.134617424525572,2,-4.915006160736084,-9.830012321472168,-3.134617424525572,ceo_lastname
-1.1888437271118164,-2.377687454223633,-0.00013010468683205545,-0.0002602093736641109,patch_matched_layer_random_09,Vincent,714655_1993.txt_ceo_lastname_185,0.7508516690513494,2,-0.2962961196899414,-0.5925922393798828,0.7508516690513494,ceo_lastname
-1.1888437271118164,-2.377687454223633,-0.00013010468683205545,-0.0002602093736641109,patch_matched_layer_random_10,Vincent,714655_1993.txt_ceo_lastname_185,0.6075513750157182,2,-0.46663913130760193,-0.9332782626152039,0.6075513750157182,ceo_lastname
-1.1888437271118164,-2.377687454223633,-0.00013010468683205545,-0.0002602093736641109,patch_matched_layer_random_11,Vincent,714655_1993.txt_ceo_lastname_185,-0.6776053347580607,2,-1.994322419166565,-3.98864483833313,-0.6776053347580607,ceo_lastname
-1.1888437271118164,-2.377687454223633,-0.00013010468683205545,-0.0002602093736641109,patch_matched_layer_random_12,Vincent,714655_1993.txt_ceo_lastname_185,0.5375236396125516,2,-0.5498820543289185,-1.099764108657837,0.5375236396125516,ceo_lastname
-1.1888437271118164,-2.377687454223633,-0.00013010468683205545,-0.0002602093736641109,patch_matched_layer_random_13,Vincent,714655_1993.txt_ceo_lastname_185,0.7714683870808783,2,-0.27178874611854553,-0.5435774922370911,0.7714683870808783,ceo_lastname
-1.1888437271118164,-2.377687454223633,-0.00013010468683205545,-0.0002602093736641109,patch_matched_layer_random_14,Vincent,714655_1993.txt_ceo_lastname_185,0.4863503767315749,2,-0.6107124090194702,-1.2214248180389404,0.4863503767315749,ceo_lastname
-1.1888437271118164,-2.377687454223633,-0.00013010468683205545,-0.0002602093736641109,patch_matched_layer_random_15,Vincent,714655_1993.txt_ceo_lastname_185,-0.7488369578695345,2,-2.078996419906616,-4.157992839813232,-0.7488369578695345,ceo_lastname
-1.1888437271118164,-2.377687454223633,-0.00013010468683205545,-0.0002602093736641109,patch_matched_layer_random_16,Vincent,714655_1993.txt_ceo_lastname_185,0.9000935559562973,2,-0.11889025568962097,-0.23778051137924194,0.9000935559562973,ceo_lastname
-1.1888437271118164,-2.377687454223633,-0.00013010468683205545,-0.0002602093736641109,patch_matched_layer_random_17,Vincent,714655_1993.txt_ceo_lastname_185,0.34724560089804424,2,-0.7760681509971619,-1.5521363019943237,0.34724560089804424,ceo_lastname
-1.1888437271118164,-2.377687454223633,-0.00013010468683205545,-0.0002602093736641109,patch_matched_layer_random_18,Vincent,714655_1993.txt_ceo_lastname_185,0.8237289321237881,2,-0.2096659243106842,-0.4193318486213684,0.8237289321237881,ceo_lastname
-1.1888437271118164,-2.377687454223633,-0.00013010468683205545,-0.0002602093736641109,patch_matched_layer_random_19,Vincent,714655_1993.txt_ceo_lastname_185,0.9179864651968579,2,-0.09762071073055267,-0.19524142146110535,0.9179864651968579,ceo_lastname
-1.3978041410446167,-4.1934123039245605,-0.03767867758870125,-0.11303602904081345,patch_qr,Berglund,18497_1993.txt_ceo_lastname_35,0.3740578730008413,3,-0.8890385031700134,-2.6671154499053955,0.37405786897990195,ceo_lastname
-1.3978041410446167,-4.1934123039245605,-0.03767867758870125,-0.11303602904081345,patch_bottom,Berglund,18497_1993.txt_ceo_lastname_35,0.1161616290401268,3,-1.2398097515106201,-3.7194290161132812,0.11616166154303587,ceo_lastname
-1.3978041410446167,-4.1934123039245605,-0.03767867758870125,-0.11303602904081345,patch_same_layer,Berglund,18497_1993.txt_ceo_lastname_35,0.3972155158194253,3,-0.8575412034988403,-2.5726234912872314,0.3972155270615347,ceo_lastname
-1.3978041410446167,-4.1934123039245605,-0.03767867758870125,-0.11303602904081345,patch_random_00,Berglund,18497_1993.txt_ceo_lastname_35,0.2599710392518199,3,-1.0442109107971191,-3.1326327323913574,0.2599710173943273,ceo_lastname
-1.3978041410446167,-4.1934123039245605,-0.03767867758870125,-0.11303602904081345,patch_random_01,Berglund,18497_1993.txt_ceo_lastname_35,0.148889010418317,3,-1.1952964067459106,-3.5858891010284424,0.1488890146322172,ceo_lastname
-1.3978041410446167,-4.1934123039245605,-0.03767867758870125,-0.11303602904081345,patch_random_02,Berglund,18497_1993.txt_ceo_lastname_35,-0.006920162087000407,3,-1.4072164297103882,-4.221649169921875,-0.006920162282856853,ceo_lastname
-1.3978041410446167,-4.1934123039245605,-0.03767867758870125,-0.11303602904081345,patch_random_03,Berglund,18497_1993.txt_ceo_lastname_35,0.10225416818039415,3,-1.258725643157959,-3.776176691055298,0.1022542002896902,ceo_lastname
-1.3978041410446167,-4.1934123039245605,-0.03767867758870125,-0.11303602904081345,patch_random_04,Berglund,18497_1993.txt_ceo_lastname_35,0.1935902109321986,3,-1.1344971656799316,-3.403491258621216,0.19359024562651397,ceo_lastname
-1.3978041410446167,-4.1934123039245605,-0.03767867758870125,-0.11303602904081345,patch_random_05,Berglund,18497_1993.txt_ceo_lastname_35,-0.21687261755253098,3,-1.6927781105041504,-5.078334331512451,-0.2168726529057918,ceo_lastname
-1.3978041410446167,-4.1934123039245605,-0.03767867758870125,-0.11303602904081345,patch_random_06,Berglund,18497_1993.txt_ceo_lastname_35,0.018148553661139284,3,-1.373119831085205,-4.119359493255615,0.018148524959516174,ceo_lastname
-1.3978041410446167,-4.1934123039245605,-0.03767867758870125,-0.11303602904081345,patch_random_07,Berglund,18497_1993.txt_ceo_lastname_35,-0.14828153735198893,3,-1.5994856357574463,-4.79845666885376,-0.14828151233342748,ceo_lastname
-1.3978041410446167,-4.1934123039245605,-0.03767867758870125,-0.11303602904081345,patch_random_08,Berglund,18497_1993.txt_ceo_lastname_35,-0.09076117392450019,3,-1.5212507247924805,-4.563752174377441,-0.09076120570851817,ceo_lastname
-1.3978041410446167,-4.1934123039245605,-0.03767867758870125,-0.11303602904081345,patch_random_09,Berglund,18497_1993.txt_ceo_lastname_35,-0.011631036396922197,3,-1.4136238098144531,-4.240871429443359,-0.011631065941375952,ceo_lastname
-1.3978041410446167,-4.1934123039245605,-0.03767867758870125,-0.11303602904081345,patch_random_10,Berglund,18497_1993.txt_ceo_lastname_35,0.06220529457947761,3,-1.313197135925293,-3.939591407775879,0.06220526712476123,ceo_lastname
-1.3978041410446167,-4.1934123039245605,-0.03767867758870125,-0.11303602904081345,patch_random_11,Berglund,18497_1993.txt_ceo_lastname_35,0.4418056690998575,3,-0.7968930006027222,-2.390678882598877,0.4418056816039704,ceo_lastname
-1.3978041410446167,-4.1934123039245605,-0.03767867758870125,-0.11303602904081345,patch_random_12,Berglund,18497_1993.txt_ceo_lastname_35,0.19075048688818913,3,-1.138359546661377,-3.4150784015655518,0.19075052150213379,ceo_lastname
-1.3978041410446167,-4.1934123039245605,-0.03767867758870125,-0.11303602904081345,patch_random_13,Berglund,18497_1993.txt_ceo_lastname_35,0.009670136827890584,3,-1.3846515417099,-4.15395450592041,0.009670137101577617,ceo_lastname
-1.3978041410446167,-4.1934123039245605,-0.03767867758870125,-0.11303602904081345,patch_random_14,Berglund,18497_1993.txt_ceo_lastname_35,0.0015215311544445904,3,-1.3957346677780151,-4.187203884124756,0.0015215311975074089,ceo_lastname
-1.3978041410446167,-4.1934123039245605,-0.03767867758870125,-0.11303602904081345,patch_random_15,Berglund,18497_1993.txt_ceo_lastname_35,-0.28674490411342274,3,-1.7878131866455078,-5.363439559936523,-0.2867449414442294,ceo_lastname
-1.3978041410446167,-4.1934123039245605,-0.03767867758870125,-0.11303602904081345,patch_random_16,Berglund,18497_1993.txt_ceo_lastname_35,0.15547042147352433,3,-1.186344861984253,-3.559034585952759,0.15547039665842474,ceo_lastname
-1.3978041410446167,-4.1934123039245605,-0.03767867758870125,-0.11303602904081345,patch_random_17,Berglund,18497_1993.txt_ceo_lastname_35,0.014291437126300717,3,-1.3783659934997559,-4.135097980499268,0.01429140831551237,ceo_lastname
-1.3978041410446167,-4.1934123039245605,-0.03767867758870125,-0.11303602904081345,patch_random_18,Berglund,18497_1993.txt_ceo_lastname_35,0.20335798518555298,3,-1.1212117671966553,-3.363635301589966,0.20335796172578122,ceo_lastname
-1.3978041410446167,-4.1934123039245605,-0.03767867758870125,-0.11303602904081345,patch_random_19,Berglund,18497_1993.txt_ceo_lastname_35,0.09274670196440732,3,-1.2716569900512695,-3.8149707317352295,0.0927467338046203,ceo_lastname
-1.3978041410446167,-4.1934123039245605,-0.03767867758870125,-0.11303602904081345,patch_matched_layer_random_00,Berglund,18497_1993.txt_ceo_lastname_35,0.213861458316235,3,-1.1069257259368896,-3.32077693939209,0.21386149358427312,ceo_lastname
-1.3978041410446167,-4.1934123039245605,-0.03767867758870125,-0.11303602904081345,patch_matched_layer_random_01,Berglund,18497_1993.txt_ceo_lastname_35,0.47643268563020397,3,-0.7497959136962891,-2.249387741088867,0.476432669899072,ceo_lastname
-1.3978041410446167,-4.1934123039245605,-0.03767867758870125,-0.11303602904081345,patch_matched_layer_random_02,Berglund,18497_1993.txt_ceo_lastname_35,0.3765538063793376,3,-0.885643720626831,-2.656931161880493,0.3765537878214045,ceo_lastname
-1.3978041410446167,-4.1934123039245605,-0.03767867758870125,-0.11303602904081345,patch_matched_layer_random_03,Berglund,18497_1993.txt_ceo_lastname_35,0.2356971832985914,3,-1.0772264003753662,-3.2316792011260986,0.23569716075409305,ceo_lastname
-1.3978041410446167,-4.1934123039245605,-0.03767867758870125,-0.11303602904081345,patch_matched_layer_random_04,Berglund,18497_1993.txt_ceo_lastname_35,0.26340903355275563,3,-1.0395348072052002,-3.1186041831970215,0.26340907022310367,ceo_lastname
-1.3978041410446167,-4.1934123039245605,-0.03767867758870125,-0.11303602904081345,patch_matched_layer_random_05,Berglund,18497_1993.txt_ceo_lastname_35,-0.13928820142125395,3,-1.5872535705566406,-4.761760711669922,-0.13928823457869802,ceo_lastname
-1.3978041410446167,-4.1934123039245605,-0.03767867758870125,-0.11303602904081345,patch_matched_layer_random_06,Berglund,18497_1993.txt_ceo_lastname_35,0.26551849275927475,3,-1.036665678024292,-3.109996795654297,0.26551852948932536,ceo_lastname
-1.3978041410446167,-4.1934123039245605,-0.03767867758870125,-0.11303602904081345,patch_matched_layer_random_07,Berglund,18497_1993.txt_ceo_lastname_35,-0.15817937797822323,3,-1.612947940826416,-4.838843822479248,-0.1581794116703309,ceo_lastname
-1.3978041410446167,-4.1934123039245605,-0.03767867758870125,-0.11303602904081345,patch_matched_layer_random_08,Berglund,18497_1993.txt_ceo_lastname_35,0.20833135867793798,3,-1.1144473552703857,-3.3433420658111572,0.2083313353589241,ceo_lastname
-1.3978041410446167,-4.1934123039245605,-0.03767867758870125,-0.11303602904081345,patch_matched_layer_random_09,Berglund,18497_1993.txt_ceo_lastname_35,0.5601599332143357,3,-0.6359163522720337,-1.9077489376068115,0.5601599490681455,ceo_lastname
-1.3978041410446167,-4.1934123039245605,-0.03767867758870125,-0.11303602904081345,patch_matched_layer_random_10,Berglund,18497_1993.txt_ceo_lastname_35,0.15929493376933906,3,-1.181143045425415,-3.543429136276245,0.15929490906248198,ceo_lastname
-1.3978041410446167,-4.1934123039245605,-0.03767867758870125,-0.11303602904081345,patch_matched_layer_random_11,Berglund,18497_1993.txt_ceo_lastname_35,0.004004624422680171,3,-1.392357349395752,-4.177072048187256,0.00400459532075145,ceo_lastname
-1.3978041410446167,-4.1934123039245605,-0.03767867758870125,-0.11303602904081345,patch_matched_layer_random_12,Berglund,18497_1993.txt_ceo_lastname_35,0.14042864862065677,3,-1.206803560256958,-3.620410442352295,0.1404286818103781,ceo_lastname
-1.3978041410446167,-4.1934123039245605,-0.03767867758870125,-0.11303602904081345,patch_matched_layer_random_13,Berglund,18497_1993.txt_ceo_lastname_35,1.4110974416219991e-05,3,-1.397784948348999,-4.193354606628418,1.4140190084362247e-05,ceo_lastname
-1.3978041410446167,-4.1934123039245605,-0.03767867758870125,-0.11303602904081345,patch_matched_layer_random_14,Berglund,18497_1993.txt_ceo_lastname_35,0.10768277397785896,3,-1.2513420581817627,-3.754025936126709,0.107682806240797,ceo_lastname
-1.3978041410446167,-4.1934123039245605,-0.03767867758870125,-0.11303602904081345,patch_matched_layer_random_15,Berglund,18497_1993.txt_ceo_lastname_35,0.8155245062200432,3,-0.2885884940624237,-0.8657654523849487,0.8155245073898041,ceo_lastname
-1.3978041410446167,-4.1934123039245605,-0.03767867758870125,-0.11303602904081345,patch_matched_layer_random_16,Berglund,18497_1993.txt_ceo_lastname_35,0.28020451129440666,3,-1.0166908502578735,-3.050072431564331,0.28020451922483647,ceo_lastname
-1.3978041410446167,-4.1934123039245605,-0.03767867758870125,-0.11303602904081345,patch_matched_layer_random_17,Berglund,18497_1993.txt_ceo_lastname_35,0.5611566412954615,3,-0.6345607042312622,-1.9036821126937866,0.5611566279622117,ceo_lastname
-1.3978041410446167,-4.1934123039245605,-0.03767867758870125,-0.11303602904081345,patch_matched_layer_random_18,Berglund,18497_1993.txt_ceo_lastname_35,0.07459218838860776,3,-1.2963494062423706,-3.8890480995178223,0.07459219049973763,ceo_lastname
-1.3978041410446167,-4.1934123039245605,-0.03767867758870125,-0.11303602904081345,patch_matched_layer_random_19,Berglund,18497_1993.txt_ceo_lastname_35,0.001009942597503745,3,-1.396430492401123,-4.189291477203369,0.0010099134108186656,ceo_lastname
-3.761401653289795,-7.52280330657959,-0.5791347026824951,-1.1582694053649902,patch_qr,Drew,812427_1993.txt_ceo_lastname_249,0.8827627600741568,2,-0.9522148966789246,-1.9044297933578491,0.8827627600741568,ceo_lastname
-3.761401653289795,-7.52280330657959,-0.5791347026824951,-1.1582694053649902,patch_bottom,Drew,812427_1993.txt_ceo_lastname_249,-0.3615611885315449,2,-4.911985874176025,-9.82397174835205,-0.3615611885315449,ceo_lastname
-3.761401653289795,-7.52280330657959,-0.5791347026824951,-1.1582694053649902,patch_same_layer,Drew,812427_1993.txt_ceo_lastname_249,0.20719705980080758,2,-3.1020452976226807,-6.204090595245361,0.20719705980080758,ceo_lastname
-3.761401653289795,-7.52280330657959,-0.5791347026824951,-1.1582694053649902,patch_random_00,Drew,812427_1993.txt_ceo_lastname_249,0.2229366104771755,2,-3.051957845687866,-6.103915691375732,0.2229366104771755,ceo_lastname
-3.761401653289795,-7.52280330657959,-0.5791347026824951,-1.1582694053649902,patch_random_01,Drew,812427_1993.txt_ceo_lastname_249,0.6690299118292371,2,-1.632369875907898,-3.264739751815796,0.6690299118292371,ceo_lastname
-3.761401653289795,-7.52280330657959,-0.5791347026824951,-1.1582694053649902,patch_random_02,Drew,812427_1993.txt_ceo_lastname_249,-0.05748215288451417,2,-3.9443252086639404,-7.888650417327881,-0.05748215288451417,ceo_lastname
-3.761401653289795,-7.52280330657959,-0.5791347026824951,-1.1582694053649902,patch_random_03,Drew,812427_1993.txt_ceo_lastname_249,-0.1287989154438001,2,-4.171274185180664,-8.342548370361328,-0.1287989154438001,ceo_lastname
-3.761401653289795,-7.52280330657959,-0.5791347026824951,-1.1582694053649902,patch_random_04,Drew,812427_1993.txt_ceo_lastname_249,0.41153490999554593,2,-2.4517877101898193,-4.903575420379639,0.41153490999554593,ceo_lastname
-3.761401653289795,-7.52280330657959,-0.5791347026824951,-1.1582694053649902,patch_random_05,Drew,812427_1993.txt_ceo_lastname_249,0.22584511809233188,2,-3.0427021980285645,-6.085404396057129,0.22584511809233188,ceo_lastname
-3.761401653289795,-7.52280330657959,-0.5791347026824951,-1.1582694053649902,patch_random_06,Drew,812427_1993.txt_ceo_lastname_249,0.04183557915233647,2,-3.628269672393799,-7.256539344787598,0.04183557915233647,ceo_lastname
-3.761401653289795,-7.52280330657959,-0.5791347026824951,-1.1582694053649902,patch_random_07,Drew,812427_1993.txt_ceo_lastname_249,0.4344930977168204,2,-2.3787286281585693,-4.757457256317139,0.4344930977168204,ceo_lastname
-3.761401653289795,-7.52280330657959,-0.5791347026824951,-1.1582694053649902,patch_random_08,Drew,812427_1993.txt_ceo_lastname_249,0.263194053970831,2,-2.9238479137420654,-5.847695827484131,0.263194053970831,ceo_lastname
-3.761401653289795,-7.52280330657959,-0.5791347026824951,-1.1582694053649902,patch_random_09,Drew,812427_1993.txt_ceo_lastname_249,0.003830035748548687,2,-3.749213457107544,-7.498426914215088,0.003830035748548687,ceo_lastname
-3.761401653289795,-7.52280330657959,-0.5791347026824951,-1.1582694053649902,patch_random_10,Drew,812427_1993.txt_ceo_lastname_249,-0.32698904917401483,2,-4.801968097686768,-9.603936195373535,-0.32698904917401483,ceo_lastname
-3.761401653289795,-7.52280330657959,-0.5791347026824951,-1.1582694053649902,patch_random_11,Drew,812427_1993.txt_ceo_lastname_249,0.4321736188971706,2,-2.3861098289489746,-4.772219657897949,0.4321736188971706,ceo_lastname
-3.761401653289795,-7.52280330657959,-0.5791347026824951,-1.1582694053649902,patch_random_12,Drew,812427_1993.txt_ceo_lastname_249,-0.23965335557987158,2,-4.52404260635376,-9.04808521270752,-0.23965335557987158,ceo_lastname
-3.761401653289795,-7.52280330657959,-0.5791347026824951,-1.1582694053649902,patch_random_13,Drew,812427_1993.txt_ceo_lastname_249,-0.22402828417080636,2,-4.4743194580078125,-8.948638916015625,-0.22402828417080636,ceo_lastname
-3.761401653289795,-7.52280330657959,-0.5791347026824951,-1.1582694053649902,patch_random_14,Drew,812427_1993.txt_ceo_lastname_249,-0.10873732290083571,2,-4.107432842254639,-8.214865684509277,-0.10873732290083571,ceo_lastname
-3.761401653289795,-7.52280330657959,-0.5791347026824951,-1.1582694053649902,patch_random_15,Drew,812427_1993.txt_ceo_lastname_249,-0.6823135151091281,2,-5.932705402374268,-11.865410804748535,-0.6823135151091281,ceo_lastname
-3.761401653289795,-7.52280330657959,-0.5791347026824951,-1.1582694053649902,patch_random_16,Drew,812427_1993.txt_ceo_lastname_249,-0.1810272341531812,2,-4.3374786376953125,-8.674957275390625,-0.1810272341531812,ceo_lastname
-3.761401653289795,-7.52280330657959,-0.5791347026824951,-1.1582694053649902,patch_random_17,Drew,812427_1993.txt_ceo_lastname_249,-0.08131759043618624,2,-4.020175933837891,-8.040351867675781,-0.08131759043618624,ceo_lastname
-3.761401653289795,-7.52280330657959,-0.5791347026824951,-1.1582694053649902,patch_random_18,Drew,812427_1993.txt_ceo_lastname_249,0.4446924662078256,2,-2.346271514892578,-4.692543029785156,0.4446924662078256,ceo_lastname
-3.761401653289795,-7.52280330657959,-0.5791347026824951,-1.1582694053649902,patch_random_19,Drew,812427_1993.txt_ceo_lastname_249,-0.48570990818807713,2,-5.307060241699219,-10.614120483398438,-0.48570990818807713,ceo_lastname
-3.761401653289795,-7.52280330657959,-0.5791347026824951,-1.1582694053649902,patch_matched_layer_random_00,Drew,812427_1993.txt_ceo_lastname_249,0.25348414428433413,2,-2.954747438430786,-5.909494876861572,0.25348414428433413,ceo_lastname
-3.761401653289795,-7.52280330657959,-0.5791347026824951,-1.1582694053649902,patch_matched_layer_random_01,Drew,812427_1993.txt_ceo_lastname_249,-0.8547428168567724,2,-6.48142147064209,-12.96284294128418,-0.8547428168567724,ceo_lastname
-3.761401653289795,-7.52280330657959,-0.5791347026824951,-1.1582694053649902,patch_matched_layer_random_02,Drew,812427_1993.txt_ceo_lastname_249,-0.32718414342274277,2,-4.802588939666748,-9.605177879333496,-0.32718414342274277,ceo_lastname
-3.761401653289795,-7.52280330657959,-0.5791347026824951,-1.1582694053649902,patch_matched_layer_random_03,Drew,812427_1993.txt_ceo_lastname_249,0.23913422806472723,2,-3.000412702560425,-6.00082540512085,0.23913422806472723,ceo_lastname
-3.761401653289795,-7.52280330657959,-0.5791347026824951,-1.1582694053649902,patch_matched_layer_random_04,Drew,812427_1993.txt_ceo_lastname_249,0.2411012036431079,2,-2.9941532611846924,-5.988306522369385,0.2411012036431079,ceo_lastname
-3.761401653289795,-7.52280330657959,-0.5791347026824951,-1.1582694053649902,patch_matched_layer_random_05,Drew,812427_1993.txt_ceo_lastname_249,0.6047908599393365,2,-1.836795687675476,-3.673591375350952,0.6047908599393365,ceo_lastname
-3.761401653289795,-7.52280330657959,-0.5791347026824951,-1.1582694053649902,patch_matched_layer_random_06,Drew,812427_1993.txt_ceo_lastname_249,-0.41571887248410644,2,-5.084330081939697,-10.168660163879395,-0.41571887248410644,ceo_lastname
-3.761401653289795,-7.52280330657959,-0.5791347026824951,-1.1582694053649902,patch_matched_layer_random_07,Drew,812427_1993.txt_ceo_lastname_249,0.10959037325260847,2,-3.412655830383301,-6.825311660766602,0.10959037325260847,ceo_lastname
-3.761401653289795,-7.52280330657959,-0.5791347026824951,-1.1582694053649902,patch_matched_layer_random_08,Drew,812427_1993.txt_ceo_lastname_249,-1.1433995922050708,2,-7.4000043869018555,-14.800008773803711,-1.1433995922050708,ceo_lastname
-3.761401653289795,-7.52280330657959,-0.5791347026824951,-1.1582694053649902,patch_matched_layer_random_09,Drew,812427_1993.txt_ceo_lastname_249,0.1279159716184319,2,-3.3543388843536377,-6.708677768707275,0.1279159716184319,ceo_lastname
-3.761401653289795,-7.52280330657959,-0.5791347026824951,-1.1582694053649902,patch_matched_layer_random_10,Drew,812427_1993.txt_ceo_lastname_249,0.36714317662734935,2,-2.5930540561676025,-5.186108112335205,0.36714317662734935,ceo_lastname
-3.761401653289795,-7.52280330657959,-0.5791347026824951,-1.1582694053649902,patch_matched_layer_random_11,Drew,812427_1993.txt_ceo_lastname_249,-0.2454077368655082,2,-4.542354583740234,-9.084709167480469,-0.2454077368655082,ceo_lastname
-3.761401653289795,-7.52280330657959,-0.5791347026824951,-1.1582694053649902,patch_matched_layer_random_12,Drew,812427_1993.txt_ceo_lastname_249,-0.1119076793636511,2,-4.1175217628479,-8.2350435256958,-0.1119076793636511,ceo_lastname
-3.761401653289795,-7.52280330657959,-0.5791347026824951,-1.1582694053649902,patch_matched_layer_random_13,Drew,812427_1993.txt_ceo_lastname_249,0.17370640488275052,2,-3.2086215019226074,-6.417243003845215,0.17370640488275052,ceo_lastname
-3.761401653289795,-7.52280330657959,-0.5791347026824951,-1.1582694053649902,patch_matched_layer_random_14,Drew,812427_1993.txt_ceo_lastname_249,-0.26032225763903744,2,-4.589816570281982,-9.179633140563965,-0.26032225763903744,ceo_lastname
-3.761401653289795,-7.52280330657959,-0.5791347026824951,-1.1582694053649902,patch_matched_layer_random_15,Drew,812427_1993.txt_ceo_lastname_249,-0.8783376831209386,2,-6.556506633758545,-13.11301326751709,-0.8783376831209386,ceo_lastname
-3.761401653289795,-7.52280330657959,-0.5791347026824951,-1.1582694053649902,patch_matched_layer_random_16,Drew,812427_1993.txt_ceo_lastname_249,0.6426625195403298,2,-1.7162779569625854,-3.432555913925171,0.6426625195403298,ceo_lastname
-3.761401653289795,-7.52280330657959,-0.5791347026824951,-1.1582694053649902,patch_matched_layer_random_17,Drew,812427_1993.txt_ceo_lastname_249,-0.14988287976792475,2,-4.238368988037109,-8.476737976074219,-0.14988287976792475,ceo_lastname
-3.761401653289795,-7.52280330657959,-0.5791347026824951,-1.1582694053649902,patch_matched_layer_random_18,Drew,812427_1993.txt_ceo_lastname_249,0.36503317688582676,2,-2.59976863861084,-5.19953727722168,0.36503317688582676,ceo_lastname
-3.761401653289795,-7.52280330657959,-0.5791347026824951,-1.1582694053649902,patch_matched_layer_random_19,Drew,812427_1993.txt_ceo_lastname_249,0.7741168220465492,2,-1.2979552745819092,-2.5959105491638184,0.7741168220465492,ceo_lastname
-0.7164289951324463,-2.149286985397339,-0.0010541626252233982,-0.0031624878756701946,patch_qr,Gressette,754737_1993.txt_ceo_lastname_200,0.9936747205220396,3,-0.005579108372330666,-0.016737325116991997,0.9936747205220396,ceo_lastname
-0.7164289951324463,-2.149286985397339,-0.0010541626252233982,-0.0031624878756701946,patch_bottom,Gressette,754737_1993.txt_ceo_lastname_200,-0.4878246070427251,3,-1.0654064416885376,-3.1962192058563232,-0.4878245514964184,ceo_lastname
-0.7164289951324463,-2.149286985397339,-0.0010541626252233982,-0.0031624878756701946,patch_same_layer,Gressette,754737_1993.txt_ceo_lastname_200,-1.405182860323931,3,-1.7216614484786987,-5.164984226226807,-1.4051828047776243,ceo_lastname
-0.7164289951324463,-2.149286985397339,-0.0010541626252233982,-0.0031624878756701946,patch_random_00,Gressette,754737_1993.txt_ceo_lastname_200,0.29418201658746596,3,-0.5059785842895508,-1.5179356336593628,0.2941820721337726,ceo_lastname
-0.7164289951324463,-2.149286985397339,-0.0010541626252233982,-0.0031624878756701946,patch_random_01,Gressette,754737_1993.txt_ceo_lastname_200,0.49012909832842255,3,-0.36580297350883484,-1.0974088907241821,0.4901291122149992,ceo_lastname
-0.7164289951324463,-2.149286985397339,-0.0010541626252233982,-0.0031624878756701946,patch_random_02,Gressette,754737_1993.txt_ceo_lastname_200,-0.2558689793158822,3,-0.8994712233543396,-2.698413610458374,-0.2558689515427289,ceo_lastname
-0.7164289951324463,-2.149286985397339,-0.0010541626252233982,-0.0031624878756701946,patch_random_03,Gressette,754737_1993.txt_ceo_lastname_200,0.0014205967937936219,3,-0.7154127359390259,-2.146238088607788,0.0014206523401003195,ceo_lastname
-0.7164289951324463,-2.149286985397339,-0.0010541626252233982,-0.0031624878756701946,patch_random_04,Gressette,754737_1993.txt_ceo_lastname_200,0.5636212363611292,3,-0.3132285475730896,-0.939685583114624,0.5636212641342826,ceo_lastname
-0.7164289951324463,-2.149286985397339,-0.0010541626252233982,-0.0031624878756701946,patch_random_05,Gressette,754737_1993.txt_ceo_lastname_200,0.720036129661236,3,-0.20133326947689056,-0.6039997935295105,0.7200361366045244,ceo_lastname
-0.7164289951324463,-2.149286985397339,-0.0010541626252233982,-0.0031624878756701946,patch_random_06,Gressette,754737_1993.txt_ceo_lastname_200,-0.07248959662969659,3,-0.7682862281799316,-2.304858684539795,-0.07248959662969659,ceo_lastname
-0.7164289951324463,-2.149286985397339,-0.0010541626252233982,-0.0031624878756701946,patch_random_07,Gressette,754737_1993.txt_ceo_lastname_200,0.541134647205927,3,-0.3293148875236511,-0.9879446625709534,0.541134647205927,ceo_lastname
-0.7164289951324463,-2.149286985397339,-0.0010541626252233982,-0.0031624878756701946,patch_random_08,Gressette,754737_1993.txt_ceo_lastname_200,0.4497756091400289,3,-0.39467084407806396,-1.184012532234192,0.4497756091400289,ceo_lastname
-0.7164289951324463,-2.149286985397339,-0.0010541626252233982,-0.0031624878756701946,patch_random_09,Gressette,754737_1993.txt_ceo_lastname_200,0.0024980840511155643,3,-0.7146419286727905,-2.143925666809082,0.002498139597422262,ceo_lastname
-0.7164289951324463,-2.149286985397339,-0.0010541626252233982,-0.0031624878756701946,patch_random_10,Gressette,754737_1993.txt_ceo_lastname_200,-0.17233180552023383,3,-0.8397108316421509,-2.519132375717163,-0.17233174997392714,ceo_lastname
-0.7164289951324463,-2.149286985397339,-0.0010541626252233982,-0.0031624878756701946,patch_random_11,Gressette,754737_1993.txt_ceo_lastname_200,0.7219092344425424,3,-0.199993297457695,-0.5999798774719238,0.7219092413858308,ceo_lastname
-0.7164289951324463,-2.149286985397339,-0.0010541626252233982,-0.0031624878756701946,patch_random_12,Gressette,754737_1993.txt_ceo_lastname_200,-0.2218226482738221,3,-0.8751153349876404,-2.6253459453582764,-0.22182262050066873,ceo_lastname
-0.7164289951324463,-2.149286985397339,-0.0010541626252233982,-0.0031624878756701946,patch_random_13,Gressette,754737_1993.txt_ceo_lastname_200,0.00892559715748632,3,-0.7100438475608826,-2.130131483078003,0.008925624930639668,ceo_lastname
-0.7164289951324463,-2.149286985397339,-0.0010541626252233982,-0.0031624878756701946,patch_random_14,Gressette,754737_1993.txt_ceo_lastname_200,-0.46031035502939416,3,-1.0457234382629395,-3.1371700763702393,-0.46031024393678077,ceo_lastname
-0.7164289951324463,-2.149286985397339,-0.0010541626252233982,-0.0031624878756701946,patch_random_15,Gressette,754737_1993.txt_ceo_lastname_200,-2.4199927205480183,3,-2.4476308822631836,-7.342892169952393,-2.4199924983627916,ceo_lastname
-0.7164289951324463,-2.149286985397339,-0.0010541626252233982,-0.0031624878756701946,patch_random_16,Gressette,754737_1993.txt_ceo_lastname_200,-0.24562760124534083,3,-0.8921447992324829,-2.676434278488159,-0.2456275456990341,ceo_lastname
-0.7164289951324463,-2.149286985397339,-0.0010541626252233982,-0.0031624878756701946,patch_random_17,Gressette,754737_1993.txt_ceo_lastname_200,0.016502002298438907,3,-0.7046238780021667,-2.1138715744018555,0.016502030071592257,ceo_lastname
-0.7164289951324463,-2.149286985397339,-0.0010541626252233982,-0.0031624878756701946,patch_random_18,Gressette,754737_1993.txt_ceo_lastname_200,0.6878983974904621,3,-0.2243237942457199,-0.6729713678359985,0.6878984044337505,ceo_lastname
-0.7164289951324463,-2.149286985397339,-0.0010541626252233982,-0.0031624878756701946,patch_random_19,Gressette,754737_1993.txt_ceo_lastname_200,0.2010931832115415,3,-0.5725719928741455,-1.717715859413147,0.20109323875784818,ceo_lastname
-0.7164289951324463,-2.149286985397339,-0.0010541626252233982,-0.0031624878756701946,patch_matched_layer_random_00,Gressette,754737_1993.txt_ceo_lastname_200,0.5218158639216944,3,-0.3431350588798523,-1.029405117034912,0.5218158916948478,ceo_lastname
-0.7164289951324463,-2.149286985397339,-0.0010541626252233982,-0.0031624878756701946,patch_matched_layer_random_01,Gressette,754737_1993.txt_ceo_lastname_200,-3.2160061786066345,3,-3.0170788764953613,-9.051236152648926,-3.2160059564214074,ceo_lastname
-0.7164289951324463,-2.149286985397339,-0.0010541626252233982,-0.0031624878756701946,patch_matched_layer_random_02,Gressette,754737_1993.txt_ceo_lastname_200,-0.43944966181754025,3,-1.030800223350525,-3.092400550842285,-0.4394496062712336,ceo_lastname
-0.7164289951324463,-2.149286985397339,-0.0010541626252233982,-0.0031624878756701946,patch_matched_layer_random_03,Gressette,754737_1993.txt_ceo_lastname_200,0.6407319385436574,3,-0.25806549191474915,-0.774196445941925,0.6407319524302341,ceo_lastname
-0.7164289951324463,-2.149286985397339,-0.0010541626252233982,-0.0031624878756701946,patch_matched_layer_random_04,Gressette,754737_1993.txt_ceo_lastname_200,-0.10715565781558292,3,-0.7930854558944702,-2.379256248474121,-0.10715560226927623,ceo_lastname
-0.7164289951324463,-2.149286985397339,-0.0010541626252233982,-0.0031624878756701946,patch_matched_layer_random_05,Gressette,754737_1993.txt_ceo_lastname_200,0.7360561913729007,3,-0.18987292051315308,-0.5696187615394592,0.7360561913729007,ceo_lastname
-0.7164289951324463,-2.149286985397339,-0.0010541626252233982,-0.0031624878756701946,patch_matched_layer_random_06,Gressette,754737_1993.txt_ceo_lastname_200,-0.9080576352340499,3,-1.3660305738449097,-4.0980916023254395,-0.9080575796877433,ceo_lastname
-0.7164289951324463,-2.149286985397339,-0.0010541626252233982,-0.0031624878756701946,patch_matched_layer_random_07,Gressette,754737_1993.txt_ceo_lastname_200,0.19656443728017148,3,-0.5758117437362671,-1.7274351119995117,0.1965644928264782,ceo_lastname
-0.7164289951324463,-2.149286985397339,-0.0010541626252233982,-0.0031624878756701946,patch_matched_layer_random_08,Gressette,754737_1993.txt_ceo_lastname_200,-1.9881102987308257,3,-2.1386730670928955,-6.416018962860107,-1.9881101876382121,ceo_lastname
-0.7164289951324463,-2.149286985397339,-0.0010541626252233982,-0.0031624878756701946,patch_matched_layer_random_09,Gressette,754737_1993.txt_ceo_lastname_200,0.7133276425057232,3,-0.20613235235214233,-0.618397057056427,0.7133276425057232,ceo_lastname
-0.7164289951324463,-2.149286985397339,-0.0010541626252233982,-0.0031624878756701946,patch_matched_layer_random_10,Gressette,754737_1993.txt_ceo_lastname_200,0.27561027558201073,3,-0.5192643404006958,-1.5577929019927979,0.27561033112831745,ceo_lastname
-0.7164289951324463,-2.149286985397339,-0.0010541626252233982,-0.0031624878756701946,patch_matched_layer_random_11,Gressette,754737_1993.txt_ceo_lastname_200,-0.3007015976971881,3,-0.9315433502197266,-2.7946300506591797,-0.3007015976971881,ceo_lastname
-0.7164289951324463,-2.149286985397339,-0.0010541626252233982,-0.0031624878756701946,patch_matched_layer_random_12,Gressette,754737_1993.txt_ceo_lastname_200,0.4536083459619001,3,-0.3919290006160736,-1.1757869720458984,0.45360835984847675,ceo_lastname
-0.7164289951324463,-2.149286985397339,-0.0010541626252233982,-0.0031624878756701946,patch_matched_layer_random_13,Gressette,754737_1993.txt_ceo_lastname_200,0.2701423526969961,3,-0.5231759548187256,-1.5695278644561768,0.2701423526969961,ceo_lastname
-0.7164289951324463,-2.149286985397339,-0.0010541626252233982,-0.0031624878756701946,patch_matched_layer_random_14,Gressette,754737_1993.txt_ceo_lastname_200,-2.467263183010826,3,-2.4814469814300537,-7.444340705871582,-2.4672630719182127,ceo_lastname
-0.7164289951324463,-2.149286985397339,-0.0010541626252233982,-0.0031624878756701946,patch_matched_layer_random_15,Gressette,754737_1993.txt_ceo_lastname_200,-3.1574905885381046,3,-2.9752182960510254,-8.925654411315918,-3.1574903663528775,ceo_lastname
-0.7164289951324463,-2.149286985397339,-0.0010541626252233982,-0.0031624878756701946,patch_matched_layer_random_16,Gressette,754737_1993.txt_ceo_lastname_200,0.8988781740967343,3,-0.07339417189359665,-0.22018250823020935,0.8988781775683785,ceo_lastname
-0.7164289951324463,-2.149286985397339,-0.0010541626252233982,-0.0031624878756701946,patch_matched_layer_random_17,Gressette,754737_1993.txt_ceo_lastname_200,0.14449510719652275,3,-0.6130608320236206,-1.8391824960708618,0.14449510719652275,ceo_lastname
-0.7164289951324463,-2.149286985397339,-0.0010541626252233982,-0.0031624878756701946,patch_matched_layer_random_18,Gressette,754737_1993.txt_ceo_lastname_200,0.5832174734473167,3,-0.2992098927497864,-0.8976296186447144,0.5832175012204701,ceo_lastname
-0.7164289951324463,-2.149286985397339,-0.0010541626252233982,-0.0031624878756701946,patch_matched_layer_random_19,Gressette,754737_1993.txt_ceo_lastname_200,0.8286206328971571,3,-0.12365464866161346,-0.3709639310836792,0.8286206398404455,ceo_lastname
-0.14256592094898224,-0.4276977479457855,-1.053001506079454e-05,-3.1590043363394216e-05,patch_qr,Popham,828530_1993.txt_ceo_lastname_113,0.9996432422950686,3,-6.138774915598333e-05,-0.00018416323291603476,0.9996432423124126,ceo_lastname
-0.14256592094898224,-0.4276977479457855,-1.053001506079454e-05,-3.1590043363394216e-05,patch_bottom,Popham,828530_1993.txt_ceo_lastname_113,0.1137808803021331,3,-0.12634584307670593,-0.3790374994277954,0.11378091910908839,ceo_lastname
-0.14256592094898224,-0.4276977479457855,-1.053001506079454e-05,-3.1590043363394216e-05,patch_same_layer,Popham,828530_1993.txt_ceo_lastname_113,0.4802998867350272,3,-0.07409658282995224,-0.22228974103927612,0.4802998860465738,ceo_lastname
-0.14256592094898224,-0.4276977479457855,-1.053001506079454e-05,-3.1590043363394216e-05,patch_random_00,Popham,828530_1993.txt_ceo_lastname_113,-0.17020297862276,3,-0.16682927310466766,-0.5004878044128418,-0.17020298455241417,ceo_lastname
-0.14256592094898224,-0.4276977479457855,-1.053001506079454e-05,-3.1590043363394216e-05,patch_random_01,Popham,828530_1993.txt_ceo_lastname_113,0.945209340194897,3,-0.007821233943104744,-0.023463701829314232,0.9452093382818072,ceo_lastname
-0.14256592094898224,-0.4276977479457855,-1.053001506079454e-05,-3.1590043363394216e-05,patch_random_02,Popham,828530_1993.txt_ceo_lastname_113,-0.012433610621351949,3,-0.14433839917182922,-0.43301519751548767,-0.01243364589749792,ceo_lastname
-0.14256592094898224,-0.4276977479457855,-1.053001506079454e-05,-3.1590043363394216e-05,patch_random_03,Popham,828530_1993.txt_ceo_lastname_113,0.09802879002650865,3,-0.128591388463974,-0.385774165391922,0.0980287585987315,ceo_lastname
-0.14256592094898224,-0.4276977479457855,-1.053001506079454e-05,-3.1590043363394216e-05,patch_random_04,Popham,828530_1993.txt_ceo_lastname_113,0.8840834142980527,3,-0.016535064205527306,-0.04960519075393677,0.8840834146107855,ceo_lastname
-0.14256592094898224,-0.4276977479457855,-1.053001506079454e-05,-3.1590043363394216e-05,patch_random_05,Popham,828530_1993.txt_ceo_lastname_113,-1.8947078417364938,3,-0.4126667380332947,-1.2380001544952393,-1.8947078032167681,ceo_lastname
-0.14256592094898224,-0.4276977479457855,-1.053001506079454e-05,-3.1590043363394216e-05,patch_random_06,Popham,828530_1993.txt_ceo_lastname_113,0.19301944696480644,3,-0.11504995822906494,-0.3451498746871948,0.19301941884638232,ceo_lastname
-0.14256592094898224,-0.4276977479457855,-1.053001506079454e-05,-3.1590043363394216e-05,patch_random_07,Popham,828530_1993.txt_ceo_lastname_113,0.5226696918285052,3,-0.06805653870105743,-0.2041696161031723,0.5226696751946742,ceo_lastname
-0.14256592094898224,-0.4276977479457855,-1.053001506079454e-05,-3.1590043363394216e-05,patch_random_08,Popham,828530_1993.txt_ceo_lastname_113,-1.0199788904362137,3,-0.2879694104194641,-0.8639082312583923,-1.0199789608139491,ceo_lastname
-0.14256592094898224,-0.4276977479457855,-1.053001506079454e-05,-3.1590043363394216e-05,patch_random_09,Popham,828530_1993.txt_ceo_lastname_113,0.15334972842909814,3,-0.12070509046316147,-0.3621152639389038,0.15334971635011918,ceo_lastname
-0.14256592094898224,-0.4276977479457855,-1.053001506079454e-05,-3.1590043363394216e-05,patch_random_10,Popham,828530_1993.txt_ceo_lastname_113,-1.1351697613534122,3,-0.30439049005508423,-0.9131714105606079,-1.1351696963723508,ceo_lastname
-0.14256592094898224,-0.4276977479457855,-1.053001506079454e-05,-3.1590043363394216e-05,patch_random_11,Popham,828530_1993.txt_ceo_lastname_113,0.14668877973318878,3,-0.12165464460849762,-0.36496391892433167,0.14668878484363834,ceo_lastname
-0.14256592094898224,-0.4276977479457855,-1.053001506079454e-05,-3.1590043363394216e-05,patch_random_12,Popham,828530_1993.txt_ceo_lastname_113,-0.23842869175800746,3,-0.17655521631240845,-0.5296656489372253,-0.23842873490753316,ceo_lastname
-0.14256592094898224,-0.4276977479457855,-1.053001506079454e-05,-3.1590043363394216e-05,patch_random_13,Popham,828530_1993.txt_ceo_lastname_113,-3.011449676966179,3,-0.5718643069267273,-1.715592861175537,-3.011449677352311,ceo_lastname
-0.14256592094898224,-0.4276977479457855,-1.053001506079454e-05,-3.1590043363394216e-05,patch_random_14,Popham,828530_1993.txt_ceo_lastname_113,0.13000157373049967,3,-0.12403349578380585,-0.37210047245025635,0.1300015782595883,ceo_lastname
-0.14256592094898224,-0.4276977479457855,-1.053001506079454e-05,-3.1590043363394216e-05,patch_random_15,Popham,828530_1993.txt_ceo_lastname_113,-3.3564929552619445,3,-0.621052086353302,-1.8631561994552612,-3.356492967668943,ceo_lastname
-0.14256592094898224,-0.4276977479457855,-1.053001506079454e-05,-3.1590043363394216e-05,patch_random_16,Popham,828530_1993.txt_ceo_lastname_113,0.4269577853354627,3,-0.08170078694820404,-0.24510236084461212,0.42695776536715124,ceo_lastname
-0.14256592094898224,-0.4276977479457855,-1.053001506079454e-05,-3.1590043363394216e-05,patch_random_17,Popham,828530_1993.txt_ceo_lastname_113,0.44616236134205284,3,-0.07896307110786438,-0.23688919842243195,0.4461623768857791,ceo_lastname
-0.14256592094898224,-0.4276977479457855,-1.053001506079454e-05,-3.1590043363394216e-05,patch_random_18,Popham,828530_1993.txt_ceo_lastname_113,0.8521242324199039,3,-0.021091017872095108,-0.06327304989099503,0.8521242359745915,ceo_lastname
-0.14256592094898224,-0.4276977479457855,-1.053001506079454e-05,-3.1590043363394216e-05,patch_random_19,Popham,828530_1993.txt_ceo_lastname_113,0.11127176808298933,3,-0.12670353055000305,-0.38011059165000916,0.1112717371165806,ceo_lastname
-0.14256592094898224,-0.4276977479457855,-1.053001506079454e-05,-3.1590043363394216e-05,patch_matched_layer_random_00,Popham,828530_1993.txt_ceo_lastname_113,0.9530688762962524,3,-0.006700814701616764,-0.020102443173527718,0.9530688768346647,ceo_lastname
-0.14256592094898224,-0.4276977479457855,-1.053001506079454e-05,-3.1590043363394216e-05,patch_matched_layer_random_01,Popham,828530_1993.txt_ceo_lastname_113,0.17594558848342157,3,-0.11748392879962921,-0.35245177149772644,0.17594559461314094,ceo_lastname
-0.14256592094898224,-0.4276977479457855,-1.053001506079454e-05,-3.1590043363394216e-05,patch_matched_layer_random_02,Popham,828530_1993.txt_ceo_lastname_113,0.8792250799105154,3,-0.017227645963430405,-0.051682934165000916,0.879225084409362,ceo_lastname
-0.14256592094898224,-0.4276977479457855,-1.053001506079454e-05,-3.1590043363394216e-05,patch_matched_layer_random_03,Popham,828530_1993.txt_ceo_lastname_113,0.18211279482109372,3,-0.1166047602891922,-0.3498142659664154,0.18211280116567066,ceo_lastname
-0.14256592094898224,-0.4276977479457855,-1.053001506079454e-05,-3.1590043363394216e-05,patch_matched_layer_random_04,Popham,828530_1993.txt_ceo_lastname_113,0.07582339775649664,3,-0.13175688683986664,-0.3952706456184387,0.07582340039808688,ceo_lastname
-0.14256592094898224,-0.4276977479457855,-1.053001506079454e-05,-3.1590043363394216e-05,patch_matched_layer_random_05,Popham,828530_1993.txt_ceo_lastname_113,0.6998344272495175,3,-0.04280075058341026,-0.1284022480249405,0.6998344254986231,ceo_lastname
-0.14256592094898224,-0.4276977479457855,-1.053001506079454e-05,-3.1590043363394216e-05,patch_matched_layer_random_06,Popham,828530_1993.txt_ceo_lastname_113,-0.49768842953301484,3,-0.21351408958435059,-0.6405422687530518,-0.49768848171481833,ceo_lastname
-0.14256592094898224,-0.4276977479457855,-1.053001506079454e-05,-3.1590043363394216e-05,patch_matched_layer_random_07,Popham,828530_1993.txt_ceo_lastname_113,0.9463883153615447,3,-0.007653164677321911,-0.022959493100643158,0.9463883156672147,ceo_lastname
-0.14256592094898224,-0.4276977479457855,-1.053001506079454e-05,-3.1590043363394216e-05,patch_matched_layer_random_08,Popham,828530_1993.txt_ceo_lastname_113,0.2941175719624377,3,-0.10063787549734116,-0.30191361904144287,0.2941175647876305,ceo_lastname
-0.14256592094898224,-0.4276977479457855,-1.053001506079454e-05,-3.1590043363394216e-05,patch_matched_layer_random_09,Popham,828530_1993.txt_ceo_lastname_113,0.8909473254932125,3,-0.015556576661765575,-0.04666972905397415,0.8909473238673894,ceo_lastname
-0.14256592094898224,-0.4276977479457855,-1.053001506079454e-05,-3.1590043363394216e-05,patch_matched_layer_random_10,Popham,828530_1993.txt_ceo_lastname_113,0.6089887862758915,3,-0.05575128644704819,-0.16725385189056396,0.6089887900707949,ceo_lastname
-0.14256592094898224,-0.4276977479457855,-1.053001506079454e-05,-3.1590043363394216e-05,patch_matched_layer_random_11,Popham,828530_1993.txt_ceo_lastname_113,0.023484826262776537,3,-0.1392180323600769,-0.4176540672779083,0.02348486192393273,ceo_lastname
-0.14256592094898224,-0.4276977479457855,-1.053001506079454e-05,-3.1590043363394216e-05,patch_matched_layer_random_12,Popham,828530_1993.txt_ceo_lastname_113,0.41021361107084087,3,-0.08408775925636292,-0.25226327776908875,0.41021359051918377,ceo_lastname
-0.14256592094898224,-0.4276977479457855,-1.053001506079454e-05,-3.1590043363394216e-05,patch_matched_layer_random_13,Popham,828530_1993.txt_ceo_lastname_113,0.8926633767889001,3,-0.015311944298446178,-0.04593583196401596,0.8926633752228619,ceo_lastname
-0.14256592094898224,-0.4276977479457855,-1.053001506079454e-05,-3.1590043363394216e-05,patch_matched_layer_random_14,Popham,828530_1993.txt_ceo_lastname_113,0.7865408405474709,3,-0.030440283939242363,-0.09132084995508194,0.7865408374619451,ceo_lastname
-0.14256592094898224,-0.4276977479457855,-1.053001506079454e-05,-3.1590043363394216e-05,patch_matched_layer_random_15,Popham,828530_1993.txt_ceo_lastname_113,-0.7798598614970792,3,-0.2537391483783722,-0.7612174153327942,-0.7798598538234249,ceo_lastname
-0.14256592094898224,-0.4276977479457855,-1.053001506079454e-05,-3.1590043363394216e-05,patch_matched_layer_random_16,Popham,828530_1993.txt_ceo_lastname_113,-1.0188428701230303,3,-0.2878074645996094,-0.8634223937988281,-1.0188429404611883,ceo_lastname
-0.14256592094898224,-0.4276977479457855,-1.053001506079454e-05,-3.1590043363394216e-05,patch_matched_layer_random_17,Popham,828530_1993.txt_ceo_lastname_113,-1.0860819347731712,3,-0.29739275574684143,-0.8921782374382019,-1.0860819377679025,ceo_lastname
-0.14256592094898224,-0.4276977479457855,-1.053001506079454e-05,-3.1590043363394216e-05,patch_matched_layer_random_18,Popham,828530_1993.txt_ceo_lastname_113,0.7580611912585906,3,-0.03450021147727966,-0.10350062698125839,0.758061200246986,ceo_lastname
-0.14256592094898224,-0.4276977479457855,-1.053001506079454e-05,-3.1590043363394216e-05,patch_matched_layer_random_19,Popham,828530_1993.txt_ceo_lastname_113,0.6872246853963185,3,-0.04459833726286888,-0.13379500806331635,0.6872246832061168,ceo_lastname
-0.9447916746139526,-1.8895833492279053,-0.00012182004866190255,-0.0002436400973238051,patch_qr,Loucks,10456_1993.txt_ceo_lastname_99,0.8138888611569036,2,-0.17593540251255035,-0.3518708050251007,0.8138888611569036,ceo_lastname
-0.9447916746139526,-1.8895833492279053,-0.00012182004866190255,-0.0002436400973238051,patch_bottom,Loucks,10456_1993.txt_ceo_lastname_99,-0.3497815897027585,2,-1.2752197980880737,-2.5504395961761475,-0.3497815897027585,ceo_lastname
-0.9447916746139526,-1.8895833492279053,-0.00012182004866190255,-0.0002436400973238051,patch_same_layer,Loucks,10456_1993.txt_ceo_lastname_99,0.5421025515456063,2,-0.4326837360858917,-0.8653674721717834,0.5421025515456063,ceo_lastname
-0.9447916746139526,-1.8895833492279053,-0.00012182004866190255,-0.0002436400973238051,patch_random_00,Loucks,10456_1993.txt_ceo_lastname_99,0.3862359744943756,2,-0.5799261927604675,-1.159852385520935,0.3862359744943756,ceo_lastname
-0.9447916746139526,-1.8895833492279053,-0.00012182004866190255,-0.0002436400973238051,patch_random_01,Loucks,10456_1993.txt_ceo_lastname_99,0.5801867308833605,2,-0.396706759929657,-0.793413519859314,0.5801867308833605,ceo_lastname
-0.9447916746139526,-1.8895833492279053,-0.00012182004866190255,-0.0002436400973238051,patch_random_02,Loucks,10456_1993.txt_ceo_lastname_99,0.014595685456330023,2,-0.9310035705566406,-1.8620071411132812,0.014595685456330023,ceo_lastname
-0.9447916746139526,-1.8895833492279053,-0.00012182004866190255,-0.0002436400973238051,patch_random_03,Loucks,10456_1993.txt_ceo_lastname_99,0.12186500765551428,2,-0.8296694755554199,-1.6593389511108398,0.12186500765551428,ceo_lastname
-0.9447916746139526,-1.8895833492279053,-0.00012182004866190255,-0.0002436400973238051,patch_random_04,Loucks,10456_1993.txt_ceo_lastname_99,0.37019419774275825,2,-0.5950803756713867,-1.1901607513427734,0.37019419774275825,ceo_lastname
-0.9447916746139526,-1.8895833492279053,-0.00012182004866190255,-0.0002436400973238051,patch_random_05,Loucks,10456_1993.txt_ceo_lastname_99,-1.863707242673454,2,-2.7053797245025635,-5.410759449005127,-1.863707242673454,ceo_lastname
-0.9447916746139526,-1.8895833492279053,-0.00012182004866190255,-0.0002436400973238051,patch_random_06,Loucks,10456_1993.txt_ceo_lastname_99,0.21095594201480017,2,-0.7455079555511475,-1.491015911102295,0.21095594201480017,ceo_lastname
-0.9447916746139526,-1.8895833492279053,-0.00012182004866190255,-0.0002436400973238051,patch_random_07,Loucks,10456_1993.txt_ceo_lastname_99,0.3064452893097505,2,-0.6553020477294922,-1.3106040954589844,0.3064452893097505,ceo_lastname
-0.9447916746139526,-1.8895833492279053,-0.00012182004866190255,-0.0002436400973238051,patch_random_08,Loucks,10456_1993.txt_ceo_lastname_99,-0.021710108864481065,2,-0.9653005599975586,-1.9306011199951172,-0.021710108864481065,ceo_lastname
-0.9447916746139526,-1.8895833492279053,-0.00012182004866190255,-0.0002436400973238051,patch_random_09,Loucks,10456_1993.txt_ceo_lastname_99,0.03179186189111747,2,-0.9147588610649109,-1.8295177221298218,0.03179186189111747,ceo_lastname
-0.9447916746139526,-1.8895833492279053,-0.00012182004866190255,-0.0002436400973238051,patch_random_10,Loucks,10456_1993.txt_ceo_lastname_99,-0.3815766694766833,2,-1.305255651473999,-2.610511302947998,-0.3815766694766833,ceo_lastname
-0.9447916746139526,-1.8895833492279053,-0.00012182004866190255,-0.0002436400973238051,patch_random_11,Loucks,10456_1993.txt_ceo_lastname_99,0.6359571828265965,2,-0.34402209520339966,-0.6880441904067993,0.6359571828265965,ceo_lastname
-0.9447916746139526,-1.8895833492279053,-0.00012182004866190255,-0.0002436400973238051,patch_random_12,Loucks,10456_1993.txt_ceo_lastname_99,-0.029938298298392885,2,-0.9730734825134277,-1.9461469650268555,-0.029938298298392885,ceo_lastname
-0.9447916746139526,-1.8895833492279053,-0.00012182004866190255,-0.0002436400973238051,patch_random_13,Loucks,10456_1993.txt_ceo_lastname_99,-4.271286020644001,2,-4.9797468185424805,-9.959493637084961,-4.271286020644001,ceo_lastname
-0.9447916746139526,-1.8895833492279053,-0.00012182004866190255,-0.0002436400973238051,patch_random_14,Loucks,10456_1993.txt_ceo_lastname_99,0.1793806878036304,2,-0.7753361463546753,-1.5506722927093506,0.1793806878036304,ceo_lastname
-0.9447916746139526,-1.8895833492279053,-0.00012182004866190255,-0.0002436400973238051,patch_random_15,Loucks,10456_1993.txt_ceo_lastname_99,-0.7096904244616443,2,-1.6152148246765137,-3.2304296493530273,-0.7096904244616443,ceo_lastname
-0.9447916746139526,-1.8895833492279053,-0.00012182004866190255,-0.0002436400973238051,patch_random_16,Loucks,10456_1993.txt_ceo_lastname_99,-0.053244413939534885,2,-0.9950900673866272,-1.9901801347732544,-0.053244413939534885,ceo_lastname
-0.9447916746139526,-1.8895833492279053,-0.00012182004866190255,-0.0002436400973238051,patch_random_17,Loucks,10456_1993.txt_ceo_lastname_99,0.0441552200195857,2,-0.9030795693397522,-1.8061591386795044,0.0441552200195857,ceo_lastname
-0.9447916746139526,-1.8895833492279053,-0.00012182004866190255,-0.0002436400973238051,patch_random_18,Loucks,10456_1993.txt_ceo_lastname_99,0.4773952503498355,2,-0.493810772895813,-0.987621545791626,0.4773952503498355,ceo_lastname
-0.9447916746139526,-1.8895833492279053,-0.00012182004866190255,-0.0002436400973238051,patch_random_19,Loucks,10456_1993.txt_ceo_lastname_99,-0.3341029289424313,2,-1.260408639907837,-2.520817279815674,-0.3341029289424313,ceo_lastname
-0.9447916746139526,-1.8895833492279053,-0.00012182004866190255,-0.0002436400973238051,patch_matched_layer_random_00,Loucks,10456_1993.txt_ceo_lastname_99,0.4697448286191806,2,-0.5010378956794739,-1.0020757913589478,0.4697448286191806,ceo_lastname
-0.9447916746139526,-1.8895833492279053,-0.00012182004866190255,-0.0002436400973238051,patch_matched_layer_random_01,Loucks,10456_1993.txt_ceo_lastname_99,-2.4286079575947146,2,-3.2390244007110596,-6.478048801422119,-2.4286079575947146,ceo_lastname
-0.9447916746139526,-1.8895833492279053,-0.00012182004866190255,-0.0002436400973238051,patch_matched_layer_random_02,Loucks,10456_1993.txt_ceo_lastname_99,0.28308812921388155,2,-0.6773668527603149,-1.3547337055206299,0.28308812921388155,ceo_lastname
-0.9447916746139526,-1.8895833492279053,-0.00012182004866190255,-0.0002436400973238051,patch_matched_layer_random_03,Loucks,10456_1993.txt_ceo_lastname_99,0.49152270230983813,2,-0.48046499490737915,-0.9609299898147583,0.49152270230983813,ceo_lastname
-0.9447916746139526,-1.8895833492279053,-0.00012182004866190255,-0.0002436400973238051,patch_matched_layer_random_04,Loucks,10456_1993.txt_ceo_lastname_99,0.6372301709555755,2,-0.34281954169273376,-0.6856390833854675,0.6372301709555755,ceo_lastname
-0.9447916746139526,-1.8895833492279053,-0.00012182004866190255,-0.0002436400973238051,patch_matched_layer_random_05,Loucks,10456_1993.txt_ceo_lastname_99,-0.39740713859062365,2,-1.3202102184295654,-2.640420436859131,-0.39740713859062365,ceo_lastname
-0.9447916746139526,-1.8895833492279053,-0.00012182004866190255,-0.0002436400973238051,patch_matched_layer_random_06,Loucks,10456_1993.txt_ceo_lastname_99,-0.053337606349462864,2,-0.9951781034469604,-1.990356206893921,-0.053337606349462864,ceo_lastname
-0.9447916746139526,-1.8895833492279053,-0.00012182004866190255,-0.0002436400973238051,patch_matched_layer_random_07,Loucks,10456_1993.txt_ceo_lastname_99,-0.8536500464292369,2,-1.7512091398239136,-3.502418279647827,-0.8536500464292369,ceo_lastname
-0.9447916746139526,-1.8895833492279053,-0.00012182004866190255,-0.0002436400973238051,patch_matched_layer_random_08,Loucks,10456_1993.txt_ceo_lastname_99,-0.3496087073715448,2,-1.2750564813613892,-2.5501129627227783,-0.3496087073715448,ceo_lastname
-0.9447916746139526,-1.8895833492279053,-0.00012182004866190255,-0.0002436400973238051,patch_matched_layer_random_09,Loucks,10456_1993.txt_ceo_lastname_99,0.7907731842369974,2,-0.1977720856666565,-0.395544171333313,0.7907731842369974,ceo_lastname
-0.9447916746139526,-1.8895833492279053,-0.00012182004866190255,-0.0002436400973238051,patch_matched_layer_random_10,Loucks,10456_1993.txt_ceo_lastname_99,0.22357155691706126,2,-0.7335903644561768,-1.4671807289123535,0.22357155691706126,ceo_lastname
-0.9447916746139526,-1.8895833492279053,-0.00012182004866190255,-0.0002436400973238051,patch_matched_layer_random_11,Loucks,10456_1993.txt_ceo_lastname_99,-0.48815383139359947,2,-1.4059358835220337,-2.8118717670440674,-0.48815383139359947,ceo_lastname
-0.9447916746139526,-1.8895833492279053,-0.00012182004866190255,-0.0002436400973238051,patch_matched_layer_random_12,Loucks,10456_1993.txt_ceo_lastname_99,-0.2524927518653939,2,-1.1833139657974243,-2.3666279315948486,-0.2524927518653939,ceo_lastname
-0.9447916746139526,-1.8895833492279053,-0.00012182004866190255,-0.0002436400973238051,patch_matched_layer_random_13,Loucks,10456_1993.txt_ceo_lastname_99,-0.038793974879720916,2,-0.9814391732215881,-1.9628783464431763,-0.038793974879720916,ceo_lastname
-0.9447916746139526,-1.8895833492279053,-0.00012182004866190255,-0.0002436400973238051,patch_matched_layer_random_14,Loucks,10456_1993.txt_ceo_lastname_99,-0.05399790328236489,2,-0.9958018660545349,-1.9916037321090698,-0.05399790328236489,ceo_lastname
-0.9447916746139526,-1.8895833492279053,-0.00012182004866190255,-0.0002436400973238051,patch_matched_layer_random_15,Loucks,10456_1993.txt_ceo_lastname_99,-2.1932946617926588,2,-3.016731023788452,-6.033462047576904,-2.1932946617926588,ceo_lastname
-0.9447916746139526,-1.8895833492279053,-0.00012182004866190255,-0.0002436400973238051,patch_matched_layer_random_16,Loucks,10456_1993.txt_ceo_lastname_99,0.6187637826044271,2,-0.3602641820907593,-0.7205283641815186,0.6187637826044271,ceo_lastname
-0.9447916746139526,-1.8895833492279053,-0.00012182004866190255,-0.0002436400973238051,patch_matched_layer_random_17,Loucks,10456_1993.txt_ceo_lastname_99,0.4952956383534829,2,-0.4769008159637451,-0.9538016319274902,0.4952956383534829,ceo_lastname
-0.9447916746139526,-1.8895833492279053,-0.00012182004866190255,-0.0002436400973238051,patch_matched_layer_random_18,Loucks,10456_1993.txt_ceo_lastname_99,-0.32758501267270895,2,-1.2542513608932495,-2.508502721786499,-0.32758501267270895,ceo_lastname
-0.9447916746139526,-1.8895833492279053,-0.00012182004866190255,-0.0002436400973238051,patch_matched_layer_random_19,Loucks,10456_1993.txt_ceo_lastname_99,0.0601778787615834,2,-0.8879434466362,-1.7758868932724,0.0601778787615834,ceo_lastname
-2.1880624294281006,-4.376124858856201,-0.0013791456585749984,-0.0027582913171499968,patch_qr,McCraw,37748_1993.txt_ceo_lastname_63,-0.8129066093703144,2,-3.9656317234039307,-7.931263446807861,-0.8129066093703144,ceo_lastname
-2.1880624294281006,-4.376124858856201,-0.0013791456585749984,-0.0027582913171499968,patch_bottom,McCraw,37748_1993.txt_ceo_lastname_63,0.07713756442025066,2,-2.0193870067596436,-4.038774013519287,0.07713756442025066,ceo_lastname
-2.1880624294281006,-4.376124858856201,-0.0013791456585749984,-0.0027582913171499968,patch_same_layer,McCraw,37748_1993.txt_ceo_lastname_63,0.28977902595794575,2,-1.5544074773788452,-3.1088149547576904,0.28977902595794575,ceo_lastname
-2.1880624294281006,-4.376124858856201,-0.0013791456585749984,-0.0027582913171499968,patch_random_00,McCraw,37748_1993.txt_ceo_lastname_63,-0.2202553337111861,2,-2.6696910858154297,-5.339382171630859,-0.2202553337111861,ceo_lastname
-2.1880624294281006,-4.376124858856201,-0.0013791456585749984,-0.0027582913171499968,patch_random_01,McCraw,37748_1993.txt_ceo_lastname_63,-0.07569408900149482,2,-2.353581428527832,-4.707162857055664,-0.07569408900149482,ceo_lastname
-2.1880624294281006,-4.376124858856201,-0.0013791456585749984,-0.0027582913171499968,patch_random_02,McCraw,37748_1993.txt_ceo_lastname_63,0.07959601926896329,2,-2.0140111446380615,-4.028022289276123,0.07959601926896329,ceo_lastname
-2.1880624294281006,-4.376124858856201,-0.0013791456585749984,-0.0027582913171499968,patch_random_03,McCraw,37748_1993.txt_ceo_lastname_63,0.2769215295245775,2,-1.5825227499008179,-3.1650454998016357,0.2769215295245775,ceo_lastname
-2.1880624294281006,-4.376124858856201,-0.0013791456585749984,-0.0027582913171499968,patch_random_04,McCraw,37748_1993.txt_ceo_lastname_63,0.2888129474061,2,-1.5565199851989746,-3.113039970397949,0.2888129474061,ceo_lastname
-2.1880624294281006,-4.376124858856201,-0.0013791456585749984,-0.0027582913171499968,patch_random_05,McCraw,37748_1993.txt_ceo_lastname_63,-0.35476567619811367,2,-2.963822603225708,-5.927645206451416,-0.35476567619811367,ceo_lastname
-2.1880624294281006,-4.376124858856201,-0.0013791456585749984,-0.0027582913171499968,patch_random_06,McCraw,37748_1993.txt_ceo_lastname_63,0.4841697748185194,2,-1.1293364763259888,-2.2586729526519775,0.4841697748185194,ceo_lastname
-2.1880624294281006,-4.376124858856201,-0.0013791456585749984,-0.0027582913171499968,patch_random_07,McCraw,37748_1993.txt_ceo_lastname_63,0.6394028048065001,2,-0.7898910045623779,-1.5797820091247559,0.6394028048065001,ceo_lastname
-2.1880624294281006,-4.376124858856201,-0.0013791456585749984,-0.0027582913171499968,patch_random_08,McCraw,37748_1993.txt_ceo_lastname_63,-0.7539913547760192,2,-3.8368027210235596,-7.673605442047119,-0.7539913547760192,ceo_lastname
-2.1880624294281006,-4.376124858856201,-0.0013791456585749984,-0.0027582913171499968,patch_random_09,McCraw,37748_1993.txt_ceo_lastname_63,0.009132089068155689,2,-2.16809344291687,-4.33618688583374,0.009132089068155689,ceo_lastname
-2.1880624294281006,-4.376124858856201,-0.0013791456585749984,-0.0027582913171499968,patch_random_10,McCraw,37748_1993.txt_ceo_lastname_63,-0.17315631939427165,2,-2.5667004585266113,-5.133400917053223,-0.17315631939427165,ceo_lastname
-2.1880624294281006,-4.376124858856201,-0.0013791456585749984,-0.0027582913171499968,patch_random_11,McCraw,37748_1993.txt_ceo_lastname_63,0.6168928365491134,2,-0.839113175868988,-1.678226351737976,0.6168928365491134,ceo_lastname
-2.1880624294281006,-4.376124858856201,-0.0013791456585749984,-0.0027582913171499968,patch_random_12,McCraw,37748_1993.txt_ceo_lastname_63,-0.007837878537101101,2,-2.2052013874053955,-4.410402774810791,-0.007837878537101101,ceo_lastname
-2.1880624294281006,-4.376124858856201,-0.0013791456585749984,-0.0027582913171499968,patch_random_13,McCraw,37748_1993.txt_ceo_lastname_63,-1.1063924527275464,2,-4.607392311096191,-9.214784622192383,-1.1063924527275464,ceo_lastname
-2.1880624294281006,-4.376124858856201,-0.0013791456585749984,-0.0027582913171499968,patch_random_14,McCraw,37748_1993.txt_ceo_lastname_63,-0.05596702774006471,2,-2.3104445934295654,-4.620889186859131,-0.05596702774006471,ceo_lastname
-2.1880624294281006,-4.376124858856201,-0.0013791456585749984,-0.0027582913171499968,patch_random_15,McCraw,37748_1993.txt_ceo_lastname_63,-0.19660279125771232,2,-2.6179704666137695,-5.235940933227539,-0.19660279125771232,ceo_lastname
-2.1880624294281006,-4.376124858856201,-0.0013791456585749984,-0.0027582913171499968,patch_random_16,McCraw,37748_1993.txt_ceo_lastname_63,0.14595925376016994,2,-1.8688957691192627,-3.7377915382385254,0.14595925376016994,ceo_lastname
-2.1880624294281006,-4.376124858856201,-0.0013791456585749984,-0.0027582913171499968,patch_random_17,McCraw,37748_1993.txt_ceo_lastname_63,-0.2561988420235244,2,-2.748288154602051,-5.496576309204102,-0.2561988420235244,ceo_lastname
-2.1880624294281006,-4.376124858856201,-0.0013791456585749984,-0.0027582913171499968,patch_random_18,McCraw,37748_1993.txt_ceo_lastname_63,-0.11255782788519796,2,-2.4341907501220703,-4.868381500244141,-0.11255782788519796,ceo_lastname
-2.1880624294281006,-4.376124858856201,-0.0013791456585749984,-0.0027582913171499968,patch_random_19,McCraw,37748_1993.txt_ceo_lastname_63,0.643329921479417,2,-0.7813036441802979,-1.5626072883605957,0.643329921479417,ceo_lastname
-2.1880624294281006,-4.376124858856201,-0.0013791456585749984,-0.0027582913171499968,patch_matched_layer_random_00,McCraw,37748_1993.txt_ceo_lastname_63,-0.3163198821496589,2,-2.879753828048706,-5.759507656097412,-0.3163198821496589,ceo_lastname
-2.1880624294281006,-4.376124858856201,-0.0013791456585749984,-0.0027582913171499968,patch_matched_layer_random_01,McCraw,37748_1993.txt_ceo_lastname_63,-1.7015236625508563,2,-5.908755779266357,-11.817511558532715,-1.7015236625508563,ceo_lastname
-2.1880624294281006,-4.376124858856201,-0.0013791456585749984,-0.0027582913171499968,patch_matched_layer_random_02,McCraw,37748_1993.txt_ceo_lastname_63,-0.34296350105624307,2,-2.9380149841308594,-5.876029968261719,-0.34296350105624307,ceo_lastname
-2.1880624294281006,-4.376124858856201,-0.0013791456585749984,-0.0027582913171499968,patch_matched_layer_random_03,McCraw,37748_1993.txt_ceo_lastname_63,-0.26597988990219706,2,-2.7696762084960938,-5.5393524169921875,-0.26597988990219706,ceo_lastname
-2.1880624294281006,-4.376124858856201,-0.0013791456585749984,-0.0027582913171499968,patch_matched_layer_random_04,McCraw,37748_1993.txt_ceo_lastname_63,-0.7202985952414871,2,-3.763127326965332,-7.526254653930664,-0.7202985952414871,ceo_lastname
-2.1880624294281006,-4.376124858856201,-0.0013791456585749984,-0.0027582913171499968,patch_matched_layer_random_05,McCraw,37748_1993.txt_ceo_lastname_63,0.5726489629667254,2,-0.9358605146408081,-1.8717210292816162,0.5726489629667254,ceo_lastname
-2.1880624294281006,-4.376124858856201,-0.0013791456585749984,-0.0027582913171499968,patch_matched_layer_random_06,McCraw,37748_1993.txt_ceo_lastname_63,-0.5442235966807623,2,-3.3781070709228516,-6.756214141845703,-0.5442235966807623,ceo_lastname
-2.1880624294281006,-4.376124858856201,-0.0013791456585749984,-0.0027582913171499968,patch_matched_layer_random_07,McCraw,37748_1993.txt_ceo_lastname_63,-0.1822189550413421,2,-2.586517572402954,-5.173035144805908,-0.1822189550413421,ceo_lastname
-2.1880624294281006,-4.376124858856201,-0.0013791456585749984,-0.0027582913171499968,patch_matched_layer_random_08,McCraw,37748_1993.txt_ceo_lastname_63,-1.2320010908853343,2,-4.882058620452881,-9.764117240905762,-1.2320010908853343,ceo_lastname
-2.1880624294281006,-4.376124858856201,-0.0013791456585749984,-0.0027582913171499968,patch_matched_layer_random_09,McCraw,37748_1993.txt_ceo_lastname_63,-1.086570424543408,2,-4.564047813415527,-9.128095626831055,-1.086570424543408,ceo_lastname
-2.1880624294281006,-4.376124858856201,-0.0013791456585749984,-0.0027582913171499968,patch_matched_layer_random_10,McCraw,37748_1993.txt_ceo_lastname_63,0.07970559648747295,2,-2.0137715339660645,-4.027543067932129,0.07970559648747295,ceo_lastname
-2.1880624294281006,-4.376124858856201,-0.0013791456585749984,-0.0027582913171499968,patch_matched_layer_random_11,McCraw,37748_1993.txt_ceo_lastname_63,0.057097908247907864,2,-2.0632073879241943,-4.126414775848389,0.057097908247907864,ceo_lastname
-2.1880624294281006,-4.376124858856201,-0.0013791456585749984,-0.0027582913171499968,patch_matched_layer_random_12,McCraw,37748_1993.txt_ceo_lastname_63,-0.02087375141771496,2,-2.2337067127227783,-4.467413425445557,-0.02087375141771496,ceo_lastname
-2.1880624294281006,-4.376124858856201,-0.0013791456585749984,-0.0027582913171499968,patch_matched_layer_random_13,McCraw,37748_1993.txt_ceo_lastname_63,-0.22214878443421002,2,-2.6738314628601074,-5.347662925720215,-0.22214878443421002,ceo_lastname
-2.1880624294281006,-4.376124858856201,-0.0013791456585749984,-0.0027582913171499968,patch_matched_layer_random_14,McCraw,37748_1993.txt_ceo_lastname_63,-0.5768475149485774,2,-3.4494452476501465,-6.898890495300293,-0.5768475149485774,ceo_lastname
-2.1880624294281006,-4.376124858856201,-0.0013791456585749984,-0.0027582913171499968,patch_matched_layer_random_15,McCraw,37748_1993.txt_ceo_lastname_63,-1.2011557035511804,2,-4.814609527587891,-9.629219055175781,-1.2011557035511804,ceo_lastname
-2.1880624294281006,-4.376124858856201,-0.0013791456585749984,-0.0027582913171499968,patch_matched_layer_random_16,McCraw,37748_1993.txt_ceo_lastname_63,0.3081415510107703,2,-1.5142544507980347,-3.0285089015960693,0.3081415510107703,ceo_lastname
-2.1880624294281006,-4.376124858856201,-0.0013791456585749984,-0.0027582913171499968,patch_matched_layer_random_17,McCraw,37748_1993.txt_ceo_lastname_63,0.3177281402136101,2,-1.4932916164398193,-2.9865832328796387,0.3177281402136101,ceo_lastname
-2.1880624294281006,-4.376124858856201,-0.0013791456585749984,-0.0027582913171499968,patch_matched_layer_random_18,McCraw,37748_1993.txt_ceo_lastname_63,-0.04059906816621357,2,-2.2768397331237793,-4.553679466247559,-0.04059906816621357,ceo_lastname
-2.1880624294281006,-4.376124858856201,-0.0013791456585749984,-0.0027582913171499968,patch_matched_layer_random_19,McCraw,37748_1993.txt_ceo_lastname_63,0.06696803531814514,2,-2.0416245460510254,-4.083249092102051,0.06696803531814514,ceo_lastname
-2.6017301082611084,-5.203460216522217,-2.2291864297585562e-05,-4.4583728595171124e-05,patch_qr,Ferguson,732714_1993.txt_ceo_lastname_170,0.9152917034764803,2,-0.22040852904319763,-0.44081705808639526,0.9152917034764803,ceo_lastname
-2.6017301082611084,-5.203460216522217,-2.2291864297585562e-05,-4.4583728595171124e-05,patch_bottom,Ferguson,732714_1993.txt_ceo_lastname_170,-0.2506333761743672,2,-3.253804922103882,-6.507609844207764,-0.2506333761743672,ceo_lastname
-2.6017301082611084,-5.203460216522217,-2.2291864297585562e-05,-4.4583728595171124e-05,patch_same_layer,Ferguson,732714_1993.txt_ceo_lastname_170,0.8169877606205693,2,-0.47616666555404663,-0.9523333311080933,0.8169877606205693,ceo_lastname
-2.6017301082611084,-5.203460216522217,-2.2291864297585562e-05,-4.4583728595171124e-05,patch_random_00,Ferguson,732714_1993.txt_ceo_lastname_170,0.4114976663401784,2,-1.5311334133148193,-3.0622668266296387,0.4114976663401784,ceo_lastname
-2.6017301082611084,-5.203460216522217,-2.2291864297585562e-05,-4.4583728595171124e-05,patch_random_01,Ferguson,732714_1993.txt_ceo_lastname_170,0.8787336525520704,2,-0.31552189588546753,-0.6310437917709351,0.8787336525520704,ceo_lastname
-2.6017301082611084,-5.203460216522217,-2.2291864297585562e-05,-4.4583728595171124e-05,patch_random_02,Ferguson,732714_1993.txt_ceo_lastname_170,0.015628067765777118,2,-2.561070442199707,-5.122140884399414,0.015628067765777118,ceo_lastname
-2.6017301082611084,-5.203460216522217,-2.2291864297585562e-05,-4.4583728595171124e-05,patch_random_03,Ferguson,732714_1993.txt_ceo_lastname_170,0.335417148978554,2,-1.7290726900100708,-3.4581453800201416,0.335417148978554,ceo_lastname
-2.6017301082611084,-5.203460216522217,-2.2291864297585562e-05,-4.4583728595171124e-05,patch_random_04,Ferguson,732714_1993.txt_ceo_lastname_170,0.6620334467026167,2,-0.8793125152587891,-1.7586250305175781,0.6620334467026167,ceo_lastname
-2.6017301082611084,-5.203460216522217,-2.2291864297585562e-05,-4.4583728595171124e-05,patch_random_05,Ferguson,732714_1993.txt_ceo_lastname_170,-0.12553579755790864,2,-2.928337574005127,-5.856675148010254,-0.12553579755790864,ceo_lastname
-2.6017301082611084,-5.203460216522217,-2.2291864297585562e-05,-4.4583728595171124e-05,patch_random_06,Ferguson,732714_1993.txt_ceo_lastname_170,0.057854155836666324,2,-2.4512104988098145,-4.902420997619629,0.057854155836666324,ceo_lastname
-2.6017301082611084,-5.203460216522217,-2.2291864297585562e-05,-4.4583728595171124e-05,patch_random_07,Ferguson,732714_1993.txt_ceo_lastname_170,0.23252774937449497,2,-1.9967608451843262,-3.9935216903686523,0.23252774937449497,ceo_lastname
-2.6017301082611084,-5.203460216522217,-2.2291864297585562e-05,-4.4583728595171124e-05,patch_random_08,Ferguson,732714_1993.txt_ceo_lastname_170,-0.04726670556868484,2,-2.7247042655944824,-5.449408531188965,-0.04726670556868484,ceo_lastname
-2.6017301082611084,-5.203460216522217,-2.2291864297585562e-05,-4.4583728595171124e-05,patch_random_09,Ferguson,732714_1993.txt_ceo_lastname_170,-0.07419371081729455,2,-2.7947604656219482,-5.5895209312438965,-0.07419371081729455,ceo_lastname
-2.6017301082611084,-5.203460216522217,-2.2291864297585562e-05,-4.4583728595171124e-05,patch_random_10,Ferguson,732714_1993.txt_ceo_lastname_170,-0.4140615495572192,2,-3.678997278213501,-7.357994556427002,-0.4140615495572192,ceo_lastname
-2.6017301082611084,-5.203460216522217,-2.2291864297585562e-05,-4.4583728595171124e-05,patch_random_11,Ferguson,732714_1993.txt_ceo_lastname_170,0.8861831110938483,2,-0.2961405813694,-0.5922811627388,0.8861831110938483,ceo_lastname
-2.6017301082611084,-5.203460216522217,-2.2291864297585562e-05,-4.4583728595171124e-05,patch_random_12,Ferguson,732714_1993.txt_ceo_lastname_170,-0.39609851344594926,2,-3.632262706756592,-7.264525413513184,-0.39609851344594926,ceo_lastname
-2.6017301082611084,-5.203460216522217,-2.2291864297585562e-05,-4.4583728595171124e-05,patch_random_13,Ferguson,732714_1993.txt_ceo_lastname_170,-0.7479912558866418,2,-4.547784805297852,-9.095569610595703,-0.7479912558866418,ceo_lastname
-2.6017301082611084,-5.203460216522217,-2.2291864297585562e-05,-4.4583728595171124e-05,patch_random_14,Ferguson,732714_1993.txt_ceo_lastname_170,-0.0926026635678568,2,-2.8426551818847656,-5.685310363769531,-0.0926026635678568,ceo_lastname
-2.6017301082611084,-5.203460216522217,-2.2291864297585562e-05,-4.4583728595171124e-05,patch_random_15,Ferguson,732714_1993.txt_ceo_lastname_170,-1.0731762858279699,2,-5.3938212394714355,-10.787642478942871,-1.0731762858279699,ceo_lastname
-2.6017301082611084,-5.203460216522217,-2.2291864297585562e-05,-4.4583728595171124e-05,patch_random_16,Ferguson,732714_1993.txt_ceo_lastname_170,0.2866760593552917,2,-1.8558827638626099,-3.7117655277252197,0.2866760593552917,ceo_lastname
-2.6017301082611084,-5.203460216522217,-2.2291864297585562e-05,-4.4583728595171124e-05,patch_random_17,Ferguson,732714_1993.txt_ceo_lastname_170,0.24117922863514202,2,-1.9742522239685059,-3.9485044479370117,0.24117922863514202,ceo_lastname
-2.6017301082611084,-5.203460216522217,-2.2291864297585562e-05,-4.4583728595171124e-05,patch_random_18,Ferguson,732714_1993.txt_ceo_lastname_170,0.7661890259624714,2,-0.6083301305770874,-1.2166602611541748,0.7661890259624714,ceo_lastname
-2.6017301082611084,-5.203460216522217,-2.2291864297585562e-05,-4.4583728595171124e-05,patch_random_19,Ferguson,732714_1993.txt_ceo_lastname_170,-0.05986215530238213,2,-2.757473945617676,-5.514947891235352,-0.05986215530238213,ceo_lastname
-2.6017301082611084,-5.203460216522217,-2.2291864297585562e-05,-4.4583728595171124e-05,patch_matched_layer_random_00,Ferguson,732714_1993.txt_ceo_lastname_170,0.5197875049965299,2,-1.2493948936462402,-2.4987897872924805,0.5197875049965299,ceo_lastname
-2.6017301082611084,-5.203460216522217,-2.2291864297585562e-05,-4.4583728595171124e-05,patch_matched_layer_random_01,Ferguson,732714_1993.txt_ceo_lastname_170,-1.4027680645054854,2,-6.2513227462768555,-12.502645492553711,-1.4027680645054854,ceo_lastname
-2.6017301082611084,-5.203460216522217,-2.2291864297585562e-05,-4.4583728595171124e-05,patch_matched_layer_random_02,Ferguson,732714_1993.txt_ceo_lastname_170,0.27427218149468124,2,-1.8881540298461914,-3.776308059692383,0.27427218149468124,ceo_lastname
-2.6017301082611084,-5.203460216522217,-2.2291864297585562e-05,-4.4583728595171124e-05,patch_matched_layer_random_03,Ferguson,732714_1993.txt_ceo_lastname_170,0.12588650100603269,2,-2.274210214614868,-4.548420429229736,0.12588650100603269,ceo_lastname
-2.6017301082611084,-5.203460216522217,-2.2291864297585562e-05,-4.4583728595171124e-05,patch_matched_layer_random_04,Ferguson,732714_1993.txt_ceo_lastname_170,-0.09590167692883568,2,-2.851238250732422,-5.702476501464844,-0.09590167692883568,ceo_lastname
-2.6017301082611084,-5.203460216522217,-2.2291864297585562e-05,-4.4583728595171124e-05,patch_matched_layer_random_05,Ferguson,732714_1993.txt_ceo_lastname_170,0.9612397830953651,2,-0.10086505115032196,-0.20173010230064392,0.9612397830953651,ceo_lastname
-2.6017301082611084,-5.203460216522217,-2.2291864297585562e-05,-4.4583728595171124e-05,patch_matched_layer_random_06,Ferguson,732714_1993.txt_ceo_lastname_170,-0.767966965065889,2,-4.599755764007568,-9.199511528015137,-0.767966965065889,ceo_lastname
-2.6017301082611084,-5.203460216522217,-2.2291864297585562e-05,-4.4583728595171124e-05,patch_matched_layer_random_07,Ferguson,732714_1993.txt_ceo_lastname_170,0.561753749945612,2,-1.1402109861373901,-2.2804219722747803,0.561753749945612,ceo_lastname
-2.6017301082611084,-5.203460216522217,-2.2291864297585562e-05,-4.4583728595171124e-05,patch_matched_layer_random_08,Ferguson,732714_1993.txt_ceo_lastname_170,-1.1022781656348049,2,-5.469535827636719,-10.939071655273438,-1.1022781656348049,ceo_lastname
-2.6017301082611084,-5.203460216522217,-2.2291864297585562e-05,-4.4583728595171124e-05,patch_matched_layer_random_09,Ferguson,732714_1993.txt_ceo_lastname_170,0.9573661027984826,2,-0.11094323545694351,-0.22188647091388702,0.9573661027984826,ceo_lastname
-2.6017301082611084,-5.203460216522217,-2.2291864297585562e-05,-4.4583728595171124e-05,patch_matched_layer_random_10,Ferguson,732714_1993.txt_ceo_lastname_170,0.21519665760037254,2,-2.041851282119751,-4.083702564239502,0.21519665760037254,ceo_lastname
-2.6017301082611084,-5.203460216522217,-2.2291864297585562e-05,-4.4583728595171124e-05,patch_matched_layer_random_11,Ferguson,732714_1993.txt_ceo_lastname_170,-0.6953956357081158,2,-4.410946369171143,-8.821892738342285,-0.6953956357081158,ceo_lastname
-2.6017301082611084,-5.203460216522217,-2.2291864297585562e-05,-4.4583728595171124e-05,patch_matched_layer_random_12,Ferguson,732714_1993.txt_ceo_lastname_170,0.19234145959255103,2,-2.101313829421997,-4.202627658843994,0.19234145959255103,ceo_lastname
-2.6017301082611084,-5.203460216522217,-2.2291864297585562e-05,-4.4583728595171124e-05,patch_matched_layer_random_13,Ferguson,732714_1993.txt_ceo_lastname_170,0.3456099547732284,2,-1.7025539875030518,-3.4051079750061035,0.3456099547732284,ceo_lastname
-2.6017301082611084,-5.203460216522217,-2.2291864297585562e-05,-4.4583728595171124e-05,patch_matched_layer_random_14,Ferguson,732714_1993.txt_ceo_lastname_170,-0.5384021878858531,2,-4.002495288848877,-8.004990577697754,-0.5384021878858531,ceo_lastname
-2.6017301082611084,-5.203460216522217,-2.2291864297585562e-05,-4.4583728595171124e-05,patch_matched_layer_random_15,Ferguson,732714_1993.txt_ceo_lastname_170,-1.1273537829130853,2,-5.534775257110596,-11.069550514221191,-1.1273537829130853,ceo_lastname
-2.6017301082611084,-5.203460216522217,-2.2291864297585562e-05,-4.4583728595171124e-05,patch_matched_layer_random_16,Ferguson,732714_1993.txt_ceo_lastname_170,0.7112433169605481,2,-0.751282811164856,-1.502565622329712,0.7112433169605481,ceo_lastname
-2.6017301082611084,-5.203460216522217,-2.2291864297585562e-05,-4.4583728595171124e-05,patch_matched_layer_random_17,Ferguson,732714_1993.txt_ceo_lastname_170,0.5005466052238108,2,-1.2994540929794312,-2.5989081859588623,0.5005466052238108,ceo_lastname
-2.6017301082611084,-5.203460216522217,-2.2291864297585562e-05,-4.4583728595171124e-05,patch_matched_layer_random_18,Ferguson,732714_1993.txt_ceo_lastname_170,0.7044250810967451,2,-0.7690218687057495,-1.538043737411499,0.7044250810967451,ceo_lastname
-2.6017301082611084,-5.203460216522217,-2.2291864297585562e-05,-4.4583728595171124e-05,patch_matched_layer_random_19,Ferguson,732714_1993.txt_ceo_lastname_170,0.614703326765993,2,-1.0024516582489014,-2.0049033164978027,0.614703326765993,ceo_lastname
-3.4223055839538574,-6.844611167907715,-1.5735404303995892e-05,-3.1470808607991785e-05,patch_qr,Allender,34501_1993.txt_ceo_lastname_220,0.9998681312728298,2,-0.00046702841063961387,-0.0009340568212792277,0.9998681312728298,ceo_lastname
-3.4223055839538574,-6.844611167907715,-1.5735404303995892e-05,-3.1470808607991785e-05,patch_bottom,Allender,34501_1993.txt_ceo_lastname_220,0.019198245743323003,2,-3.3566036224365234,-6.713207244873047,0.019198245743323003,ceo_lastname
-3.4223055839538574,-6.844611167907715,-1.5735404303995892e-05,-3.1470808607991785e-05,patch_same_layer,Allender,34501_1993.txt_ceo_lastname_220,0.492868147129093,2,-1.7355679273605347,-3.4711358547210693,0.492868147129093,ceo_lastname
-3.4223055839538574,-6.844611167907715,-1.5735404303995892e-05,-3.1470808607991785e-05,patch_random_00,Allender,34501_1993.txt_ceo_lastname_220,0.42661596762037945,2,-1.9623020887374878,-3.9246041774749756,0.42661596762037945,ceo_lastname
-3.4223055839538574,-6.844611167907715,-1.5735404303995892e-05,-3.1470808607991785e-05,patch_random_01,Allender,34501_1993.txt_ceo_lastname_220,0.8382171910469631,2,-0.5536834001541138,-1.1073668003082275,0.8382171910469631,ceo_lastname
-3.4223055839538574,-6.844611167907715,-1.5735404303995892e-05,-3.1470808607991785e-05,patch_random_02,Allender,34501_1993.txt_ceo_lastname_220,0.02071376839023544,2,-3.351417064666748,-6.702834129333496,0.02071376839023544,ceo_lastname
-3.4223055839538574,-6.844611167907715,-1.5735404303995892e-05,-3.1470808607991785e-05,patch_random_03,Allender,34501_1993.txt_ceo_lastname_220,0.15675167637217693,2,-2.8858559131622314,-5.771711826324463,0.15675167637217693,ceo_lastname
-3.4223055839538574,-6.844611167907715,-1.5735404303995892e-05,-3.1470808607991785e-05,patch_random_04,Allender,34501_1993.txt_ceo_lastname_220,0.5581505356565459,2,-1.5121526718139648,-3.0243053436279297,0.5581505356565459,ceo_lastname
-3.4223055839538574,-6.844611167907715,-1.5735404303995892e-05,-3.1470808607991785e-05,patch_random_05,Allender,34501_1993.txt_ceo_lastname_220,0.1924810597860825,2,-2.7635796070098877,-5.527159214019775,0.1924810597860825,ceo_lastname
-3.4223055839538574,-6.844611167907715,-1.5735404303995892e-05,-3.1470808607991785e-05,patch_random_06,Allender,34501_1993.txt_ceo_lastname_220,-0.03159544950082578,2,-3.5304343700408936,-7.060868740081787,-0.03159544950082578,ceo_lastname
-3.4223055839538574,-6.844611167907715,-1.5735404303995892e-05,-3.1470808607991785e-05,patch_random_07,Allender,34501_1993.txt_ceo_lastname_220,0.439302739727698,2,-1.91888427734375,-3.8377685546875,0.439302739727698,ceo_lastname
-3.4223055839538574,-6.844611167907715,-1.5735404303995892e-05,-3.1470808607991785e-05,patch_random_08,Allender,34501_1993.txt_ceo_lastname_220,-0.13345279725016895,2,-3.8790197372436523,-7.758039474487305,-0.13345279725016895,ceo_lastname
-3.4223055839538574,-6.844611167907715,-1.5735404303995892e-05,-3.1470808607991785e-05,patch_random_09,Allender,34501_1993.txt_ceo_lastname_220,0.03872427185134781,2,-3.2897799015045166,-6.579559803009033,0.03872427185134781,ceo_lastname
-3.4223055839538574,-6.844611167907715,-1.5735404303995892e-05,-3.1470808607991785e-05,patch_random_10,Allender,34501_1993.txt_ceo_lastname_220,0.5110148483825523,2,-1.6734646558761597,-3.3469293117523193,0.5110148483825523,ceo_lastname
-3.4223055839538574,-6.844611167907715,-1.5735404303995892e-05,-3.1470808607991785e-05,patch_random_11,Allender,34501_1993.txt_ceo_lastname_220,0.20917786413195957,2,-2.7064383029937744,-5.412876605987549,0.20917786413195957,ceo_lastname
-3.4223055839538574,-6.844611167907715,-1.5735404303995892e-05,-3.1470808607991785e-05,patch_random_12,Allender,34501_1993.txt_ceo_lastname_220,-0.07193396127364128,2,-3.6684844493865967,-7.336968898773193,-0.07193396127364128,ceo_lastname
-3.4223055839538574,-6.844611167907715,-1.5735404303995892e-05,-3.1470808607991785e-05,patch_random_13,Allender,34501_1993.txt_ceo_lastname_220,-0.38091547764568906,2,-4.7259087562561035,-9.451817512512207,-0.38091547764568906,ceo_lastname
-3.4223055839538574,-6.844611167907715,-1.5735404303995892e-05,-3.1470808607991785e-05,patch_random_14,Allender,34501_1993.txt_ceo_lastname_220,0.09975767242272304,2,-3.0809059143066406,-6.161811828613281,0.09975767242272304,ceo_lastname
-3.4223055839538574,-6.844611167907715,-1.5735404303995892e-05,-3.1470808607991785e-05,patch_random_15,Allender,34501_1993.txt_ceo_lastname_220,-0.3028328304616936,2,-4.4586873054504395,-8.917374610900879,-0.3028328304616936,ceo_lastname
-3.4223055839538574,-6.844611167907715,-1.5735404303995892e-05,-3.1470808607991785e-05,patch_random_16,Allender,34501_1993.txt_ceo_lastname_220,0.1434176686690535,2,-2.9314887523651123,-5.862977504730225,0.1434176686690535,ceo_lastname
-3.4223055839538574,-6.844611167907715,-1.5735404303995892e-05,-3.1470808607991785e-05,patch_random_17,Allender,34501_1993.txt_ceo_lastname_220,0.35945258656435086,2,-2.1921546459198,-4.3843092918396,0.35945258656435086,ceo_lastname
-3.4223055839538574,-6.844611167907715,-1.5735404303995892e-05,-3.1470808607991785e-05,patch_random_18,Allender,34501_1993.txt_ceo_lastname_220,0.9559280750333657,2,-0.15084263682365417,-0.30168527364730835,0.9559280750333657,ceo_lastname
-3.4223055839538574,-6.844611167907715,-1.5735404303995892e-05,-3.1470808607991785e-05,patch_random_19,Allender,34501_1993.txt_ceo_lastname_220,-0.20411694923424173,2,-4.120852947235107,-8.241705894470215,-0.20411694923424173,ceo_lastname
-3.4223055839538574,-6.844611167907715,-1.5735404303995892e-05,-3.1470808607991785e-05,patch_matched_layer_random_00,Allender,34501_1993.txt_ceo_lastname_220,0.9674356585849143,2,-0.11146035045385361,-0.22292070090770721,0.9674356585849143,ceo_lastname
-3.4223055839538574,-6.844611167907715,-1.5735404303995892e-05,-3.1470808607991785e-05,patch_matched_layer_random_01,Allender,34501_1993.txt_ceo_lastname_220,-0.7597479302319554,2,-6.022383213043213,-12.044766426086426,-0.7597479302319554,ceo_lastname
-3.4223055839538574,-6.844611167907715,-1.5735404303995892e-05,-3.1470808607991785e-05,patch_matched_layer_random_02,Allender,34501_1993.txt_ceo_lastname_220,0.07961286943918677,2,-3.1498472690582275,-6.299694538116455,0.07961286943918677,ceo_lastname
-3.4223055839538574,-6.844611167907715,-1.5735404303995892e-05,-3.1470808607991785e-05,patch_matched_layer_random_03,Allender,34501_1993.txt_ceo_lastname_220,0.37278060295793886,2,-2.1465423107147217,-4.293084621429443,0.37278060295793886,ceo_lastname
-3.4223055839538574,-6.844611167907715,-1.5735404303995892e-05,-3.1470808607991785e-05,patch_matched_layer_random_04,Allender,34501_1993.txt_ceo_lastname_220,0.42697879017922474,2,-1.9610604047775269,-3.9221208095550537,0.42697879017922474,ceo_lastname
-3.4223055839538574,-6.844611167907715,-1.5735404303995892e-05,-3.1470808607991785e-05,patch_matched_layer_random_05,Allender,34501_1993.txt_ceo_lastname_220,0.3413812643448146,2,-2.253999948501587,-4.507999897003174,0.3413812643448146,ceo_lastname
-3.4223055839538574,-6.844611167907715,-1.5735404303995892e-05,-3.1470808607991785e-05,patch_matched_layer_random_06,Allender,34501_1993.txt_ceo_lastname_220,-0.3500104917356305,2,-4.620142936706543,-9.240285873413086,-0.3500104917356305,ceo_lastname
-3.4223055839538574,-6.844611167907715,-1.5735404303995892e-05,-3.1470808607991785e-05,patch_matched_layer_random_07,Allender,34501_1993.txt_ceo_lastname_220,-0.008282497768048454,2,-3.450650691986084,-6.901301383972168,-0.008282497768048454,ceo_lastname
-3.4223055839538574,-6.844611167907715,-1.5735404303995892e-05,-3.1470808607991785e-05,patch_matched_layer_random_08,Allender,34501_1993.txt_ceo_lastname_220,-0.5400831147548466,2,-5.270626544952393,-10.541253089904785,-0.5400831147548466,ceo_lastname
-3.4223055839538574,-6.844611167907715,-1.5735404303995892e-05,-3.1470808607991785e-05,patch_matched_layer_random_09,Allender,34501_1993.txt_ceo_lastname_220,0.4944949270007512,2,-1.730000615119934,-3.460001230239868,0.4944949270007512,ceo_lastname
-3.4223055839538574,-6.844611167907715,-1.5735404303995892e-05,-3.1470808607991785e-05,patch_matched_layer_random_10,Allender,34501_1993.txt_ceo_lastname_220,0.3709221126733161,2,-2.152902603149414,-4.305805206298828,0.3709221126733161,ceo_lastname
-3.4223055839538574,-6.844611167907715,-1.5735404303995892e-05,-3.1470808607991785e-05,patch_matched_layer_random_11,Allender,34501_1993.txt_ceo_lastname_220,-0.22346302705703278,2,-4.187060832977295,-8.37412166595459,-0.22346302705703278,ceo_lastname
-3.4223055839538574,-6.844611167907715,-1.5735404303995892e-05,-3.1470808607991785e-05,patch_matched_layer_random_12,Allender,34501_1993.txt_ceo_lastname_220,0.01846988363642452,2,-3.3590962886810303,-6.7181925773620605,0.01846988363642452,ceo_lastname
-3.4223055839538574,-6.844611167907715,-1.5735404303995892e-05,-3.1470808607991785e-05,patch_matched_layer_random_13,Allender,34501_1993.txt_ceo_lastname_220,0.4556689422200804,2,-1.8628743886947632,-3.7257487773895264,0.4556689422200804,ceo_lastname
-3.4223055839538574,-6.844611167907715,-1.5735404303995892e-05,-3.1470808607991785e-05,patch_matched_layer_random_14,Allender,34501_1993.txt_ceo_lastname_220,-0.02565604142587313,2,-3.51010799407959,-7.02021598815918,-0.02565604142587313,ceo_lastname
-3.4223055839538574,-6.844611167907715,-1.5735404303995892e-05,-3.1470808607991785e-05,patch_matched_layer_random_15,Allender,34501_1993.txt_ceo_lastname_220,-0.6488800012732251,2,-5.642961025238037,-11.285922050476074,-0.6488800012732251,ceo_lastname
-3.4223055839538574,-6.844611167907715,-1.5735404303995892e-05,-3.1470808607991785e-05,patch_matched_layer_random_16,Allender,34501_1993.txt_ceo_lastname_220,0.26777726037135785,2,-2.505894184112549,-5.011788368225098,0.26777726037135785,ceo_lastname
-3.4223055839538574,-6.844611167907715,-1.5735404303995892e-05,-3.1470808607991785e-05,patch_matched_layer_random_17,Allender,34501_1993.txt_ceo_lastname_220,-0.05281116423063115,2,-3.6030406951904297,-7.206081390380859,-0.05281116423063115,ceo_lastname
-3.4223055839538574,-6.844611167907715,-1.5735404303995892e-05,-3.1470808607991785e-05,patch_matched_layer_random_18,Allender,34501_1993.txt_ceo_lastname_220,0.1352828636476932,2,-2.9593284130096436,-5.918656826019287,0.1352828636476932,ceo_lastname
-3.4223055839538574,-6.844611167907715,-1.5735404303995892e-05,-3.1470808607991785e-05,patch_matched_layer_random_19,Allender,34501_1993.txt_ceo_lastname_220,0.9888975003162539,2,-0.03801170736551285,-0.0760234147310257,0.9888975003162539,ceo_lastname
-1.773627758026123,-3.547255516052246,-0.033797793090343475,-0.06759558618068695,patch_qr,Lenzie,71180_1993.txt_ceo_lastname_215,0.9824494357507156,2,-0.06433279067277908,-0.12866558134555817,0.9824494357507156,ceo_lastname
-1.773627758026123,-3.547255516052246,-0.033797793090343475,-0.06759558618068695,patch_bottom,Lenzie,71180_1993.txt_ceo_lastname_215,0.14149387820386203,2,-1.5274524688720703,-3.0549049377441406,0.14149387820386203,ceo_lastname
-1.773627758026123,-3.547255516052246,-0.033797793090343475,-0.06759558618068695,patch_same_layer,Lenzie,71180_1993.txt_ceo_lastname_215,-0.15539312130719937,2,-2.043985366821289,-4.087970733642578,-0.15539312130719937,ceo_lastname
-1.773627758026123,-3.547255516052246,-0.033797793090343475,-0.06759558618068695,patch_random_00,Lenzie,71180_1993.txt_ceo_lastname_215,0.46895460814734236,2,-0.9577264785766602,-1.9154529571533203,0.46895460814734236,ceo_lastname
-1.773627758026123,-3.547255516052246,-0.033797793090343475,-0.06759558618068695,patch_random_01,Lenzie,71180_1993.txt_ceo_lastname_215,0.8369162844391514,2,-0.31753572821617126,-0.6350714564323425,0.8369162844391514,ceo_lastname
-1.773627758026123,-3.547255516052246,-0.033797793090343475,-0.06759558618068695,patch_random_02,Lenzie,71180_1993.txt_ceo_lastname_215,-0.030157553427007846,2,-1.826096773147583,-3.652193546295166,-0.030157553427007846,ceo_lastname
-1.773627758026123,-3.547255516052246,-0.033797793090343475,-0.06759558618068695,patch_random_03,Lenzie,71180_1993.txt_ceo_lastname_215,-0.034747902204998564,2,-1.8340831995010376,-3.668166399002075,-0.034747902204998564,ceo_lastname
-1.773627758026123,-3.547255516052246,-0.033797793090343475,-0.06759558618068695,patch_random_04,Lenzie,71180_1993.txt_ceo_lastname_215,0.6014179797724802,2,-0.7272627353668213,-1.4545254707336426,0.6014179797724802,ceo_lastname
-1.773627758026123,-3.547255516052246,-0.033797793090343475,-0.06759558618068695,patch_random_05,Lenzie,71180_1993.txt_ceo_lastname_215,0.2069394595081858,2,-1.413588285446167,-2.827176570892334,0.2069394595081858,ceo_lastname
-1.773627758026123,-3.547255516052246,-0.033797793090343475,-0.06759558618068695,patch_random_06,Lenzie,71180_1993.txt_ceo_lastname_215,-0.01337193025617835,2,-1.7968926429748535,-3.593785285949707,-0.01337193025617835,ceo_lastname
-1.773627758026123,-3.547255516052246,-0.033797793090343475,-0.06759558618068695,patch_random_07,Lenzie,71180_1993.txt_ceo_lastname_215,0.30913571777354465,2,-1.2357841730117798,-2.4715683460235596,0.30913571777354465,ceo_lastname
-1.773627758026123,-3.547255516052246,-0.033797793090343475,-0.06759558618068695,patch_random_08,Lenzie,71180_1993.txt_ceo_lastname_215,0.09370060148976928,2,-1.6106046438217163,-3.2212092876434326,0.09370060148976928,ceo_lastname
-1.773627758026123,-3.547255516052246,-0.033797793090343475,-0.06759558618068695,patch_random_09,Lenzie,71180_1993.txt_ceo_lastname_215,0.009404819219580326,2,-1.7572649717330933,-3.5145299434661865,0.009404819219580326,ceo_lastname
-1.773627758026123,-3.547255516052246,-0.033797793090343475,-0.06759558618068695,patch_random_10,Lenzie,71180_1993.txt_ceo_lastname_215,0.01013124474005585,2,-1.7560011148452759,-3.5120022296905518,0.01013124474005585,ceo_lastname
-1.773627758026123,-3.547255516052246,-0.033797793090343475,-0.06759558618068695,patch_random_11,Lenzie,71180_1993.txt_ceo_lastname_215,0.603369914334573,2,-0.7238667011260986,-1.4477334022521973,0.603369914334573,ceo_lastname
-1.773627758026123,-3.547255516052246,-0.033797793090343475,-0.06759558618068695,patch_random_12,Lenzie,71180_1993.txt_ceo_lastname_215,-0.4448807485481992,2,-2.54764461517334,-5.09528923034668,-0.4448807485481992,ceo_lastname
-1.773627758026123,-3.547255516052246,-0.033797793090343475,-0.06759558618068695,patch_random_13,Lenzie,71180_1993.txt_ceo_lastname_215,-0.925500509012176,2,-3.3838412761688232,-6.7676825523376465,-0.925500509012176,ceo_lastname
-1.773627758026123,-3.547255516052246,-0.033797793090343475,-0.06759558618068695,patch_random_14,Lenzie,71180_1993.txt_ceo_lastname_215,0.0033947134891491922,2,-1.7677215337753296,-3.535443067550659,0.0033947134891491922,ceo_lastname
-1.773627758026123,-3.547255516052246,-0.033797793090343475,-0.06759558618068695,patch_random_15,Lenzie,71180_1993.txt_ceo_lastname_215,-0.22544282346361455,2,-2.1658599376678467,-4.331719875335693,-0.22544282346361455,ceo_lastname
-1.773627758026123,-3.547255516052246,-0.033797793090343475,-0.06759558618068695,patch_random_16,Lenzie,71180_1993.txt_ceo_lastname_215,0.1732141851935001,2,-1.4722645282745361,-2.9445290565490723,0.1732141851935001,ceo_lastname
-1.773627758026123,-3.547255516052246,-0.033797793090343475,-0.06759558618068695,patch_random_17,Lenzie,71180_1993.txt_ceo_lastname_215,0.3458651542222852,2,-1.1718811988830566,-2.3437623977661133,0.3458651542222852,ceo_lastname
-1.773627758026123,-3.547255516052246,-0.033797793090343475,-0.06759558618068695,patch_random_18,Lenzie,71180_1993.txt_ceo_lastname_215,0.8662292020429861,2,-0.26653623580932617,-0.5330724716186523,0.8662292020429861,ceo_lastname
-1.773627758026123,-3.547255516052246,-0.033797793090343475,-0.06759558618068695,patch_random_19,Lenzie,71180_1993.txt_ceo_lastname_215,-0.38150275982130133,2,-2.437377691268921,-4.874755382537842,-0.38150275982130133,ceo_lastname
-1.773627758026123,-3.547255516052246,-0.033797793090343475,-0.06759558618068695,patch_matched_layer_random_00,Lenzie,71180_1993.txt_ceo_lastname_215,0.8034074064081898,2,-0.37583547830581665,-0.7516709566116333,0.8034074064081898,ceo_lastname
-1.773627758026123,-3.547255516052246,-0.033797793090343475,-0.06759558618068695,patch_matched_layer_random_01,Lenzie,71180_1993.txt_ceo_lastname_215,-1.2601493023872772,2,-3.9660732746124268,-7.9321465492248535,-1.2601493023872772,ceo_lastname
-1.773627758026123,-3.547255516052246,-0.033797793090343475,-0.06759558618068695,patch_matched_layer_random_02,Lenzie,71180_1993.txt_ceo_lastname_215,0.7499389902684409,2,-0.4688614308834076,-0.9377228617668152,0.7499389902684409,ceo_lastname
-1.773627758026123,-3.547255516052246,-0.033797793090343475,-0.06759558618068695,patch_matched_layer_random_03,Lenzie,71180_1993.txt_ceo_lastname_215,0.3475291770661136,2,-1.1689860820770264,-2.3379721641540527,0.3475291770661136,ceo_lastname
-1.773627758026123,-3.547255516052246,-0.033797793090343475,-0.06759558618068695,patch_matched_layer_random_04,Lenzie,71180_1993.txt_ceo_lastname_215,0.5293652287889021,2,-0.8526222705841064,-1.705244541168213,0.5293652287889021,ceo_lastname
-1.773627758026123,-3.547255516052246,-0.033797793090343475,-0.06759558618068695,patch_matched_layer_random_05,Lenzie,71180_1993.txt_ceo_lastname_215,0.6986881521300304,2,-0.5580291748046875,-1.116058349609375,0.6986881521300304,ceo_lastname
-1.773627758026123,-3.547255516052246,-0.033797793090343475,-0.06759558618068695,patch_matched_layer_random_06,Lenzie,71180_1993.txt_ceo_lastname_215,-0.8706522989161022,2,-3.288414716720581,-6.576829433441162,-0.8706522989161022,ceo_lastname
-1.773627758026123,-3.547255516052246,-0.033797793090343475,-0.06759558618068695,patch_matched_layer_random_07,Lenzie,71180_1993.txt_ceo_lastname_215,0.6367250555930798,2,-0.6658344268798828,-1.3316688537597656,0.6367250555930798,ceo_lastname
-1.773627758026123,-3.547255516052246,-0.033797793090343475,-0.06759558618068695,patch_matched_layer_random_08,Lenzie,71180_1993.txt_ceo_lastname_215,-1.6496272579151687,2,-4.643698692321777,-9.287397384643555,-1.6496272579151687,ceo_lastname
-1.773627758026123,-3.547255516052246,-0.033797793090343475,-0.06759558618068695,patch_matched_layer_random_09,Lenzie,71180_1993.txt_ceo_lastname_215,0.9489321043384495,2,-0.1226472482085228,-0.2452944964170456,0.9489321043384495,ceo_lastname
-1.773627758026123,-3.547255516052246,-0.033797793090343475,-0.06759558618068695,patch_matched_layer_random_10,Lenzie,71180_1993.txt_ceo_lastname_215,0.3802450474223343,2,-1.1120660305023193,-2.2241320610046387,0.3802450474223343,ceo_lastname
-1.773627758026123,-3.547255516052246,-0.033797793090343475,-0.06759558618068695,patch_matched_layer_random_11,Lenzie,71180_1993.txt_ceo_lastname_215,-0.2771710078569554,2,-2.2558581829071045,-4.511716365814209,-0.2771710078569554,ceo_lastname
-1.773627758026123,-3.547255516052246,-0.033797793090343475,-0.06759558618068695,patch_matched_layer_random_12,Lenzie,71180_1993.txt_ceo_lastname_215,0.33613980882040106,2,-1.188801646232605,-2.37760329246521,0.33613980882040106,ceo_lastname
-1.773627758026123,-3.547255516052246,-0.033797793090343475,-0.06759558618068695,patch_matched_layer_random_13,Lenzie,71180_1993.txt_ceo_lastname_215,0.6789340303304666,2,-0.5923979878425598,-1.1847959756851196,0.6789340303304666,ceo_lastname
-1.773627758026123,-3.547255516052246,-0.033797793090343475,-0.06759558618068695,patch_matched_layer_random_14,Lenzie,71180_1993.txt_ceo_lastname_215,-0.3491988183680328,2,-2.381174325942993,-4.762348651885986,-0.3491988183680328,ceo_lastname
-1.773627758026123,-3.547255516052246,-0.033797793090343475,-0.06759558618068695,patch_matched_layer_random_15,Lenzie,71180_1993.txt_ceo_lastname_215,-0.44196983911489585,2,-2.5425801277160645,-5.085160255432129,-0.44196983911489585,ceo_lastname
-1.773627758026123,-3.547255516052246,-0.033797793090343475,-0.06759558618068695,patch_matched_layer_random_16,Lenzie,71180_1993.txt_ceo_lastname_215,0.2544069341707919,2,-1.331002950668335,-2.66200590133667,0.2544069341707919,ceo_lastname
-1.773627758026123,-3.547255516052246,-0.033797793090343475,-0.06759558618068695,patch_matched_layer_random_17,Lenzie,71180_1993.txt_ceo_lastname_215,-0.12324409855811823,2,-1.9880515336990356,-3.9761030673980713,-0.12324409855811823,ceo_lastname
-1.773627758026123,-3.547255516052246,-0.033797793090343475,-0.06759558618068695,patch_matched_layer_random_18,Lenzie,71180_1993.txt_ceo_lastname_215,0.323281761926189,2,-1.2111724615097046,-2.422344923019409,0.323281761926189,ceo_lastname
-1.773627758026123,-3.547255516052246,-0.033797793090343475,-0.06759558618068695,patch_matched_layer_random_19,Lenzie,71180_1993.txt_ceo_lastname_215,0.7537186195251482,2,-0.46228551864624023,-0.9245710372924805,0.7537186195251482,ceo_lastname
-4.503047466278076,-9.006094932556152,-1.1443974472058471e-05,-2.2887948944116943e-05,patch_qr,Goode,40878_1993.txt_ceo_lastname_19,0.9991375348484618,2,-0.003895155619829893,-0.007790311239659786,0.9991375348484618,ceo_lastname
-4.503047466278076,-9.006094932556152,-1.1443974472058471e-05,-2.2887948944116943e-05,patch_bottom,Goode,40878_1993.txt_ceo_lastname_19,-0.1235640067988829,2,-5.059460639953613,-10.118921279907227,-0.1235640067988829,ceo_lastname
-4.503047466278076,-9.006094932556152,-1.1443974472058471e-05,-2.2887948944116943e-05,patch_same_layer,Goode,40878_1993.txt_ceo_lastname_19,-0.48032037947185524,2,-6.665947437286377,-13.331894874572754,-0.48032037947185524,ceo_lastname
-4.503047466278076,-9.006094932556152,-1.1443974472058471e-05,-2.2887948944116943e-05,patch_random_00,Goode,40878_1993.txt_ceo_lastname_19,0.018752585758830122,2,-4.418603897094727,-8.837207794189453,0.018752585758830122,ceo_lastname
-4.503047466278076,-9.006094932556152,-1.1443974472058471e-05,-2.2887948944116943e-05,patch_random_01,Goode,40878_1993.txt_ceo_lastname_19,0.400120780827207,2,-2.701289176940918,-5.402578353881836,0.400120780827207,ceo_lastname
-4.503047466278076,-9.006094932556152,-1.1443974472058471e-05,-2.2887948944116943e-05,patch_random_02,Goode,40878_1993.txt_ceo_lastname_19,-0.01231560034958987,2,-4.558505058288574,-9.117010116577148,-0.01231560034958987,ceo_lastname
-4.503047466278076,-9.006094932556152,-1.1443974472058471e-05,-2.2887948944116943e-05,patch_random_03,Goode,40878_1993.txt_ceo_lastname_19,0.18851912802224663,2,-3.6541390419006348,-7.3082780838012695,0.18851912802224663,ceo_lastname
-4.503047466278076,-9.006094932556152,-1.1443974472058471e-05,-2.2887948944116943e-05,patch_random_04,Goode,40878_1993.txt_ceo_lastname_19,0.5560997393737983,2,-1.9989103078842163,-3.9978206157684326,0.5560997393737983,ceo_lastname
-4.503047466278076,-9.006094932556152,-1.1443974472058471e-05,-2.2887948944116943e-05,patch_random_05,Goode,40878_1993.txt_ceo_lastname_19,0.18938553939650477,2,-3.650237560272217,-7.300475120544434,0.18938553939650477,ceo_lastname
-4.503047466278076,-9.006094932556152,-1.1443974472058471e-05,-2.2887948944116943e-05,patch_random_06,Goode,40878_1993.txt_ceo_lastname_19,0.06196027320493687,2,-4.224038124084473,-8.448076248168945,0.06196027320493687,ceo_lastname
-4.503047466278076,-9.006094932556152,-1.1443974472058471e-05,-2.2887948944116943e-05,patch_random_07,Goode,40878_1993.txt_ceo_lastname_19,0.28134395630740766,2,-3.236145496368408,-6.472290992736816,0.28134395630740766,ceo_lastname
-4.503047466278076,-9.006094932556152,-1.1443974472058471e-05,-2.2887948944116943e-05,patch_random_08,Goode,40878_1993.txt_ceo_lastname_19,0.08778128057744397,2,-4.107765197753906,-8.215530395507812,0.08778128057744397,ceo_lastname
-4.503047466278076,-9.006094932556152,-1.1443974472058471e-05,-2.2887948944116943e-05,patch_random_09,Goode,40878_1993.txt_ceo_lastname_19,-0.02573269313562965,2,-4.618922710418701,-9.237845420837402,-0.02573269313562965,ceo_lastname
-4.503047466278076,-9.006094932556152,-1.1443974472058471e-05,-2.2887948944116943e-05,patch_random_10,Goode,40878_1993.txt_ceo_lastname_19,-0.38116996455106916,2,-6.2194695472717285,-12.438939094543457,-0.38116996455106916,ceo_lastname
-4.503047466278076,-9.006094932556152,-1.1443974472058471e-05,-2.2887948944116943e-05,patch_random_11,Goode,40878_1993.txt_ceo_lastname_19,0.0418612659570219,2,-4.314544677734375,-8.62908935546875,0.0418612659570219,ceo_lastname
-4.503047466278076,-9.006094932556152,-1.1443974472058471e-05,-2.2887948944116943e-05,patch_random_12,Goode,40878_1993.txt_ceo_lastname_19,0.18680287742969118,2,-3.661867380142212,-7.323734760284424,0.18680287742969118,ceo_lastname
-4.503047466278076,-9.006094932556152,-1.1443974472058471e-05,-2.2887948944116943e-05,patch_random_13,Goode,40878_1993.txt_ceo_lastname_19,-0.5134135453786055,2,-6.814967155456543,-13.629934310913086,-0.5134135453786055,ceo_lastname
-4.503047466278076,-9.006094932556152,-1.1443974472058471e-05,-2.2887948944116943e-05,patch_random_14,Goode,40878_1993.txt_ceo_lastname_19,-0.16736723293587547,2,-5.256708145141602,-10.513416290283203,-0.16736723293587547,ceo_lastname
-4.503047466278076,-9.006094932556152,-1.1443974472058471e-05,-2.2887948944116943e-05,patch_random_15,Goode,40878_1993.txt_ceo_lastname_19,-0.44679167824582805,2,-6.5149664878845215,-13.029932975769043,-0.44679167824582805,ceo_lastname
-4.503047466278076,-9.006094932556152,-1.1443974472058471e-05,-2.2887948944116943e-05,patch_random_16,Goode,40878_1993.txt_ceo_lastname_19,-0.0969473241555159,2,-4.939604759216309,-9.879209518432617,-0.0969473241555159,ceo_lastname
-4.503047466278076,-9.006094932556152,-1.1443974472058471e-05,-2.2887948944116943e-05,patch_random_17,Goode,40878_1993.txt_ceo_lastname_19,0.3859537053281162,2,-2.7650840282440186,-5.530168056488037,0.3859537053281162,ceo_lastname
-4.503047466278076,-9.006094932556152,-1.1443974472058471e-05,-2.2887948944116943e-05,patch_random_18,Goode,40878_1993.txt_ceo_lastname_19,0.6937948976851285,2,-1.378864049911499,-2.757728099822998,0.6937948976851285,ceo_lastname
-4.503047466278076,-9.006094932556152,-1.1443974472058471e-05,-2.2887948944116943e-05,patch_random_19,Goode,40878_1993.txt_ceo_lastname_19,-0.36144825181873497,2,-6.130661964416504,-12.261323928833008,-0.36144825181873497,ceo_lastname
-4.503047466278076,-9.006094932556152,-1.1443974472058471e-05,-2.2887948944116943e-05,patch_matched_layer_random_00,Goode,40878_1993.txt_ceo_lastname_19,0.472824046789567,2,-2.373903751373291,-4.747807502746582,0.472824046789567,ceo_lastname
-4.503047466278076,-9.006094932556152,-1.1443974472058471e-05,-2.2887948944116943e-05,patch_matched_layer_random_01,Goode,40878_1993.txt_ceo_lastname_19,-0.9191753186670818,2,-8.64212703704834,-17.28425407409668,-0.9191753186670818,ceo_lastname
-4.503047466278076,-9.006094932556152,-1.1443974472058471e-05,-2.2887948944116943e-05,patch_matched_layer_random_02,Goode,40878_1993.txt_ceo_lastname_19,0.07258170152119064,2,-4.176209449768066,-8.352418899536133,0.07258170152119064,ceo_lastname
-4.503047466278076,-9.006094932556152,-1.1443974472058471e-05,-2.2887948944116943e-05,patch_matched_layer_random_03,Goode,40878_1993.txt_ceo_lastname_19,0.2952051616947232,2,-3.1737279891967773,-6.347455978393555,0.2952051616947232,ceo_lastname
-4.503047466278076,-9.006094932556152,-1.1443974472058471e-05,-2.2887948944116943e-05,patch_matched_layer_random_04,Goode,40878_1993.txt_ceo_lastname_19,0.012670445682655017,2,-4.4459919929504395,-8.891983985900879,0.012670445682655017,ceo_lastname
-4.503047466278076,-9.006094932556152,-1.1443974472058471e-05,-2.2887948944116943e-05,patch_matched_layer_random_05,Goode,40878_1993.txt_ceo_lastname_19,0.8545300649924742,2,-0.6550678014755249,-1.3101356029510498,0.8545300649924742,ceo_lastname
-4.503047466278076,-9.006094932556152,-1.1443974472058471e-05,-2.2887948944116943e-05,patch_matched_layer_random_06,Goode,40878_1993.txt_ceo_lastname_19,-0.5222996095294544,2,-6.854981422424316,-13.709962844848633,-0.5222996095294544,ceo_lastname
-4.503047466278076,-9.006094932556152,-1.1443974472058471e-05,-2.2887948944116943e-05,patch_matched_layer_random_07,Goode,40878_1993.txt_ceo_lastname_19,0.8329418933402336,2,-0.7522801160812378,-1.5045602321624756,0.8329418933402336,ceo_lastname
-4.503047466278076,-9.006094932556152,-1.1443974472058471e-05,-2.2887948944116943e-05,patch_matched_layer_random_08,Goode,40878_1993.txt_ceo_lastname_19,-0.6683034803153565,2,-7.512442111968994,-15.024884223937988,-0.6683034803153565,ceo_lastname
-4.503047466278076,-9.006094932556152,-1.1443974472058471e-05,-2.2887948944116943e-05,patch_matched_layer_random_09,Goode,40878_1993.txt_ceo_lastname_19,0.5733092879848839,2,-1.921415090560913,-3.842830181121826,0.5733092879848839,ceo_lastname
-4.503047466278076,-9.006094932556152,-1.1443974472058471e-05,-2.2887948944116943e-05,patch_matched_layer_random_10,Goode,40878_1993.txt_ceo_lastname_19,0.3192613668228664,2,-3.065402030944824,-6.130804061889648,0.3192613668228664,ceo_lastname
-4.503047466278076,-9.006094932556152,-1.1443974472058471e-05,-2.2887948944116943e-05,patch_matched_layer_random_11,Goode,40878_1993.txt_ceo_lastname_19,-0.25178113613597786,2,-5.636826992034912,-11.273653984069824,-0.25178113613597786,ceo_lastname
-4.503047466278076,-9.006094932556152,-1.1443974472058471e-05,-2.2887948944116943e-05,patch_matched_layer_random_12,Goode,40878_1993.txt_ceo_lastname_19,0.2559904637500252,2,-3.350313186645508,-6.700626373291016,0.2559904637500252,ceo_lastname
-4.503047466278076,-9.006094932556152,-1.1443974472058471e-05,-2.2887948944116943e-05,patch_matched_layer_random_13,Goode,40878_1993.txt_ceo_lastname_19,0.6928862617281907,2,-1.3829556703567505,-2.765911340713501,0.6928862617281907,ceo_lastname
-4.503047466278076,-9.006094932556152,-1.1443974472058471e-05,-2.2887948944116943e-05,patch_matched_layer_random_14,Goode,40878_1993.txt_ceo_lastname_19,0.013827955183023596,2,-4.440779685974121,-8.881559371948242,0.013827955183023596,ceo_lastname
-4.503047466278076,-9.006094932556152,-1.1443974472058471e-05,-2.2887948944116943e-05,patch_matched_layer_random_15,Goode,40878_1993.txt_ceo_lastname_19,-0.8924929827540936,2,-8.52197551727295,-17.0439510345459,-0.8924929827540936,ceo_lastname
-4.503047466278076,-9.006094932556152,-1.1443974472058471e-05,-2.2887948944116943e-05,patch_matched_layer_random_16,Goode,40878_1993.txt_ceo_lastname_19,0.21022695805299024,2,-3.5563879013061523,-7.112775802612305,0.21022695805299024,ceo_lastname
-4.503047466278076,-9.006094932556152,-1.1443974472058471e-05,-2.2887948944116943e-05,patch_matched_layer_random_17,Goode,40878_1993.txt_ceo_lastname_19,-0.30687619518595216,2,-5.884922027587891,-11.769844055175781,-0.30687619518595216,ceo_lastname
-4.503047466278076,-9.006094932556152,-1.1443974472058471e-05,-2.2887948944116943e-05,patch_matched_layer_random_18,Goode,40878_1993.txt_ceo_lastname_19,0.5850958235790793,2,-1.8683398962020874,-3.736679792404175,0.5850958235790793,ceo_lastname
-4.503047466278076,-9.006094932556152,-1.1443974472058471e-05,-2.2887948944116943e-05,patch_matched_layer_random_19,Goode,40878_1993.txt_ceo_lastname_19,0.8487494004947045,2,-0.6810983419418335,-1.362196683883667,0.8487494004947045,ceo_lastname
-3.280275583267212,-6.560551166534424,-0.009099271148443222,-0.018198542296886444,patch_qr,Peterson,865227_1993.txt_ceo_lastname_51,0.9885920733796397,2,-0.04641661047935486,-0.09283322095870972,0.9885920733796397,ceo_lastname
-3.280275583267212,-6.560551166534424,-0.009099271148443222,-0.018198542296886444,patch_bottom,Peterson,865227_1993.txt_ceo_lastname_51,-0.2368330963053905,2,-4.054998397827148,-8.109996795654297,-0.2368330963053905,ceo_lastname
-3.280275583267212,-6.560551166534424,-0.009099271148443222,-0.018198542296886444,patch_same_layer,Peterson,865227_1993.txt_ceo_lastname_51,0.6552817962739208,2,-1.1367332935333252,-2.2734665870666504,0.6552817962739208,ceo_lastname
-3.280275583267212,-6.560551166534424,-0.009099271148443222,-0.018198542296886444,patch_random_00,Peterson,865227_1993.txt_ceo_lastname_51,0.6929794561313513,2,-1.0134176015853882,-2.0268352031707764,0.6929794561313513,ceo_lastname
-3.280275583267212,-6.560551166534424,-0.009099271148443222,-0.018198542296886444,patch_random_01,Peterson,865227_1993.txt_ceo_lastname_51,0.5045109814722009,2,-1.6299312114715576,-3.2598624229431152,0.5045109814722009,ceo_lastname
-3.280275583267212,-6.560551166534424,-0.009099271148443222,-0.018198542296886444,patch_random_02,Peterson,865227_1993.txt_ceo_lastname_51,0.029977680040332095,2,-3.182213306427002,-6.364426612854004,0.029977680040332095,ceo_lastname
-3.280275583267212,-6.560551166534424,-0.009099271148443222,-0.018198542296886444,patch_random_03,Peterson,865227_1993.txt_ceo_lastname_51,0.17840036969378095,2,-2.6966965198516846,-5.393393039703369,0.17840036969378095,ceo_lastname
-3.280275583267212,-6.560551166534424,-0.009099271148443222,-0.018198542296886444,patch_random_04,Peterson,865227_1993.txt_ceo_lastname_51,0.49399110093084475,2,-1.6643435955047607,-3.3286871910095215,0.49399110093084475,ceo_lastname
-3.280275583267212,-6.560551166534424,-0.009099271148443222,-0.018198542296886444,patch_random_05,Peterson,865227_1993.txt_ceo_lastname_51,0.24710254514890198,2,-2.4719595909118652,-4.9439191818237305,0.24710254514890198,ceo_lastname
-3.280275583267212,-6.560551166534424,-0.009099271148443222,-0.018198542296886444,patch_random_06,Peterson,865227_1993.txt_ceo_lastname_51,0.2007720979703552,2,-2.6235146522521973,-5.2470293045043945,0.2007720979703552,ceo_lastname
-3.280275583267212,-6.560551166534424,-0.009099271148443222,-0.018198542296886444,patch_random_07,Peterson,865227_1993.txt_ceo_lastname_51,0.3229695743947437,2,-2.223785161972046,-4.447570323944092,0.3229695743947437,ceo_lastname
-3.280275583267212,-6.560551166534424,-0.009099271148443222,-0.018198542296886444,patch_random_08,Peterson,865227_1993.txt_ceo_lastname_51,0.021982669952041494,2,-3.2083663940429688,-6.4167327880859375,0.021982669952041494,ceo_lastname
-3.280275583267212,-6.560551166534424,-0.009099271148443222,-0.018198542296886444,patch_random_09,Peterson,865227_1993.txt_ceo_lastname_51,0.017868330795077537,2,-3.221825122833252,-6.443650245666504,0.017868330795077537,ceo_lastname
-3.280275583267212,-6.560551166534424,-0.009099271148443222,-0.018198542296886444,patch_random_10,Peterson,865227_1993.txt_ceo_lastname_51,-0.19338975634891029,2,-3.9128875732421875,-7.825775146484375,-0.19338975634891029,ceo_lastname
-3.280275583267212,-6.560551166534424,-0.009099271148443222,-0.018198542296886444,patch_random_11,Peterson,865227_1993.txt_ceo_lastname_51,0.5716399415029982,2,-1.4103405475616455,-2.820681095123291,0.5716399415029982,ceo_lastname
-3.280275583267212,-6.560551166534424,-0.009099271148443222,-0.018198542296886444,patch_random_12,Peterson,865227_1993.txt_ceo_lastname_51,0.3652147633963731,2,-2.0855937004089355,-4.171187400817871,0.3652147633963731,ceo_lastname
-3.280275583267212,-6.560551166534424,-0.009099271148443222,-0.018198542296886444,patch_random_13,Peterson,865227_1993.txt_ceo_lastname_51,-0.7271919172322237,2,-5.659048557281494,-11.318097114562988,-0.7271919172322237,ceo_lastname
-3.280275583267212,-6.560551166534424,-0.009099271148443222,-0.018198542296886444,patch_random_14,Peterson,865227_1993.txt_ceo_lastname_51,0.11204231073053372,2,-2.9137654304504395,-5.827530860900879,0.11204231073053372,ceo_lastname
-3.280275583267212,-6.560551166534424,-0.009099271148443222,-0.018198542296886444,patch_random_15,Peterson,865227_1993.txt_ceo_lastname_51,-0.1512950741738377,2,-3.775188446044922,-7.550376892089844,-0.1512950741738377,ceo_lastname
-3.280275583267212,-6.560551166534424,-0.009099271148443222,-0.018198542296886444,patch_random_16,Peterson,865227_1993.txt_ceo_lastname_51,0.14693103216564685,2,-2.799638271331787,-5.599276542663574,0.14693103216564685,ceo_lastname
-3.280275583267212,-6.560551166534424,-0.009099271148443222,-0.018198542296886444,patch_random_17,Peterson,865227_1993.txt_ceo_lastname_51,0.3481014448125797,2,-2.1415743827819824,-4.283148765563965,0.3481014448125797,ceo_lastname
-3.280275583267212,-6.560551166534424,-0.009099271148443222,-0.018198542296886444,patch_random_18,Peterson,865227_1993.txt_ceo_lastname_51,0.8329011703744964,2,-0.5557090044021606,-1.1114180088043213,0.8329011703744964,ceo_lastname
-3.280275583267212,-6.560551166534424,-0.009099271148443222,-0.018198542296886444,patch_random_19,Peterson,865227_1993.txt_ceo_lastname_51,-0.8922596415175883,2,-6.199014186859131,-12.398028373718262,-0.8922596415175883,ceo_lastname
-3.280275583267212,-6.560551166534424,-0.009099271148443222,-0.018198542296886444,patch_matched_layer_random_00,Peterson,865227_1993.txt_ceo_lastname_51,0.894404345574857,2,-0.3545212745666504,-0.7090425491333008,0.894404345574857,ceo_lastname
-3.280275583267212,-6.560551166534424,-0.009099271148443222,-0.018198542296886444,patch_matched_layer_random_01,Peterson,865227_1993.txt_ceo_lastname_51,-1.5023137355455551,2,-8.194608688354492,-16.389217376708984,-1.5023137355455551,ceo_lastname
-3.280275583267212,-6.560551166534424,-0.009099271148443222,-0.018198542296886444,patch_matched_layer_random_02,Peterson,865227_1993.txt_ceo_lastname_51,0.5064278480767739,2,-1.6236608028411865,-3.247321605682373,0.5064278480767739,ceo_lastname
-3.280275583267212,-6.560551166534424,-0.009099271148443222,-0.018198542296886444,patch_matched_layer_random_03,Peterson,865227_1993.txt_ceo_lastname_51,0.30594123932657513,2,-2.2794878482818604,-4.558975696563721,0.30594123932657513,ceo_lastname
-3.280275583267212,-6.560551166534424,-0.009099271148443222,-0.018198542296886444,patch_matched_layer_random_04,Peterson,865227_1993.txt_ceo_lastname_51,0.6622504809974854,2,-1.113937497138977,-2.227874994277954,0.6622504809974854,ceo_lastname
-3.280275583267212,-6.560551166534424,-0.009099271148443222,-0.018198542296886444,patch_matched_layer_random_05,Peterson,865227_1993.txt_ceo_lastname_51,0.5680246436251792,2,-1.4221668243408203,-2.8443336486816406,0.5680246436251792,ceo_lastname
-3.280275583267212,-6.560551166534424,-0.009099271148443222,-0.018198542296886444,patch_matched_layer_random_06,Peterson,865227_1993.txt_ceo_lastname_51,-1.0116027359330453,2,-6.589406490325928,-13.178812980651855,-1.0116027359330453,ceo_lastname
-3.280275583267212,-6.560551166534424,-0.009099271148443222,-0.018198542296886444,patch_matched_layer_random_07,Peterson,865227_1993.txt_ceo_lastname_51,-0.22250644987974344,2,-4.008133411407471,-8.016266822814941,-0.22250644987974344,ceo_lastname
-3.280275583267212,-6.560551166534424,-0.009099271148443222,-0.018198542296886444,patch_matched_layer_random_08,Peterson,865227_1993.txt_ceo_lastname_51,-1.1948390029353215,2,-7.188804626464844,-14.377609252929688,-1.1948390029353215,ceo_lastname
-3.280275583267212,-6.560551166534424,-0.009099271148443222,-0.018198542296886444,patch_matched_layer_random_09,Peterson,865227_1993.txt_ceo_lastname_51,0.791194125273052,2,-0.6921401023864746,-1.3842802047729492,0.791194125273052,ceo_lastname
-3.280275583267212,-6.560551166534424,-0.009099271148443222,-0.018198542296886444,patch_matched_layer_random_10,Peterson,865227_1993.txt_ceo_lastname_51,0.1524915487814678,2,-2.7814488410949707,-5.562897682189941,0.1524915487814678,ceo_lastname
-3.280275583267212,-6.560551166534424,-0.009099271148443222,-0.018198542296886444,patch_matched_layer_random_11,Peterson,865227_1993.txt_ceo_lastname_51,-0.7589672974551335,2,-5.762991428375244,-11.525982856750488,-0.7589672974551335,ceo_lastname
-3.280275583267212,-6.560551166534424,-0.009099271148443222,-0.018198542296886444,patch_matched_layer_random_12,Peterson,865227_1993.txt_ceo_lastname_51,-0.24615504454588105,2,-4.085492134094238,-8.170984268188477,-0.24615504454588105,ceo_lastname
-3.280275583267212,-6.560551166534424,-0.009099271148443222,-0.018198542296886444,patch_matched_layer_random_13,Peterson,865227_1993.txt_ceo_lastname_51,0.31597308417271364,2,-2.2466719150543213,-4.493343830108643,0.31597308417271364,ceo_lastname
-3.280275583267212,-6.560551166534424,-0.009099271148443222,-0.018198542296886444,patch_matched_layer_random_14,Peterson,865227_1993.txt_ceo_lastname_51,-0.5450347805321265,2,-5.063180446624756,-10.126360893249512,-0.5450347805321265,ceo_lastname
-3.280275583267212,-6.560551166534424,-0.009099271148443222,-0.018198542296886444,patch_matched_layer_random_15,Peterson,865227_1993.txt_ceo_lastname_51,-0.5657583679520767,2,-5.1309709548950195,-10.261941909790039,-0.5657583679520767,ceo_lastname
-3.280275583267212,-6.560551166534424,-0.009099271148443222,-0.018198542296886444,patch_matched_layer_random_16,Peterson,865227_1993.txt_ceo_lastname_51,0.6405401081418197,2,-1.1849559545516968,-2.3699119091033936,0.6405401081418197,ceo_lastname
-3.280275583267212,-6.560551166534424,-0.009099271148443222,-0.018198542296886444,patch_matched_layer_random_17,Peterson,865227_1993.txt_ceo_lastname_51,0.44140467169385966,2,-1.8363630771636963,-3.6727261543273926,0.44140467169385966,ceo_lastname
-3.280275583267212,-6.560551166534424,-0.009099271148443222,-0.018198542296886444,patch_matched_layer_random_18,Peterson,865227_1993.txt_ceo_lastname_51,0.34801281706386633,2,-2.14186429977417,-4.28372859954834,0.34801281706386633,ceo_lastname
-3.280275583267212,-6.560551166534424,-0.009099271148443222,-0.018198542296886444,patch_matched_layer_random_19,Peterson,865227_1993.txt_ceo_lastname_51,0.9172043441239968,2,-0.2799384593963623,-0.5598769187927246,0.9172043441239968,ceo_lastname
-2.7609922885894775,-5.521984577178955,-0.005397643893957138,-0.010795287787914276,patch_qr,Peterson,859257_1993.txt_ceo_lastname_146,0.9943982582219676,2,-0.020833773538470268,-0.041667547076940536,0.9943982582219676,ceo_lastname
-2.7609922885894775,-5.521984577178955,-0.005397643893957138,-0.010795287787914276,patch_bottom,Peterson,859257_1993.txt_ceo_lastname_146,-0.17263802079684257,2,-3.236712694168091,-6.473425388336182,-0.17263802079684257,ceo_lastname
-2.7609922885894775,-5.521984577178955,-0.005397643893957138,-0.010795287787914276,patch_same_layer,Peterson,859257_1993.txt_ceo_lastname_146,0.6475182939370208,2,-0.9766943454742432,-1.9533886909484863,0.6475182939370208,ceo_lastname
-2.7609922885894775,-5.521984577178955,-0.005397643893957138,-0.010795287787914276,patch_random_00,Peterson,859257_1993.txt_ceo_lastname_146,0.6939420877244166,2,-0.8487691879272461,-1.6975383758544922,0.6939420877244166,ceo_lastname
-2.7609922885894775,-5.521984577178955,-0.005397643893957138,-0.010795287787914276,patch_random_01,Peterson,859257_1993.txt_ceo_lastname_146,0.6141680503539205,2,-1.0685940980911255,-2.137188196182251,0.6141680503539205,ceo_lastname
-2.7609922885894775,-5.521984577178955,-0.005397643893957138,-0.010795287787914276,patch_random_02,Peterson,859257_1993.txt_ceo_lastname_146,0.01134921709842623,2,-2.7297184467315674,-5.459436893463135,0.01134921709842623,ceo_lastname
-2.7609922885894775,-5.521984577178955,-0.005397643893957138,-0.010795287787914276,patch_random_03,Peterson,859257_1993.txt_ceo_lastname_146,0.25375387908469105,2,-2.0617494583129883,-4.123498916625977,0.25375387908469105,ceo_lastname
-2.7609922885894775,-5.521984577178955,-0.005397643893957138,-0.010795287787914276,patch_random_04,Peterson,859257_1993.txt_ceo_lastname_146,0.5319220896118052,2,-1.2952306270599365,-2.590461254119873,0.5319220896118052,ceo_lastname
-2.7609922885894775,-5.521984577178955,-0.005397643893957138,-0.010795287787914276,patch_random_05,Peterson,859257_1993.txt_ceo_lastname_146,0.18529682950019805,2,-2.250389337539673,-4.500778675079346,0.18529682950019805,ceo_lastname
-2.7609922885894775,-5.521984577178955,-0.005397643893957138,-0.010795287787914276,patch_random_06,Peterson,859257_1993.txt_ceo_lastname_146,0.24332248358675962,2,-2.090494155883789,-4.180988311767578,0.24332248358675962,ceo_lastname
-2.7609922885894775,-5.521984577178955,-0.005397643893957138,-0.010795287787914276,patch_random_07,Peterson,859257_1993.txt_ceo_lastname_146,0.3611631026204628,2,-1.7657731771469116,-3.5315463542938232,0.3611631026204628,ceo_lastname
-2.7609922885894775,-5.521984577178955,-0.005397643893957138,-0.010795287787914276,patch_random_08,Peterson,859257_1993.txt_ceo_lastname_146,-0.07251257860787094,2,-2.9608075618743896,-5.921615123748779,-0.07251257860787094,ceo_lastname
-2.7609922885894775,-5.521984577178955,-0.005397643893957138,-0.010795287787914276,patch_random_09,Peterson,859257_1993.txt_ceo_lastname_146,0.028498153043418094,2,-2.6824629306793213,-5.364925861358643,0.028498153043418094,ceo_lastname
-2.7609922885894775,-5.521984577178955,-0.005397643893957138,-0.010795287787914276,patch_random_10,Peterson,859257_1993.txt_ceo_lastname_146,-0.27069481699729325,2,-3.5069174766540527,-7.0138349533081055,-0.27069481699729325,ceo_lastname
-2.7609922885894775,-5.521984577178955,-0.005397643893957138,-0.010795287787914276,patch_random_11,Peterson,859257_1993.txt_ceo_lastname_146,0.5843285522621925,2,-1.1508196592330933,-2.3016393184661865,0.5843285522621925,ceo_lastname
-2.7609922885894775,-5.521984577178955,-0.005397643893957138,-0.010795287787914276,patch_random_12,Peterson,859257_1993.txt_ceo_lastname_146,0.3260832048503817,2,-1.8624391555786133,-3.7248783111572266,0.3260832048503817,ceo_lastname
-2.7609922885894775,-5.521984577178955,-0.005397643893957138,-0.010795287787914276,patch_random_13,Peterson,859257_1993.txt_ceo_lastname_146,-0.7860706804368297,2,-4.927084445953369,-9.854168891906738,-0.7860706804368297,ceo_lastname
-2.7609922885894775,-5.521984577178955,-0.005397643893957138,-0.010795287787914276,patch_random_14,Peterson,859257_1993.txt_ceo_lastname_146,0.16111550084530632,2,-2.317023277282715,-4.63404655456543,0.16111550084530632,ceo_lastname
-2.7609922885894775,-5.521984577178955,-0.005397643893957138,-0.010795287787914276,patch_random_15,Peterson,859257_1993.txt_ceo_lastname_146,-0.2362547900460715,2,-3.4120147228240967,-6.824029445648193,-0.2362547900460715,ceo_lastname
-2.7609922885894775,-5.521984577178955,-0.005397643893957138,-0.010795287787914276,patch_random_16,Peterson,859257_1993.txt_ceo_lastname_146,0.22178144942288408,2,-2.1498525142669678,-4.2997050285339355,0.22178144942288408,ceo_lastname
-2.7609922885894775,-5.521984577178955,-0.005397643893957138,-0.010795287787914276,patch_random_17,Peterson,859257_1993.txt_ceo_lastname_146,0.3608158912627341,2,-1.7667299509048462,-3.5334599018096924,0.3608158912627341,ceo_lastname
-2.7609922885894775,-5.521984577178955,-0.005397643893957138,-0.010795287787914276,patch_random_18,Peterson,859257_1993.txt_ceo_lastname_146,0.8239221260320098,2,-0.4905968904495239,-0.9811937808990479,0.8239221260320098,ceo_lastname
-2.7609922885894775,-5.521984577178955,-0.005397643893957138,-0.010795287787914276,patch_random_19,Peterson,859257_1993.txt_ceo_lastname_146,-0.9022721901840911,2,-5.247288703918457,-10.494577407836914,-0.9022721901840911,ceo_lastname
-2.7609922885894775,-5.521984577178955,-0.005397643893957138,-0.010795287787914276,patch_matched_layer_random_00,Peterson,859257_1993.txt_ceo_lastname_146,0.8596095138956498,2,-0.3922569155693054,-0.7845138311386108,0.8596095138956498,ceo_lastname
-2.7609922885894775,-5.521984577178955,-0.005397643893957138,-0.010795287787914276,patch_matched_layer_random_01,Peterson,859257_1993.txt_ceo_lastname_146,-1.978464738452066,2,-8.212839126586914,-16.425678253173828,-1.978464738452066,ceo_lastname
-2.7609922885894775,-5.521984577178955,-0.005397643893957138,-0.010795287787914276,patch_matched_layer_random_02,Peterson,859257_1993.txt_ceo_lastname_146,0.45225737233861535,2,-1.514754295349121,-3.029508590698242,0.45225737233861535,ceo_lastname
-2.7609922885894775,-5.521984577178955,-0.005397643893957138,-0.010795287787914276,patch_matched_layer_random_03,Peterson,859257_1993.txt_ceo_lastname_146,0.3108612357017153,2,-1.904384732246399,-3.808769464492798,0.3108612357017153,ceo_lastname
-2.7609922885894775,-5.521984577178955,-0.005397643893957138,-0.010795287787914276,patch_matched_layer_random_04,Peterson,859257_1993.txt_ceo_lastname_146,0.5947357216997791,2,-1.122141718864441,-2.244283437728882,0.5947357216997791,ceo_lastname
-2.7609922885894775,-5.521984577178955,-0.005397643893957138,-0.010795287787914276,patch_matched_layer_random_05,Peterson,859257_1993.txt_ceo_lastname_146,0.7846605939422912,2,-0.5987857580184937,-1.1975715160369873,0.7846605939422912,ceo_lastname
-2.7609922885894775,-5.521984577178955,-0.005397643893957138,-0.010795287787914276,patch_matched_layer_random_06,Peterson,859257_1993.txt_ceo_lastname_146,-1.2895399543467192,2,-6.314441680908203,-12.628883361816406,-1.2895399543467192,ceo_lastname
-2.7609922885894775,-5.521984577178955,-0.005397643893957138,-0.010795287787914276,patch_matched_layer_random_07,Peterson,859257_1993.txt_ceo_lastname_146,0.13670956200235987,2,-2.3842761516571045,-4.768552303314209,0.13670956200235987,ceo_lastname
-2.7609922885894775,-5.521984577178955,-0.005397643893957138,-0.010795287787914276,patch_matched_layer_random_08,Peterson,859257_1993.txt_ceo_lastname_146,-1.6390477695527914,2,-7.277543544769287,-14.555087089538574,-1.6390477695527914,ceo_lastname
-2.7609922885894775,-5.521984577178955,-0.005397643893957138,-0.010795287787914276,patch_matched_layer_random_09,Peterson,859257_1993.txt_ceo_lastname_146,0.8392658960251422,2,-0.44831568002700806,-0.8966313600540161,0.8392658960251422,ceo_lastname
-2.7609922885894775,-5.521984577178955,-0.005397643893957138,-0.010795287787914276,patch_matched_layer_random_10,Peterson,859257_1993.txt_ceo_lastname_146,0.1263639959753646,2,-2.4127843379974365,-4.825568675994873,0.1263639959753646,ceo_lastname
-2.7609922885894775,-5.521984577178955,-0.005397643893957138,-0.010795287787914276,patch_matched_layer_random_11,Peterson,859257_1993.txt_ceo_lastname_146,-0.9052622051605145,2,-5.255527973175049,-10.511055946350098,-0.9052622051605145,ceo_lastname
-2.7609922885894775,-5.521984577178955,-0.005397643893957138,-0.010795287787914276,patch_matched_layer_random_12,Peterson,859257_1993.txt_ceo_lastname_146,-0.2408263341547955,2,-3.424612045288086,-6.849224090576172,-0.2408263341547955,ceo_lastname
-2.7609922885894775,-5.521984577178955,-0.005397643893957138,-0.010795287787914276,patch_matched_layer_random_13,Peterson,859257_1993.txt_ceo_lastname_146,0.3937294168472958,2,-1.676033616065979,-3.352067232131958,0.3937294168472958,ceo_lastname
-2.7609922885894775,-5.521984577178955,-0.005397643893957138,-0.010795287787914276,patch_matched_layer_random_14,Peterson,859257_1993.txt_ceo_lastname_146,-0.5676184108351974,2,-4.325118541717529,-8.650237083435059,-0.5676184108351974,ceo_lastname
-2.7609922885894775,-5.521984577178955,-0.005397643893957138,-0.010795287787914276,patch_matched_layer_random_15,Peterson,859257_1993.txt_ceo_lastname_146,-0.7928347695284099,2,-4.945723533630371,-9.891447067260742,-0.7928347695284099,ceo_lastname
-2.7609922885894775,-5.521984577178955,-0.005397643893957138,-0.010795287787914276,patch_matched_layer_random_16,Peterson,859257_1993.txt_ceo_lastname_146,0.5225351401404926,2,-1.3210972547531128,-2.6421945095062256,0.5225351401404926,ceo_lastname
-2.7609922885894775,-5.521984577178955,-0.005397643893957138,-0.010795287787914276,patch_matched_layer_random_17,Peterson,859257_1993.txt_ceo_lastname_146,0.3005724711340644,2,-1.9327363967895508,-3.8654727935791016,0.3005724711340644,ceo_lastname
-2.7609922885894775,-5.521984577178955,-0.005397643893957138,-0.010795287787914276,patch_matched_layer_random_18,Peterson,859257_1993.txt_ceo_lastname_146,0.21967655086548987,2,-2.1556527614593506,-4.311305522918701,0.21967655086548987,ceo_lastname
-2.7609922885894775,-5.521984577178955,-0.005397643893957138,-0.010795287787914276,patch_matched_layer_random_19,Peterson,859257_1993.txt_ceo_lastname_146,0.9342397475958153,2,-0.1866062432527542,-0.3732124865055084,0.9342397475958153,ceo_lastname
-2.305251121520996,-6.91575288772583,-9.695548214949667e-06,-2.90866428258596e-05,patch_qr,257,18497_1993.txt_employees_count_total_34,0.9352483050729606,3,-0.14927798509597778,-0.44783395528793335,0.9352483006081039,employees_count_total
-2.305251121520996,-6.91575288772583,-9.695548214949667e-06,-2.90866428258596e-05,patch_bottom,257,18497_1993.txt_employees_count_total_34,-0.16023029200946642,3,-2.6746206283569336,-8.0238618850708,-0.16023037200696774,employees_count_total
-2.305251121520996,-6.91575288772583,-9.695548214949667e-06,-2.90866428258596e-05,patch_same_layer,257,18497_1993.txt_employees_count_total_34,-0.1308635088770461,3,-2.6069231033325195,-7.820769309997559,-0.1308635868497239,employees_count_total
-2.305251121520996,-6.91575288772583,-9.695548214949667e-06,-2.90866428258596e-05,patch_random_00,257,18497_1993.txt_employees_count_total_34,0.001208619402718367,3,-2.3024649620056152,-6.907394886016846,0.0012085505363408976,employees_count_total
-2.305251121520996,-6.91575288772583,-9.695548214949667e-06,-2.90866428258596e-05,patch_random_01,257,18497_1993.txt_employees_count_total_34,0.028782641220170345,3,-2.2389001846313477,-6.716700077056885,0.028782643204717573,employees_count_total
-2.305251121520996,-6.91575288772583,-9.695548214949667e-06,-2.90866428258596e-05,patch_random_02,257,18497_1993.txt_employees_count_total_34,0.46246674466653076,3,-1.2391536235809326,-3.717460870742798,0.46246670760364644,employees_count_total
-2.305251121520996,-6.91575288772583,-9.695548214949667e-06,-2.90866428258596e-05,patch_random_03,257,18497_1993.txt_employees_count_total_34,0.160847840054446,3,-1.9344580173492432,-5.80337381362915,0.16084781666996026,employees_count_total
-2.305251121520996,-6.91575288772583,-9.695548214949667e-06,-2.90866428258596e-05,patch_random_04,257,18497_1993.txt_employees_count_total_34,0.14539114305659753,3,-1.9700894355773926,-5.910268306732178,0.1453910841315255,employees_count_total
-2.305251121520996,-6.91575288772583,-9.695548214949667e-06,-2.90866428258596e-05,patch_random_05,257,18497_1993.txt_employees_count_total_34,0.2077430175367473,3,-1.8263533115386963,-5.47905969619751,0.20774299738565813,employees_count_total
-2.305251121520996,-6.91575288772583,-9.695548214949667e-06,-2.90866428258596e-05,patch_random_06,257,18497_1993.txt_employees_count_total_34,0.29401637208983405,3,-1.6274724006652832,-4.88241720199585,0.29401632341238954,employees_count_total
-2.305251121520996,-6.91575288772583,-9.695548214949667e-06,-2.90866428258596e-05,patch_random_07,257,18497_1993.txt_employees_count_total_34,0.08861457630726577,3,-2.100973129272461,-6.302919387817383,0.08861451346748078,employees_count_total
-2.305251121520996,-6.91575288772583,-9.695548214949667e-06,-2.90866428258596e-05,patch_random_08,257,18497_1993.txt_employees_count_total_34,0.13255605179382565,3,-1.9996774196624756,-5.999032020568848,0.13255602645863673,employees_count_total
-2.305251121520996,-6.91575288772583,-9.695548214949667e-06,-2.90866428258596e-05,patch_random_09,257,18497_1993.txt_employees_count_total_34,0.01829146075012536,3,-2.263084888458252,-6.789254665374756,0.018291393061600374,employees_count_total
-2.305251121520996,-6.91575288772583,-9.695548214949667e-06,-2.90866428258596e-05,patch_random_10,257,18497_1993.txt_employees_count_total_34,0.027842098275765004,3,-2.2410683631896973,-6.723205089569092,0.027842031245751204,employees_count_total
-2.305251121520996,-6.91575288772583,-9.695548214949667e-06,-2.90866428258596e-05,patch_random_11,257,18497_1993.txt_employees_count_total_34,0.11617742827228804,3,-2.0374341011047363,-6.112301826477051,0.11617743628265759,employees_count_total
-2.305251121520996,-6.91575288772583,-9.695548214949667e-06,-2.90866428258596e-05,patch_random_12,257,18497_1993.txt_employees_count_total_34,-0.04156570992949644,3,-2.4010701179504395,-7.203210353851318,-0.04156578174514031,employees_count_total
-2.305251121520996,-6.91575288772583,-9.695548214949667e-06,-2.90866428258596e-05,patch_random_13,257,18497_1993.txt_employees_count_total_34,-0.13341664755371097,3,-2.6128087043762207,-7.838426113128662,-0.13341672570242627,employees_count_total
-2.305251121520996,-6.91575288772583,-9.695548214949667e-06,-2.90866428258596e-05,patch_random_14,257,18497_1993.txt_employees_count_total_34,0.051120484437517454,3,-2.187406063079834,-6.562217712402344,0.05112048796224664,employees_count_total
-2.305251121520996,-6.91575288772583,-9.695548214949667e-06,-2.90866428258596e-05,patch_random_15,257,18497_1993.txt_employees_count_total_34,-0.26273520036043296,3,-2.910919189453125,-8.732757568359375,-0.26273528742559116,employees_count_total
-2.305251121520996,-6.91575288772583,-9.695548214949667e-06,-2.90866428258596e-05,patch_random_16,257,18497_1993.txt_employees_count_total_34,-0.09286615310060366,3,-2.5193300247192383,-7.557990074157715,-0.09286622845338477,employees_count_total
-2.305251121520996,-6.91575288772583,-9.695548214949667e-06,-2.90866428258596e-05,patch_random_17,257,18497_1993.txt_employees_count_total_34,0.24565882304799688,3,-1.7389482259750366,-5.21684455871582,0.24565878827375381,employees_count_total
-2.305251121520996,-6.91575288772583,-9.695548214949667e-06,-2.90866428258596e-05,patch_random_18,257,18497_1993.txt_employees_count_total_34,0.11192005970361621,3,-2.047248363494873,-6.141745090484619,0.11191999847073145,employees_count_total
-2.305251121520996,-6.91575288772583,-9.695548214949667e-06,-2.90866428258596e-05,patch_random_19,257,18497_1993.txt_employees_count_total_34,0.27832076435946124,3,-1.6636545658111572,-4.990963459014893,0.2783207490746688,employees_count_total
-2.305251121520996,-6.91575288772583,-9.695548214949667e-06,-2.90866428258596e-05,patch_matched_layer_random_00,257,18497_1993.txt_employees_count_total_34,-0.19176599157988153,3,-2.7473180294036865,-8.24195384979248,-0.19176603927689637,employees_count_total
-2.305251121520996,-6.91575288772583,-9.695548214949667e-06,-2.90866428258596e-05,patch_matched_layer_random_01,257,18497_1993.txt_employees_count_total_34,-0.3891342847006195,3,-3.2022995948791504,-9.606898307800293,-0.38913431153121364,employees_count_total
-2.305251121520996,-6.91575288772583,-9.695548214949667e-06,-2.90866428258596e-05,patch_matched_layer_random_02,257,18497_1993.txt_employees_count_total_34,0.09949814955618407,3,-2.0758838653564453,-6.227651119232178,0.09949815641652655,employees_count_total
-2.305251121520996,-6.91575288772583,-9.695548214949667e-06,-2.90866428258596e-05,patch_matched_layer_random_03,257,18497_1993.txt_employees_count_total_34,0.042819008741933645,3,-2.20654296875,-6.61962890625,0.04281894274456955,employees_count_total
-2.305251121520996,-6.91575288772583,-9.695548214949667e-06,-2.90866428258596e-05,patch_matched_layer_random_04,257,18497_1993.txt_employees_count_total_34,0.01695211270415558,3,-2.266172409057617,-6.798517227172852,0.016952044923283283,employees_count_total
-2.305251121520996,-6.91575288772583,-9.695548214949667e-06,-2.90866428258596e-05,patch_matched_layer_random_05,257,18497_1993.txt_employees_count_total_34,0.4856087655465372,3,-1.1858056783676147,-3.5574169158935547,0.4856087473167102,employees_count_total
-2.305251121520996,-6.91575288772583,-9.695548214949667e-06,-2.90866428258596e-05,patch_matched_layer_random_06,257,18497_1993.txt_employees_count_total_34,-0.2680352953383301,3,-2.9231371879577637,-8.769411087036133,-0.26803531381921575,employees_count_total
-2.305251121520996,-6.91575288772583,-9.695548214949667e-06,-2.90866428258596e-05,patch_matched_layer_random_07,257,18497_1993.txt_employees_count_total_34,0.047483249527813576,3,-2.1957907676696777,-6.587372303009033,0.047483183852046314,employees_count_total
-2.305251121520996,-6.91575288772583,-9.695548214949667e-06,-2.90866428258596e-05,patch_matched_layer_random_08,257,18497_1993.txt_employees_count_total_34,-0.24944245542172164,3,-2.8802762031555176,-8.640828132629395,-0.24944247262064126,employees_count_total
-2.305251121520996,-6.91575288772583,-9.695548214949667e-06,-2.90866428258596e-05,patch_matched_layer_random_09,257,18497_1993.txt_employees_count_total_34,0.20330170838894365,3,-1.8365916013717651,-5.509774684906006,0.2033016706942009,employees_count_total
-2.305251121520996,-6.91575288772583,-9.695548214949667e-06,-2.90866428258596e-05,patch_matched_layer_random_10,257,18497_1993.txt_employees_count_total_34,-0.13357054329829807,3,-2.613163471221924,-7.8394904136657715,-0.1335706214576244,employees_count_total
-2.305251121520996,-6.91575288772583,-9.695548214949667e-06,-2.90866428258596e-05,patch_matched_layer_random_11,257,18497_1993.txt_employees_count_total_34,0.03707480870539607,3,-2.219784736633301,-6.659353733062744,0.03707481126168367,employees_count_total
-2.305251121520996,-6.91575288772583,-9.695548214949667e-06,-2.90866428258596e-05,patch_matched_layer_random_12,257,18497_1993.txt_employees_count_total_34,-0.06517040057657976,3,-2.455484628677368,-7.366453647613525,-0.06517043954489846,employees_count_total
-2.305251121520996,-6.91575288772583,-9.695548214949667e-06,-2.90866428258596e-05,patch_matched_layer_random_13,257,18497_1993.txt_employees_count_total_34,0.15704264366005835,3,-1.9432299137115479,-5.8296895027160645,0.1570426200132064,employees_count_total
-2.305251121520996,-6.91575288772583,-9.695548214949667e-06,-2.90866428258596e-05,patch_matched_layer_random_14,257,18497_1993.txt_employees_count_total_34,0.17159070419011782,3,-1.9096931219100952,-5.729079246520996,0.17159066430891884,employees_count_total
-2.305251121520996,-6.91575288772583,-9.695548214949667e-06,-2.90866428258596e-05,patch_matched_layer_random_15,257,18497_1993.txt_employees_count_total_34,-0.4529416530070961,3,-3.349390983581543,-10.048172950744629,-0.45294175318688423,employees_count_total
-2.305251121520996,-6.91575288772583,-9.695548214949667e-06,-2.90866428258596e-05,patch_matched_layer_random_16,257,18497_1993.txt_employees_count_total_34,0.4243068054825003,3,-1.3271214962005615,-3.9813644886016846,0.4243067657885093,employees_count_total
-2.305251121520996,-6.91575288772583,-9.695548214949667e-06,-2.90866428258596e-05,patch_matched_layer_random_17,257,18497_1993.txt_employees_count_total_34,-0.1131642571548144,3,-2.566122055053711,-7.698365688323975,-0.11316426495742747,employees_count_total
-2.305251121520996,-6.91575288772583,-9.695548214949667e-06,-2.90866428258596e-05,patch_matched_layer_random_18,257,18497_1993.txt_employees_count_total_34,0.4399275338317703,3,-1.291111946105957,-3.873335599899292,0.4399275296896754,employees_count_total
-2.305251121520996,-6.91575288772583,-9.695548214949667e-06,-2.90866428258596e-05,patch_matched_layer_random_19,257,18497_1993.txt_employees_count_total_34,0.4887104163746925,3,-1.1786556243896484,-3.535966634750366,0.48871041559615036,employees_count_total
-1.9646434783935547,-9.823217391967773,-0.7919763326644897,-3.959881544113159,patch_qr,60400,10456_1993.txt_employees_count_total_98,1.1866138662576007,5,-0.5731403827667236,-2.865701913833618,1.1866138421321881,employees_count_total
-1.9646434783935547,-9.823217391967773,-0.7919763326644897,-3.959881544113159,patch_bottom,60400,10456_1993.txt_employees_count_total_98,-0.2661890842219386,5,-2.276794672012329,-11.383973121643066,-0.26618903814734934,employees_count_total
-1.9646434783935547,-9.823217391967773,-0.7919763326644897,-3.959881544113159,patch_same_layer,60400,10456_1993.txt_employees_count_total_98,0.517731900179373,5,-1.3575162887573242,-6.787581443786621,0.517731889653206,employees_count_total
-1.9646434783935547,-9.823217391967773,-0.7919763326644897,-3.959881544113159,patch_random_00,60400,10456_1993.txt_employees_count_total_98,-0.16162780591122639,5,-2.154179096221924,-10.770895004272461,-0.1616277212998879,employees_count_total
-1.9646434783935547,-9.823217391967773,-0.7919763326644897,-3.959881544113159,patch_random_01,60400,10456_1993.txt_employees_count_total_98,0.1132289218967688,5,-1.8318636417388916,-9.159317970275879,0.11322896025729352,employees_count_total
-1.9646434783935547,-9.823217391967773,-0.7919763326644897,-3.959881544113159,patch_random_02,60400,10456_1993.txt_employees_count_total_98,0.3895391349739683,5,-1.5078437328338623,-7.539218425750732,0.38953916771674485,employees_count_total
-1.9646434783935547,-9.823217391967773,-0.7919763326644897,-3.959881544113159,patch_random_03,60400,10456_1993.txt_employees_count_total_98,0.7048374791413479,5,-1.138103723526001,-5.690518379211426,0.7048375054736965,employees_count_total
-1.9646434783935547,-9.823217391967773,-0.7919763326644897,-3.959881544113159,patch_random_04,60400,10456_1993.txt_employees_count_total_98,0.16010122958673056,5,-1.7768980264663696,-8.884490013122559,0.1601012466629715,employees_count_total
-1.9646434783935547,-9.823217391967773,-0.7919763326644897,-3.959881544113159,patch_random_05,60400,10456_1993.txt_employees_count_total_98,-0.08824946922576851,5,-2.0681307315826416,-10.340653419494629,-0.08824942676892447,employees_count_total
-1.9646434783935547,-9.823217391967773,-0.7919763326644897,-3.959881544113159,patch_random_06,60400,10456_1993.txt_employees_count_total_98,0.08134282195517048,5,-1.8692554235458374,-9.346277236938477,0.08134279997005604,employees_count_total
-1.9646434783935547,-9.823217391967773,-0.7919763326644897,-3.959881544113159,patch_random_07,60400,10456_1993.txt_employees_count_total_98,0.04219559837329198,5,-1.9151620864868164,-9.575810432434082,0.04219559751540025,employees_count_total
-1.9646434783935547,-9.823217391967773,-0.7919763326644897,-3.959881544113159,patch_random_08,60400,10456_1993.txt_employees_count_total_98,0.18219587284596137,5,-1.7509883642196655,-8.754941940307617,0.18219584881037246,employees_count_total
-1.9646434783935547,-9.823217391967773,-0.7919763326644897,-3.959881544113159,patch_random_09,60400,10456_1993.txt_employees_count_total_98,-0.006245778076648017,5,-1.9719676971435547,-9.859838485717773,-0.006245777949663177,employees_count_total
-1.9646434783935547,-9.823217391967773,-0.7919763326644897,-3.959881544113159,patch_random_10,60400,10456_1993.txt_employees_count_total_98,-0.16530716287259029,5,-2.158493757247925,-10.792469024658203,-0.16530720017429623,employees_count_total
-1.9646434783935547,-9.823217391967773,-0.7919763326644897,-3.959881544113159,patch_random_11,60400,10456_1993.txt_employees_count_total_98,0.059237301445708546,5,-1.8951778411865234,-9.475889205932617,0.0592373002413367,employees_count_total
-1.9646434783935547,-9.823217391967773,-0.7919763326644897,-3.959881544113159,patch_random_12,60400,10456_1993.txt_employees_count_total_98,-0.02507002865189699,5,-1.9940422773361206,-9.970211029052734,-0.02506996714826521,employees_count_total
-1.9646434783935547,-9.823217391967773,-0.7919763326644897,-3.959881544113159,patch_random_13,60400,10456_1993.txt_employees_count_total_98,-0.22610184257569219,5,-2.229785680770874,-11.148927688598633,-0.22610171599089532,employees_count_total
-1.9646434783935547,-9.823217391967773,-0.7919763326644897,-3.959881544113159,patch_random_14,60400,10456_1993.txt_employees_count_total_98,0.13974572648595182,5,-1.800768256187439,-9.003841400146484,0.13974570331342992,employees_count_total
-1.9646434783935547,-9.823217391967773,-0.7919763326644897,-3.959881544113159,patch_random_15,60400,10456_1993.txt_employees_count_total_98,-0.18296449797678063,5,-2.1791999340057373,-10.89599895477295,-0.1829643722690224,employees_count_total
-1.9646434783935547,-9.823217391967773,-0.7919763326644897,-3.959881544113159,patch_random_16,60400,10456_1993.txt_employees_count_total_98,-0.1817244914504305,5,-2.177745819091797,-10.888729095458984,-0.1817244877557338,employees_count_total
-1.9646434783935547,-9.823217391967773,-0.7919763326644897,-3.959881544113159,patch_random_17,60400,10456_1993.txt_employees_count_total_98,0.5325258754026234,5,-1.3401678800582886,-6.700839042663574,0.5325259255696009,employees_count_total
-1.9646434783935547,-9.823217391967773,-0.7919763326644897,-3.959881544113159,patch_random_18,60400,10456_1993.txt_employees_count_total_98,0.4212564850521676,5,-1.4706498384475708,-7.3532490730285645,0.4212564968187805,employees_count_total
-1.9646434783935547,-9.823217391967773,-0.7919763326644897,-3.959881544113159,patch_random_19,60400,10456_1993.txt_employees_count_total_98,0.7914585121853158,5,-1.036526083946228,-5.1826300621032715,0.791458557087854,employees_count_total
-1.9646434783935547,-9.823217391967773,-0.7919763326644897,-3.959881544113159,patch_matched_layer_random_00,60400,10456_1993.txt_employees_count_total_98,-0.10201254543412173,5,-2.0842702388763428,-10.421350479125977,-0.10201242137222262,employees_count_total
-1.9646434783935547,-9.823217391967773,-0.7919763326644897,-3.959881544113159,patch_matched_layer_random_01,60400,10456_1993.txt_employees_count_total_98,0.12422399206265702,5,-1.8189700841903687,-9.094850540161133,0.1242239692057123,employees_count_total
-1.9646434783935547,-9.823217391967773,-0.7919763326644897,-3.959881544113159,patch_matched_layer_random_02,60400,10456_1993.txt_employees_count_total_98,0.5670455914352328,5,-1.2996877431869507,-6.498438835144043,0.5670455595751456,employees_count_total
-1.9646434783935547,-9.823217391967773,-0.7919763326644897,-3.959881544113159,patch_matched_layer_random_03,60400,10456_1993.txt_employees_count_total_98,0.5129281201824328,5,-1.3631495237350464,-6.815747261047363,0.5129281707478583,employees_count_total
-1.9646434783935547,-9.823217391967773,-0.7919763326644897,-3.959881544113159,patch_matched_layer_random_04,60400,10456_1993.txt_employees_count_total_98,0.28187662046885015,5,-1.6340960264205933,-8.170479774475098,0.28187667573185493,employees_count_total
-1.9646434783935547,-9.823217391967773,-0.7919763326644897,-3.959881544113159,patch_matched_layer_random_05,60400,10456_1993.txt_employees_count_total_98,0.8496047847702232,5,-0.9683398604393005,-4.841699123382568,0.8496047979936089,employees_count_total
-1.9646434783935547,-9.823217391967773,-0.7919763326644897,-3.959881544113159,patch_matched_layer_random_06,60400,10456_1993.txt_employees_count_total_98,-0.06815115718185695,5,-2.0445621013641357,-10.222809791564941,-0.06815103380840418,employees_count_total
-1.9646434783935547,-9.823217391967773,-0.7919763326644897,-3.959881544113159,patch_matched_layer_random_07,60400,10456_1993.txt_employees_count_total_98,0.09233108113259622,5,-1.8563698530197144,-9.281848907470703,0.09233114024930983,employees_count_total
-1.9646434783935547,-9.823217391967773,-0.7919763326644897,-3.959881544113159,patch_matched_layer_random_08,60400,10456_1993.txt_employees_count_total_98,0.3148583746440115,5,-1.5954194068908691,-7.977097034454346,0.3148583682425288,employees_count_total
-1.9646434783935547,-9.823217391967773,-0.7919763326644897,-3.959881544113159,patch_matched_layer_random_09,60400,10456_1993.txt_employees_count_total_98,-0.16879581215700445,5,-2.1625847816467285,-10.812923431396484,-0.16879572739993104,employees_count_total
-1.9646434783935547,-9.823217391967773,-0.7919763326644897,-3.959881544113159,patch_matched_layer_random_10,60400,10456_1993.txt_employees_count_total_98,-0.21349460127507802,5,-2.2150015830993652,-11.075007438659668,-0.21349451560921973,employees_count_total
-1.9646434783935547,-9.823217391967773,-0.7919763326644897,-3.959881544113159,patch_matched_layer_random_11,60400,10456_1993.txt_employees_count_total_98,0.38384484364969357,5,-1.5145212411880493,-7.572606086730957,0.3838448561769341,employees_count_total
-1.9646434783935547,-9.823217391967773,-0.7919763326644897,-3.959881544113159,patch_matched_layer_random_12,60400,10456_1993.txt_employees_count_total_98,0.05431011040408985,5,-1.9009557962417603,-9.504778861999512,0.05431012963120267,employees_count_total
-1.9646434783935547,-9.823217391967773,-0.7919763326644897,-3.959881544113159,patch_matched_layer_random_13,60400,10456_1993.txt_employees_count_total_98,0.6425330981000901,5,-1.2111660242080688,-6.055830001831055,0.6425331053678599,employees_count_total
-1.9646434783935547,-9.823217391967773,-0.7919763326644897,-3.959881544113159,patch_matched_layer_random_14,60400,10456_1993.txt_employees_count_total_98,0.37195407767271577,5,-1.5284651517868042,-7.6423258781433105,0.37195404977909424,employees_count_total
-1.9646434783935547,-9.823217391967773,-0.7919763326644897,-3.959881544113159,patch_matched_layer_random_15,60400,10456_1993.txt_employees_count_total_98,-0.3216781055693046,5,-2.341864824295044,-11.70932388305664,-0.32167805836655095,employees_count_total
-1.9646434783935547,-9.823217391967773,-0.7919763326644897,-3.959881544113159,patch_matched_layer_random_16,60400,10456_1993.txt_employees_count_total_98,0.17547495208164646,5,-1.7588697671890259,-8.79434871673584,0.17547496884531952,employees_count_total
-1.9646434783935547,-9.823217391967773,-0.7919763326644897,-3.959881544113159,patch_matched_layer_random_17,60400,10456_1993.txt_employees_count_total_98,0.0429408424989415,5,-1.9142881631851196,-9.571440696716309,0.042940861957206415,employees_count_total
-1.9646434783935547,-9.823217391967773,-0.7919763326644897,-3.959881544113159,patch_matched_layer_random_18,60400,10456_1993.txt_employees_count_total_98,0.7167874092270595,5,-1.1240904331207275,-5.620451927185059,0.7167874353164505,employees_count_total
-1.9646434783935547,-9.823217391967773,-0.7919763326644897,-3.959881544113159,patch_matched_layer_random_19,60400,10456_1993.txt_employees_count_total_98,0.6469907375639737,5,-1.205938696861267,-6.029693603515625,0.646990704078497,employees_count_total
-2.956632375717163,-14.783161163330078,-2.5094401836395264,-12.547201156616211,patch_qr,76200,732714_1993.txt_employees_count_total_169,3.3343559067208344,5,-1.4655344486236572,-7.327672004699707,3.334357115621004,employees_count_total
-2.956632375717163,-14.783161163330078,-2.5094401836395264,-12.547201156616211,patch_bottom,76200,732714_1993.txt_employees_count_total_169,-0.6510337694464882,5,-3.247769594192505,-16.238847732543945,-0.6510342603816301,employees_count_total
-2.956632375717163,-14.783161163330078,-2.5094401836395264,-12.547201156616211,patch_same_layer,76200,732714_1993.txt_employees_count_total_169,0.4006259130119531,5,-2.777475595474243,-13.887377738952637,0.40062587062724403,employees_count_total
-2.956632375717163,-14.783161163330078,-2.5094401836395264,-12.547201156616211,patch_random_00,76200,732714_1993.txt_employees_count_total_169,0.1311127816341981,5,-2.8979997634887695,-14.489998817443848,0.13111251766845491,employees_count_total
-2.956632375717163,-14.783161163330078,-2.5094401836395264,-12.547201156616211,patch_random_01,76200,732714_1993.txt_employees_count_total_169,0.18005128861307487,5,-2.876114845275879,-14.380574226379395,0.1800510455204229,employees_count_total
-2.956632375717163,-14.783161163330078,-2.5094401836395264,-12.547201156616211,patch_random_02,76200,732714_1993.txt_employees_count_total_169,1.165065630231492,5,-2.435624122619629,-12.178120613098145,1.1650658072639208,employees_count_total
-2.956632375717163,-14.783161163330078,-2.5094401836395264,-12.547201156616211,patch_random_03,76200,732714_1993.txt_employees_count_total_169,0.4743855496198671,5,-2.7444908618927,-13.722454071044922,0.47438553869487593,employees_count_total
-2.956632375717163,-14.783161163330078,-2.5094401836395264,-12.547201156616211,patch_random_04,76200,732714_1993.txt_employees_count_total_169,0.33407440580915515,5,-2.807236909866333,-14.036184310913086,0.3340743350391158,employees_count_total
-2.956632375717163,-14.783161163330078,-2.5094401836395264,-12.547201156616211,patch_random_05,76200,732714_1993.txt_employees_count_total_169,0.9458158728127699,5,-2.5336709022521973,-12.668354034423828,0.94581616958987,employees_count_total
-2.956632375717163,-14.783161163330078,-2.5094401836395264,-12.547201156616211,patch_random_06,76200,732714_1993.txt_employees_count_total_169,0.2727034750434514,5,-2.834681510925293,-14.173407554626465,0.2727032714685056,employees_count_total
-2.956632375717163,-14.783161163330078,-2.5094401836395264,-12.547201156616211,patch_random_07,76200,732714_1993.txt_employees_count_total_169,-0.01247400914877963,5,-2.9622106552124023,-14.811053276062012,-0.012474334356689104,employees_count_total
-2.956632375717163,-14.783161163330078,-2.5094401836395264,-12.547201156616211,patch_random_08,76200,732714_1993.txt_employees_count_total_169,0.5032468571062986,5,-2.731584310531616,-13.65792179107666,0.5032466452327801,employees_count_total
-2.956632375717163,-14.783161163330078,-2.5094401836395264,-12.547201156616211,patch_random_09,76200,732714_1993.txt_employees_count_total_169,-0.022485951611699348,5,-2.9666879177093506,-14.833439826965332,-0.02248638771904832,employees_count_total
-2.956632375717163,-14.783161163330078,-2.5094401836395264,-12.547201156616211,patch_random_10,76200,732714_1993.txt_employees_count_total_169,-0.06699081923163047,5,-2.9865901470184326,-14.932950973510742,-0.06699127432104937,employees_count_total
-2.956632375717163,-14.783161163330078,-2.5094401836395264,-12.547201156616211,patch_random_11,76200,732714_1993.txt_employees_count_total_169,0.4188019150592325,5,-2.7693474292755127,-13.846736907958984,0.41880188042689204,employees_count_total
-2.956632375717163,-14.783161163330078,-2.5094401836395264,-12.547201156616211,patch_random_12,76200,732714_1993.txt_employees_count_total_169,-0.6428046660908694,5,-3.2440896034240723,-16.220447540283203,-0.6428050468869825,employees_count_total
-2.956632375717163,-14.783161163330078,-2.5094401836395264,-12.547201156616211,patch_random_13,76200,732714_1993.txt_employees_count_total_169,-0.4485226533593508,5,-3.157208204269409,-15.786041259765625,-0.44852327117847424,employees_count_total
-2.956632375717163,-14.783161163330078,-2.5094401836395264,-12.547201156616211,patch_random_14,76200,732714_1993.txt_employees_count_total_169,-0.3326023906251666,5,-3.1053695678710938,-15.526847839355469,-0.33260285237318166,employees_count_total
-2.956632375717163,-14.783161163330078,-2.5094401836395264,-12.547201156616211,patch_random_15,76200,732714_1993.txt_employees_count_total_169,-0.8786373863066868,5,-3.3495521545410156,-16.747760772705078,-0.8786380809477543,employees_count_total
-2.956632375717163,-14.783161163330078,-2.5094401836395264,-12.547201156616211,patch_random_16,76200,732714_1993.txt_employees_count_total_169,-1.0062122133009181,5,-3.406602621078491,-17.03301239013672,-1.0062126424672457,employees_count_total
-2.956632375717163,-14.783161163330078,-2.5094401836395264,-12.547201156616211,patch_random_17,76200,732714_1993.txt_employees_count_total_169,-0.6580259748568504,5,-3.250896453857422,-16.25448226928711,-0.6580265754034634,employees_count_total
-2.956632375717163,-14.783161163330078,-2.5094401836395264,-12.547201156616211,patch_random_18,76200,732714_1993.txt_employees_count_total_169,1.2928142627128585,5,-2.378495931625366,-11.89247989654541,1.2928143876030358,employees_count_total
-2.956632375717163,-14.783161163330078,-2.5094401836395264,-12.547201156616211,patch_random_19,76200,732714_1993.txt_employees_count_total_169,1.05887420961155,5,-2.483112096786499,-12.415559768676758,1.0588746612390993,employees_count_total
-2.956632375717163,-14.783161163330078,-2.5094401836395264,-12.547201156616211,patch_matched_layer_random_00,76200,732714_1993.txt_employees_count_total_169,-0.9123529850825842,5,-3.3646295070648193,-16.82314682006836,-0.9123533742163822,employees_count_total
-2.956632375717163,-14.783161163330078,-2.5094401836395264,-12.547201156616211,patch_matched_layer_random_01,76200,732714_1993.txt_employees_count_total_169,-0.8257743940799506,5,-3.3259122371673584,-16.629560470581055,-0.8257747462865322,employees_count_total
-2.956632375717163,-14.783161163330078,-2.5094401836395264,-12.547201156616211,patch_matched_layer_random_02,76200,732714_1993.txt_employees_count_total_169,0.16102278664576736,5,-2.8846242427825928,-14.423121452331543,0.16102242880796255,employees_count_total
-2.956632375717163,-14.783161163330078,-2.5094401836395264,-12.547201156616211,patch_matched_layer_random_03,76200,732714_1993.txt_employees_count_total_169,0.49974302378895963,5,-2.7331511974334717,-13.665755271911621,0.49974323693771233,employees_count_total
-2.956632375717163,-14.783161163330078,-2.5094401836395264,-12.547201156616211,patch_matched_layer_random_04,76200,732714_1993.txt_employees_count_total_169,0.05392715097618971,5,-2.932516574859619,-14.662582397460938,0.05392706734784229,employees_count_total
-2.956632375717163,-14.783161163330078,-2.5094401836395264,-12.547201156616211,patch_matched_layer_random_05,76200,732714_1993.txt_employees_count_total_169,1.7637428958339998,5,-2.167900323867798,-10.83950138092041,1.763743434841468,employees_count_total
-2.956632375717163,-14.783161163330078,-2.5094401836395264,-12.547201156616211,patch_matched_layer_random_06,76200,732714_1993.txt_employees_count_total_169,0.4480833413305183,5,-2.7562530040740967,-13.781265258789062,0.44808310592883827,employees_count_total
-2.956632375717163,-14.783161163330078,-2.5094401836395264,-12.547201156616211,patch_matched_layer_random_07,76200,732714_1993.txt_employees_count_total_169,-0.8348000170606613,5,-3.3299484252929688,-16.649742126464844,-0.8348006930043581,employees_count_total
-2.956632375717163,-14.783161163330078,-2.5094401836395264,-12.547201156616211,patch_matched_layer_random_08,76200,732714_1993.txt_employees_count_total_169,0.5079902540972244,5,-2.7294631004333496,-13.64731502532959,0.50799036413438,employees_count_total
-2.956632375717163,-14.783161163330078,-2.5094401836395264,-12.547201156616211,patch_matched_layer_random_09,76200,732714_1993.txt_employees_count_total_169,0.41545162769371846,5,-2.770845651626587,-13.854228019714355,0.4154515916324245,employees_count_total
-2.956632375717163,-14.783161163330078,-2.5094401836395264,-12.547201156616211,patch_matched_layer_random_10,76200,732714_1993.txt_employees_count_total_169,-0.5395967286181931,5,-3.1979358196258545,-15.989678382873535,-0.5395969587652171,employees_count_total
-2.956632375717163,-14.783161163330078,-2.5094401836395264,-12.547201156616211,patch_matched_layer_random_11,76200,732714_1993.txt_employees_count_total_169,0.24793832570935032,5,-2.8457562923431396,-14.228781700134277,0.2479380049424757,employees_count_total
-2.956632375717163,-14.783161163330078,-2.5094401836395264,-12.547201156616211,patch_matched_layer_random_12,76200,732714_1993.txt_employees_count_total_169,-0.3056817333631895,5,-3.0933308601379395,-15.466653823852539,-0.30568197037073686,employees_count_total
-2.956632375717163,-14.783161163330078,-2.5094401836395264,-12.547201156616211,patch_matched_layer_random_13,76200,732714_1993.txt_employees_count_total_169,0.29302005693995714,5,-2.8255960941314697,-14.12798023223877,0.2930199686595518,employees_count_total
-2.956632375717163,-14.783161163330078,-2.5094401836395264,-12.547201156616211,patch_matched_layer_random_14,76200,732714_1993.txt_employees_count_total_169,-0.4202979217981937,5,-3.1445863246917725,-15.722930908203125,-0.42029810106228255,employees_count_total
-2.956632375717163,-14.783161163330078,-2.5094401836395264,-12.547201156616211,patch_matched_layer_random_15,76200,732714_1993.txt_employees_count_total_169,-0.5483723062815222,5,-3.201860189437866,-16.009300231933594,-0.5483725401714767,employees_count_total
-2.956632375717163,-14.783161163330078,-2.5094401836395264,-12.547201156616211,patch_matched_layer_random_16,76200,732714_1993.txt_employees_count_total_169,1.709570497851423,5,-2.1921257972717285,-10.960628509521484,1.7095711203826367,employees_count_total
-2.956632375717163,-14.783161163330078,-2.5094401836395264,-12.547201156616211,patch_matched_layer_random_17,76200,732714_1993.txt_employees_count_total_169,0.32603990062164784,5,-2.8108298778533936,-14.05414867401123,0.3260400396831151,employees_count_total
-2.956632375717163,-14.783161163330078,-2.5094401836395264,-12.547201156616211,patch_matched_layer_random_18,76200,732714_1993.txt_employees_count_total_169,0.6466337182645042,5,-2.6674628257751465,-13.337313652038574,0.6466338874354147,employees_count_total
-2.956632375717163,-14.783161163330078,-2.5094401836395264,-12.547201156616211,patch_matched_layer_random_19,76200,732714_1993.txt_employees_count_total_169,2.503414264845441,5,-1.8371250629425049,-9.185625076293945,2.5034151193351115,employees_count_total
-1.7939265966415405,-7.175706386566162,-0.006188023369759321,-0.024752093479037285,patch_qr,1741,71180_1993.txt_employees_count_total_214,0.9879528673623533,4,-0.02772514708340168,-0.11090058833360672,0.9879528673623533,employees_count_total
-1.7939265966415405,-7.175706386566162,-0.006188023369759321,-0.024752093479037285,patch_bottom,1741,71180_1993.txt_employees_count_total_214,-0.0749933413526706,4,-1.9279950857162476,-7.71198034286499,-0.0749933413526706,employees_count_total
-1.7939265966415405,-7.175706386566162,-0.006188023369759321,-0.024752093479037285,patch_same_layer,1741,71180_1993.txt_employees_count_total_214,0.037666041970318656,4,-1.726589560508728,-6.906358242034912,0.037666041970318656,employees_count_total
-1.7939265966415405,-7.175706386566162,-0.006188023369759321,-0.024752093479037285,patch_random_00,1741,71180_1993.txt_employees_count_total_214,-0.1649486360804158,4,-2.0888116359710693,-8.355246543884277,-0.1649486360804158,employees_count_total
-1.7939265966415405,-7.175706386566162,-0.006188023369759321,-0.024752093479037285,patch_random_01,1741,71180_1993.txt_employees_count_total_214,0.19386498367619948,4,-1.4473466873168945,-5.789386749267578,0.19386498367619948,employees_count_total
-1.7939265966415405,-7.175706386566162,-0.006188023369759321,-0.024752093479037285,patch_random_02,1741,71180_1993.txt_employees_count_total_214,0.5850935351551434,4,-0.7479323148727417,-2.991729259490967,0.5850935351551434,employees_count_total
-1.7939265966415405,-7.175706386566162,-0.006188023369759321,-0.024752093479037285,patch_random_03,1741,71180_1993.txt_employees_count_total_214,0.35324063736844513,4,-1.1624246835708618,-4.649698734283447,0.35324063736844513,employees_count_total
-1.7939265966415405,-7.175706386566162,-0.006188023369759321,-0.024752093479037285,patch_random_04,1741,71180_1993.txt_employees_count_total_214,0.14545279987392007,4,-1.5338950157165527,-6.135580062866211,0.14545279987392007,employees_count_total
-1.7939265966415405,-7.175706386566162,-0.006188023369759321,-0.024752093479037285,patch_random_05,1741,71180_1993.txt_employees_count_total_214,0.06597578694351708,4,-1.6759791374206543,-6.703916549682617,0.06597578694351708,employees_count_total
-1.7939265966415405,-7.175706386566162,-0.006188023369759321,-0.024752093479037285,patch_random_06,1741,71180_1993.txt_employees_count_total_214,0.058650945250019945,4,-1.6890740394592285,-6.756296157836914,0.058650945250019945,employees_count_total
-1.7939265966415405,-7.175706386566162,-0.006188023369759321,-0.024752093479037285,patch_random_07,1741,71180_1993.txt_employees_count_total_214,0.11764136658573644,4,-1.5836145877838135,-6.334458351135254,0.11764136658573644,employees_count_total
-1.7939265966415405,-7.175706386566162,-0.006188023369759321,-0.024752093479037285,patch_random_08,1741,71180_1993.txt_employees_count_total_214,-0.0007354314965914706,4,-1.795241355895996,-7.180965423583984,-0.0007354314965914706,employees_count_total
-1.7939265966415405,-7.175706386566162,-0.006188023369759321,-0.024752093479037285,patch_random_09,1741,71180_1993.txt_employees_count_total_214,0.007817018670225905,4,-1.779951810836792,-7.119807243347168,0.007817018670225905,employees_count_total
-1.7939265966415405,-7.175706386566162,-0.006188023369759321,-0.024752093479037285,patch_random_10,1741,71180_1993.txt_employees_count_total_214,-0.04739342213713074,4,-1.878653645515442,-7.514614582061768,-0.04739342213713074,employees_count_total
-1.7939265966415405,-7.175706386566162,-0.006188023369759321,-0.024752093479037285,patch_random_11,1741,71180_1993.txt_employees_count_total_214,0.17140248256052298,4,-1.4875037670135498,-5.950015068054199,0.17140248256052298,employees_count_total
-1.7939265966415405,-7.175706386566162,-0.006188023369759321,-0.024752093479037285,patch_random_12,1741,71180_1993.txt_employees_count_total_214,0.356376073437103,4,-1.1568193435668945,-4.627277374267578,0.356376073437103,employees_count_total
-1.7939265966415405,-7.175706386566162,-0.006188023369759321,-0.024752093479037285,patch_random_13,1741,71180_1993.txt_employees_count_total_214,-0.09356783772886403,4,-1.9612014293670654,-7.844805717468262,-0.09356783772886403,employees_count_total
-1.7939265966415405,-7.175706386566162,-0.006188023369759321,-0.024752093479037285,patch_random_14,1741,71180_1993.txt_employees_count_total_214,-0.020133712505017266,4,-1.8299204111099243,-7.319681644439697,-0.020133712505017266,employees_count_total
-1.7939265966415405,-7.175706386566162,-0.006188023369759321,-0.024752093479037285,patch_random_15,1741,71180_1993.txt_employees_count_total_214,-0.44638011242307724,4,-2.59193754196167,-10.36775016784668,-0.44638011242307724,employees_count_total
-1.7939265966415405,-7.175706386566162,-0.006188023369759321,-0.024752093479037285,patch_random_16,1741,71180_1993.txt_employees_count_total_214,0.18414013741063595,4,-1.4647321701049805,-5.858928680419922,0.18414013741063595,employees_count_total
-1.7939265966415405,-7.175706386566162,-0.006188023369759321,-0.024752093479037285,patch_random_17,1741,71180_1993.txt_employees_count_total_214,0.3752072273371318,4,-1.1231541633605957,-4.492616653442383,0.3752072273371318,employees_count_total
-1.7939265966415405,-7.175706386566162,-0.006188023369759321,-0.024752093479037285,patch_random_18,1741,71180_1993.txt_employees_count_total_214,0.062005230368620066,4,-1.6830774545669556,-6.732309818267822,0.062005230368620066,employees_count_total
-1.7939265966415405,-7.175706386566162,-0.006188023369759321,-0.024752093479037285,patch_random_19,1741,71180_1993.txt_employees_count_total_214,0.6373447793938414,4,-0.6545207500457764,-2.6180830001831055,0.6373447793938414,employees_count_total
-1.7939265966415405,-7.175706386566162,-0.006188023369759321,-0.024752093479037285,patch_matched_layer_random_00,1741,71180_1993.txt_employees_count_total_214,0.25743816546478976,4,-1.3336944580078125,-5.33477783203125,0.25743816546478976,employees_count_total
-1.7939265966415405,-7.175706386566162,-0.006188023369759321,-0.024752093479037285,patch_matched_layer_random_01,1741,71180_1993.txt_employees_count_total_214,-0.6439222535822341,4,-2.9450912475585938,-11.780364990234375,-0.6439222535822341,employees_count_total
-1.7939265966415405,-7.175706386566162,-0.006188023369759321,-0.024752093479037285,patch_matched_layer_random_02,1741,71180_1993.txt_employees_count_total_214,0.6525597228041021,4,-0.627320408821106,-2.509281635284424,0.6525597228041021,employees_count_total
-1.7939265966415405,-7.175706386566162,-0.006188023369759321,-0.024752093479037285,patch_matched_layer_random_03,1741,71180_1993.txt_employees_count_total_214,0.35378202537468556,4,-1.161456823348999,-4.645827293395996,0.35378202537468556,employees_count_total
-1.7939265966415405,-7.175706386566162,-0.006188023369759321,-0.024752093479037285,patch_matched_layer_random_04,1741,71180_1993.txt_employees_count_total_214,0.08305574835433696,4,-1.645444631576538,-6.581778526306152,0.08305574835433696,employees_count_total
-1.7939265966415405,-7.175706386566162,-0.006188023369759321,-0.024752093479037285,patch_matched_layer_random_05,1741,71180_1993.txt_employees_count_total_214,0.3334916777635396,4,-1.1977306604385376,-4.79092264175415,0.3334916777635396,employees_count_total
-1.7939265966415405,-7.175706386566162,-0.006188023369759321,-0.024752093479037285,patch_matched_layer_random_06,1741,71180_1993.txt_employees_count_total_214,-0.10729064671177618,4,-1.985734224319458,-7.942936897277832,-0.10729064671177618,employees_count_total
-1.7939265966415405,-7.175706386566162,-0.006188023369759321,-0.024752093479037285,patch_matched_layer_random_07,1741,71180_1993.txt_employees_count_total_214,0.044242715979369664,4,-1.7148321866989136,-6.859328746795654,0.044242715979369664,employees_count_total
-1.7939265966415405,-7.175706386566162,-0.006188023369759321,-0.024752093479037285,patch_matched_layer_random_08,1741,71180_1993.txt_employees_count_total_214,-0.039362888945906935,4,-1.8642971515655518,-7.457188606262207,-0.039362888945906935,employees_count_total
-1.7939265966415405,-7.175706386566162,-0.006188023369759321,-0.024752093479037285,patch_matched_layer_random_09,1741,71180_1993.txt_employees_count_total_214,-0.00967096752322551,4,-1.8112157583236694,-7.244863033294678,-0.00967096752322551,employees_count_total
-1.7939265966415405,-7.175706386566162,-0.006188023369759321,-0.024752093479037285,patch_matched_layer_random_10,1741,71180_1993.txt_employees_count_total_214,-0.005963269862061712,4,-1.8045873641967773,-7.218349456787109,-0.005963269862061712,employees_count_total
-1.7939265966415405,-7.175706386566162,-0.006188023369759321,-0.024752093479037285,patch_matched_layer_random_11,1741,71180_1993.txt_employees_count_total_214,-0.019541379747358183,4,-1.8288614749908447,-7.315445899963379,-0.019541379747358183,employees_count_total
-1.7939265966415405,-7.175706386566162,-0.006188023369759321,-0.024752093479037285,patch_matched_layer_random_12,1741,71180_1993.txt_employees_count_total_214,0.1252158642338295,4,-1.5700733661651611,-6.2802934646606445,0.1252158642338295,employees_count_total
-1.7939265966415405,-7.175706386566162,-0.006188023369759321,-0.024752093479037285,patch_matched_layer_random_13,1741,71180_1993.txt_employees_count_total_214,0.4342908028845391,4,-1.0175281763076782,-4.070112705230713,0.4342908028845391,employees_count_total
-1.7939265966415405,-7.175706386566162,-0.006188023369759321,-0.024752093479037285,patch_matched_layer_random_14,1741,71180_1993.txt_employees_count_total_214,0.3362906384190321,4,-1.1927268505096436,-4.770907402038574,0.3362906384190321,employees_count_total
-1.7939265966415405,-7.175706386566162,-0.006188023369759321,-0.024752093479037285,patch_matched_layer_random_15,1741,71180_1993.txt_employees_count_total_214,-0.17681276181589026,4,-2.1100215911865234,-8.440086364746094,-0.17681276181589026,employees_count_total
-1.7939265966415405,-7.175706386566162,-0.006188023369759321,-0.024752093479037285,patch_matched_layer_random_16,1741,71180_1993.txt_employees_count_total_214,0.4478437071205735,4,-0.993299126625061,-3.973196506500244,0.4478437071205735,employees_count_total
-1.7939265966415405,-7.175706386566162,-0.006188023369759321,-0.024752093479037285,patch_matched_layer_random_17,1741,71180_1993.txt_employees_count_total_214,0.13903076052264363,4,-1.545375943183899,-6.181503772735596,0.13903076052264363,employees_count_total
-1.7939265966415405,-7.175706386566162,-0.006188023369759321,-0.024752093479037285,patch_matched_layer_random_18,1741,71180_1993.txt_employees_count_total_214,0.3125337805366191,4,-1.235197901725769,-4.940791606903076,0.3125337805366191,employees_count_total
-1.7939265966415405,-7.175706386566162,-0.006188023369759321,-0.024752093479037285,patch_matched_layer_random_19,1741,71180_1993.txt_employees_count_total_214,0.5325114167586716,4,-0.841935396194458,-3.367741584777832,0.5325114167586716,employees_count_total
-1.8418442010879517,-9.209220886230469,-0.6067871451377869,-3.033935546875,patch_qr,35000,104669_1993.txt_employees_count_total_83,1.3310566657621015,5,-0.1979132741689682,-0.9895663857460022,1.331056631197284,employees_count_total
-1.8418442010879517,-9.209220886230469,-0.6067871451377869,-3.033935546875,patch_bottom,35000,104669_1993.txt_employees_count_total_83,-0.33378072555915866,5,-2.254082441329956,-11.27041244506836,-0.33378078025023256,employees_count_total
-1.8418442010879517,-9.209220886230469,-0.6067871451377869,-3.033935546875,patch_same_layer,35000,104669_1993.txt_employees_count_total_83,-0.013875416796990505,5,-1.8589811325073242,-9.294905662536621,-0.013875435967319284,employees_count_total
-1.8418442010879517,-9.209220886230469,-0.6067871451377869,-3.033935546875,patch_random_00,35000,104669_1993.txt_employees_count_total_83,-0.1389361105852042,5,-2.0134382247924805,-10.067191123962402,-0.13893612854843113,employees_count_total
-1.8418442010879517,-9.209220886230469,-0.6067871451377869,-3.033935546875,patch_random_01,35000,104669_1993.txt_employees_count_total_83,0.07633752314520001,5,-1.7475630044937134,-8.737814903259277,0.07633752240838046,employees_count_total
-1.8418442010879517,-9.209220886230469,-0.6067871451377869,-3.033935546875,patch_random_02,35000,104669_1993.txt_employees_count_total_83,0.2971001291020398,5,-1.4749085903167725,-7.374542713165283,0.29710014553864744,employees_count_total
-1.8418442010879517,-9.209220886230469,-0.6067871451377869,-3.033935546875,patch_random_03,35000,104669_1993.txt_employees_count_total_83,0.48375404466396815,5,-1.2443803548812866,-6.2219014167785645,0.48375407860322434,employees_count_total
-1.8418442010879517,-9.209220886230469,-0.6067871451377869,-3.033935546875,patch_random_04,35000,104669_1993.txt_employees_count_total_83,0.09936779043338007,5,-1.7191193103790283,-8.595596313476562,0.09936780877852551,employees_count_total
-1.8418442010879517,-9.209220886230469,-0.6067871451377869,-3.033935546875,patch_random_05,35000,104669_1993.txt_employees_count_total_83,0.4196794537899298,5,-1.3235161304473877,-6.617580413818359,0.4196794690433861,employees_count_total
-1.8418442010879517,-9.209220886230469,-0.6067871451377869,-3.033935546875,patch_random_06,35000,104669_1993.txt_employees_count_total_83,0.18455206813977768,5,-1.6139118671417236,-8.069559097290039,0.18455208566271356,employees_count_total
-1.8418442010879517,-9.209220886230469,-0.6067871451377869,-3.033935546875,patch_random_07,35000,104669_1993.txt_employees_count_total_83,0.13800101241171983,5,-1.6714050769805908,-8.357025146484375,0.13800103038397246,employees_count_total
-1.8418442010879517,-9.209220886230469,-0.6067871451377869,-3.033935546875,patch_random_08,35000,104669_1993.txt_employees_count_total_83,0.440448420499209,5,-1.2978652715682983,-6.489326000213623,0.4404484548564566,employees_count_total
-1.8418442010879517,-9.209220886230469,-0.6067871451377869,-3.033935546875,patch_random_09,35000,104669_1993.txt_employees_count_total_83,-0.020576310231752905,5,-1.8672571182250977,-9.336285591125488,-0.020576329337403804,employees_count_total
-1.8418442010879517,-9.209220886230469,-0.6067871451377869,-3.033935546875,patch_random_10,35000,104669_1993.txt_employees_count_total_83,0.0044050382371469,5,-1.836403727531433,-9.182018280029297,0.004405076803141065,employees_count_total
-1.8418442010879517,-9.209220886230469,-0.6067871451377869,-3.033935546875,patch_random_11,35000,104669_1993.txt_employees_count_total_83,-0.08396009829534248,5,-1.9455397129058838,-9.72769832611084,-0.08396007818069277,employees_count_total
-1.8418442010879517,-9.209220886230469,-0.6067871451377869,-3.033935546875,patch_random_12,35000,104669_1993.txt_employees_count_total_83,-0.0987970600969006,5,-1.9638642072677612,-9.819320678710938,-0.09879702053478658,employees_count_total
-1.8418442010879517,-9.209220886230469,-0.6067871451377869,-3.033935546875,patch_random_13,35000,104669_1993.txt_employees_count_total_83,-0.3699526548636905,5,-2.2987568378448486,-11.493783950805664,-0.369952631988604,employees_count_total
-1.8418442010879517,-9.209220886230469,-0.6067871451377869,-3.033935546875,patch_random_14,35000,104669_1993.txt_employees_count_total_83,0.10416856592396276,5,-1.7131900787353516,-8.565950393676758,0.10416854561425834,employees_count_total
-1.8418442010879517,-9.209220886230469,-0.6067871451377869,-3.033935546875,patch_random_15,35000,104669_1993.txt_employees_count_total_83,-0.2093273436730469,5,-2.1003754138946533,-10.501876831054688,-0.2093273223483365,employees_count_total
-1.8418442010879517,-9.209220886230469,-0.6067871451377869,-3.033935546875,patch_random_16,35000,104669_1993.txt_employees_count_total_83,-0.2798573743634361,5,-2.1874840259552,-10.937419891357422,-0.27985735235796083,employees_count_total
-1.8418442010879517,-9.209220886230469,-0.6067871451377869,-3.033935546875,patch_random_17,35000,104669_1993.txt_employees_count_total_83,0.43861268224967365,5,-1.3001325130462646,-6.500662326812744,0.43861269732038394,employees_count_total
-1.8418442010879517,-9.209220886230469,-0.6067871451377869,-3.033935546875,patch_random_18,35000,104669_1993.txt_employees_count_total_83,0.0979028869466984,5,-1.7209285497665405,-8.604642868041992,0.09790284739321503,employees_count_total
-1.8418442010879517,-9.209220886230469,-0.6067871451377869,-3.033935546875,patch_random_19,35000,104669_1993.txt_employees_count_total_83,0.658553312974743,5,-1.0284932851791382,-5.1424665451049805,0.6585532680097899,employees_count_total
-1.8418442010879517,-9.209220886230469,-0.6067871451377869,-3.033935546875,patch_matched_layer_random_00,35000,104669_1993.txt_employees_count_total_83,-0.31396722301372354,5,-2.22961163520813,-11.14805793762207,-0.3139672006790156,employees_count_total
-1.8418442010879517,-9.209220886230469,-0.6067871451377869,-3.033935546875,patch_matched_layer_random_01,35000,104669_1993.txt_employees_count_total_83,-0.6857191310826083,5,-2.688746452331543,-13.443732261657715,-0.6857191437682155,employees_count_total
-1.8418442010879517,-9.209220886230469,-0.6067871451377869,-3.033935546875,patch_matched_layer_random_02,35000,104669_1993.txt_employees_count_total_83,0.12630562527475386,5,-1.6858495473861694,-8.429247856140137,0.12630558544712364,employees_count_total
-1.8418442010879517,-9.209220886230469,-0.6067871451377869,-3.033935546875,patch_matched_layer_random_03,35000,104669_1993.txt_employees_count_total_83,0.15949871479500882,5,-1.644854187965393,-8.224270820617676,0.1594987132555068,employees_count_total
-1.8418442010879517,-9.209220886230469,-0.6067871451377869,-3.033935546875,patch_matched_layer_random_04,35000,104669_1993.txt_employees_count_total_83,0.10276582214245489,5,-1.714922547340393,-8.574612617492676,0.10276582115054601,employees_count_total
-1.8418442010879517,-9.209220886230469,-0.6067871451377869,-3.033935546875,patch_matched_layer_random_05,35000,104669_1993.txt_employees_count_total_83,0.9929012458436126,5,-0.6155545115470886,-3.077772378921509,0.9929012459121307,employees_count_total
-1.8418442010879517,-9.209220886230469,-0.6067871451377869,-3.033935546875,patch_matched_layer_random_06,35000,104669_1993.txt_employees_count_total_83,-0.06037213104366193,5,-1.9164072275161743,-9.582036018371582,-0.06037213046094239,employees_count_total
-1.8418442010879517,-9.209220886230469,-0.6067871451377869,-3.033935546875,patch_matched_layer_random_07,35000,104669_1993.txt_employees_count_total_83,-0.08005108292292887,5,-1.9407118558883667,-9.703558921813965,-0.08005104354175341,employees_count_total
-1.8418442010879517,-9.209220886230469,-0.6067871451377869,-3.033935546875,patch_matched_layer_random_08,35000,104669_1993.txt_employees_count_total_83,-0.0035851864735655476,5,-1.8462721109390259,-9.23136043548584,-0.0035851864389608687,employees_count_total
-1.8418442010879517,-9.209220886230469,-0.6067871451377869,-3.033935546875,patch_matched_layer_random_09,35000,104669_1993.txt_employees_count_total_83,0.03186997579584089,5,-1.8024829626083374,-9.012414932250977,0.03186993687971564,employees_count_total
-1.8418442010879517,-9.209220886230469,-0.6067871451377869,-3.033935546875,patch_matched_layer_random_10,35000,104669_1993.txt_employees_count_total_83,-0.09761023442171857,5,-1.9623984098434448,-9.811991691589355,-0.09761019487105993,employees_count_total
-1.8418442010879517,-9.209220886230469,-0.6067871451377869,-3.033935546875,patch_matched_layer_random_11,35000,104669_1993.txt_employees_count_total_83,0.304568849329749,5,-1.4656842947006226,-7.328421115875244,0.30456888499852364,employees_count_total
-1.8418442010879517,-9.209220886230469,-0.6067871451377869,-3.033935546875,patch_matched_layer_random_12,35000,104669_1993.txt_employees_count_total_83,-0.055570197297703336,5,-1.910476565361023,-9.552382469177246,-0.05557015815282052,employees_count_total
-1.8418442010879517,-9.209220886230469,-0.6067871451377869,-3.033935546875,patch_matched_layer_random_13,35000,104669_1993.txt_employees_count_total_83,0.4056347386654939,5,-1.3408621549606323,-6.704310894012451,0.4056346961417433,employees_count_total
-1.8418442010879517,-9.209220886230469,-0.6067871451377869,-3.033935546875,patch_matched_layer_random_14,35000,104669_1993.txt_employees_count_total_83,-0.046329925472540445,5,-1.899064302444458,-9.495321273803711,-0.046329905721101995,employees_count_total
-1.8418442010879517,-9.209220886230469,-0.6067871451377869,-3.033935546875,patch_matched_layer_random_15,35000,104669_1993.txt_employees_count_total_83,-0.6528161845340187,5,-2.6481094360351562,-13.240547180175781,-0.6528161975372093,employees_count_total
-1.8418442010879517,-9.209220886230469,-0.6067871451377869,-3.033935546875,patch_matched_layer_random_16,35000,104669_1993.txt_employees_count_total_83,0.4260736991139202,5,-1.315618872642517,-6.578094482421875,0.4260736563928901,employees_count_total
-1.8418442010879517,-9.209220886230469,-0.6067871451377869,-3.033935546875,patch_matched_layer_random_17,35000,104669_1993.txt_employees_count_total_83,-0.008296004129952586,5,-1.8520902395248413,-9.260451316833496,-0.00829604265839065,employees_count_total
-1.8418442010879517,-9.209220886230469,-0.6067871451377869,-3.033935546875,patch_matched_layer_random_18,35000,104669_1993.txt_employees_count_total_83,0.362496578923835,5,-1.3941402435302734,-6.970701217651367,0.3624965561207155,employees_count_total
-1.8418442010879517,-9.209220886230469,-0.6067871451377869,-3.033935546875,patch_matched_layer_random_19,35000,104669_1993.txt_employees_count_total_83,0.5906469237533516,5,-1.1123615503311157,-5.561807632446289,0.5906469180523519,employees_count_total
-1.6467586755752563,-6.587034702301025,-0.2842198610305786,-1.1368794441223145,patch_qr,2260,55387_1993.txt_employees_count_total_10,1.1776449644280864,4,-0.04217170178890228,-0.16868680715560913,1.1776449644280864,employees_count_total
-1.6467586755752563,-6.587034702301025,-0.2842198610305786,-1.1368794441223145,patch_bottom,2260,55387_1993.txt_employees_count_total_10,-0.40914953572257234,4,-2.2042407989501953,-8.816963195800781,-0.40914953572257234,employees_count_total
-1.6467586755752563,-6.587034702301025,-0.2842198610305786,-1.1368794441223145,patch_same_layer,2260,55387_1993.txt_employees_count_total_10,0.05623709732905306,4,-1.5701334476470947,-6.280533790588379,0.05623709732905306,employees_count_total
-1.6467586755752563,-6.587034702301025,-0.2842198610305786,-1.1368794441223145,patch_random_00,2260,55387_1993.txt_employees_count_total_10,-0.02719530448641114,4,-1.6838133335113525,-6.73525333404541,-0.02719530448641114,employees_count_total
-1.6467586755752563,-6.587034702301025,-0.2842198610305786,-1.1368794441223145,patch_random_01,2260,55387_1993.txt_employees_count_total_10,0.18926501276837293,4,-1.3888777494430542,-5.555510997772217,0.18926501276837293,employees_count_total
-1.6467586755752563,-6.587034702301025,-0.2842198610305786,-1.1368794441223145,patch_random_02,2260,55387_1993.txt_employees_count_total_10,0.6944381110997179,4,-0.7005597949028015,-2.802239179611206,0.6944381110997179,employees_count_total
-1.6467586755752563,-6.587034702301025,-0.2842198610305786,-1.1368794441223145,patch_random_03,2260,55387_1993.txt_employees_count_total_10,0.20413105946523669,4,-1.3686221837997437,-5.474488735198975,0.20413105946523669,employees_count_total
-1.6467586755752563,-6.587034702301025,-0.2842198610305786,-1.1368794441223145,patch_random_04,2260,55387_1993.txt_employees_count_total_10,0.08742608359688407,4,-1.527637243270874,-6.110548973083496,0.08742608359688407,employees_count_total
-1.6467586755752563,-6.587034702301025,-0.2842198610305786,-1.1368794441223145,patch_random_05,2260,55387_1993.txt_employees_count_total_10,-0.006102729320642769,4,-1.655073881149292,-6.620295524597168,-0.006102729320642769,employees_count_total
-1.6467586755752563,-6.587034702301025,-0.2842198610305786,-1.1368794441223145,patch_random_06,2260,55387_1993.txt_employees_count_total_10,0.21750670440193026,4,-1.3503973484039307,-5.401589393615723,0.21750670440193026,employees_count_total
-1.6467586755752563,-6.587034702301025,-0.2842198610305786,-1.1368794441223145,patch_random_07,2260,55387_1993.txt_employees_count_total_10,0.06861290009872435,4,-1.553270936012268,-6.213083744049072,0.06861290009872435,employees_count_total
-1.6467586755752563,-6.587034702301025,-0.2842198610305786,-1.1368794441223145,patch_random_08,2260,55387_1993.txt_employees_count_total_10,0.28429087672894476,4,-1.2594013214111328,-5.037605285644531,0.28429087672894476,employees_count_total
-1.6467586755752563,-6.587034702301025,-0.2842198610305786,-1.1368794441223145,patch_random_09,2260,55387_1993.txt_employees_count_total_10,0.03087935716133015,4,-1.6046843528747559,-6.418737411499023,0.03087935716133015,employees_count_total
-1.6467586755752563,-6.587034702301025,-0.2842198610305786,-1.1368794441223145,patch_random_10,2260,55387_1993.txt_employees_count_total_10,0.08301690912635072,4,-1.5336449146270752,-6.134579658508301,0.08301690912635072,employees_count_total
-1.6467586755752563,-6.587034702301025,-0.2842198610305786,-1.1368794441223145,patch_random_11,2260,55387_1993.txt_employees_count_total_10,0.11440633627663256,4,-1.4908756017684937,-5.963502407073975,0.11440633627663256,employees_count_total
-1.6467586755752563,-6.587034702301025,-0.2842198610305786,-1.1368794441223145,patch_random_12,2260,55387_1993.txt_employees_count_total_10,-0.016409380248340218,4,-1.6691170930862427,-6.676468372344971,-0.016409380248340218,employees_count_total
-1.6467586755752563,-6.587034702301025,-0.2842198610305786,-1.1368794441223145,patch_random_13,2260,55387_1993.txt_employees_count_total_10,-0.40666725343671684,4,-2.2008585929870605,-8.803434371948242,-0.40666725343671684,employees_count_total
-1.6467586755752563,-6.587034702301025,-0.2842198610305786,-1.1368794441223145,patch_random_14,2260,55387_1993.txt_employees_count_total_10,-0.11073251999771824,4,-1.7976360321044922,-7.190544128417969,-0.11073251999771824,employees_count_total
-1.6467586755752563,-6.587034702301025,-0.2842198610305786,-1.1368794441223145,patch_random_15,2260,55387_1993.txt_employees_count_total_10,-0.46335501466166873,4,-2.2780978679656982,-9.112391471862793,-0.46335501466166873,employees_count_total
-1.6467586755752563,-6.587034702301025,-0.2842198610305786,-1.1368794441223145,patch_random_16,2260,55387_1993.txt_employees_count_total_10,-0.20814048954820222,4,-1.9303581714630127,-7.721432685852051,-0.20814048954820222,employees_count_total
-1.6467586755752563,-6.587034702301025,-0.2842198610305786,-1.1368794441223145,patch_random_17,2260,55387_1993.txt_employees_count_total_10,-0.10977021128271316,4,-1.7963248491287231,-7.185299396514893,-0.10977021128271316,employees_count_total
-1.6467586755752563,-6.587034702301025,-0.2842198610305786,-1.1368794441223145,patch_random_18,2260,55387_1993.txt_employees_count_total_10,0.015720392055716792,4,-1.6253390312194824,-6.50135612487793,0.015720392055716792,employees_count_total
-1.6467586755752563,-6.587034702301025,-0.2842198610305786,-1.1368794441223145,patch_random_19,2260,55387_1993.txt_employees_count_total_10,0.15833683587225117,4,-1.431018590927124,-5.724074363708496,0.15833683587225117,employees_count_total
-1.6467586755752563,-6.587034702301025,-0.2842198610305786,-1.1368794441223145,patch_matched_layer_random_00,2260,55387_1993.txt_employees_count_total_10,-0.12093776936157435,4,-1.8115410804748535,-7.246164321899414,-0.12093776936157435,employees_count_total
-1.6467586755752563,-6.587034702301025,-0.2842198610305786,-1.1368794441223145,patch_matched_layer_random_01,2260,55387_1993.txt_employees_count_total_10,-0.5563258127610937,4,-2.4047741889953613,-9.619096755981445,-0.5563258127610937,employees_count_total
-1.6467586755752563,-6.587034702301025,-0.2842198610305786,-1.1368794441223145,patch_matched_layer_random_02,2260,55387_1993.txt_employees_count_total_10,0.1372996422335851,4,-1.459682583808899,-5.838730335235596,0.1372996422335851,employees_count_total
-1.6467586755752563,-6.587034702301025,-0.2842198610305786,-1.1368794441223145,patch_matched_layer_random_03,2260,55387_1993.txt_employees_count_total_10,0.1737559979156248,4,-1.4100093841552734,-5.640037536621094,0.1737559979156248,employees_count_total
-1.6467586755752563,-6.587034702301025,-0.2842198610305786,-1.1368794441223145,patch_matched_layer_random_04,2260,55387_1993.txt_employees_count_total_10,-0.09567670626722907,4,-1.777121901512146,-7.108487606048584,-0.09567670626722907,employees_count_total
-1.6467586755752563,-6.587034702301025,-0.2842198610305786,-1.1368794441223145,patch_matched_layer_random_05,2260,55387_1993.txt_employees_count_total_10,0.15073303094261284,4,-1.4413790702819824,-5.76551628112793,0.15073303094261284,employees_count_total
-1.6467586755752563,-6.587034702301025,-0.2842198610305786,-1.1368794441223145,patch_matched_layer_random_06,2260,55387_1993.txt_employees_count_total_10,-0.2710253824125068,4,-2.0160412788391113,-8.064165115356445,-0.2710253824125068,employees_count_total
-1.6467586755752563,-6.587034702301025,-0.2842198610305786,-1.1368794441223145,patch_matched_layer_random_07,2260,55387_1993.txt_employees_count_total_10,-0.15000003499622566,4,-1.8511395454406738,-7.404558181762695,-0.15000003499622566,employees_count_total
-1.6467586755752563,-6.587034702301025,-0.2842198610305786,-1.1368794441223145,patch_matched_layer_random_08,2260,55387_1993.txt_employees_count_total_10,-0.28151182644951744,4,-2.030329465866089,-8.121317863464355,-0.28151182644951744,employees_count_total
-1.6467586755752563,-6.587034702301025,-0.2842198610305786,-1.1368794441223145,patch_matched_layer_random_09,2260,55387_1993.txt_employees_count_total_10,-0.01524199365098474,4,-1.6675264835357666,-6.670105934143066,-0.01524199365098474,employees_count_total
-1.6467586755752563,-6.587034702301025,-0.2842198610305786,-1.1368794441223145,patch_matched_layer_random_10,2260,55387_1993.txt_employees_count_total_10,-0.09098100019912853,4,-1.770723819732666,-7.082895278930664,-0.09098100019912853,employees_count_total
-1.6467586755752563,-6.587034702301025,-0.2842198610305786,-1.1368794441223145,patch_matched_layer_random_11,2260,55387_1993.txt_employees_count_total_10,-0.01366051421354207,4,-1.6653716564178467,-6.661486625671387,-0.01366051421354207,employees_count_total
-1.6467586755752563,-6.587034702301025,-0.2842198610305786,-1.1368794441223145,patch_matched_layer_random_12,2260,55387_1993.txt_employees_count_total_10,-0.24182715644117783,4,-1.976257562637329,-7.905030250549316,-0.24182715644117783,employees_count_total
-1.6467586755752563,-6.587034702301025,-0.2842198610305786,-1.1368794441223145,patch_matched_layer_random_13,2260,55387_1993.txt_employees_count_total_10,0.18164860919749806,4,-1.399255394935608,-5.597021579742432,0.18164860919749806,employees_count_total
-1.6467586755752563,-6.587034702301025,-0.2842198610305786,-1.1368794441223145,patch_matched_layer_random_14,2260,55387_1993.txt_employees_count_total_10,-0.07653088364419898,4,-1.7510349750518799,-7.0041399002075195,-0.07653088364419898,employees_count_total
-1.6467586755752563,-6.587034702301025,-0.2842198610305786,-1.1368794441223145,patch_matched_layer_random_15,2260,55387_1993.txt_employees_count_total_10,-0.2323239313640024,4,-1.9633090496063232,-7.853236198425293,-0.2323239313640024,employees_count_total
-1.6467586755752563,-6.587034702301025,-0.2842198610305786,-1.1368794441223145,patch_matched_layer_random_16,2260,55387_1993.txt_employees_count_total_10,0.21578235287324263,4,-1.352746844291687,-5.410987377166748,0.21578235287324263,employees_count_total
-1.6467586755752563,-6.587034702301025,-0.2842198610305786,-1.1368794441223145,patch_matched_layer_random_17,2260,55387_1993.txt_employees_count_total_10,-0.09638529234622047,4,-1.7780873775482178,-7.112349510192871,-0.09638529234622047,employees_count_total
-1.6467586755752563,-6.587034702301025,-0.2842198610305786,-1.1368794441223145,patch_matched_layer_random_18,2260,55387_1993.txt_employees_count_total_10,0.2370843804495685,4,-1.323722004890442,-5.294888019561768,0.2370843804495685,employees_count_total
-1.6467586755752563,-6.587034702301025,-0.2842198610305786,-1.1368794441223145,patch_matched_layer_random_19,2260,55387_1993.txt_employees_count_total_10,0.4710645081927914,4,-1.0049149990081787,-4.019659996032715,0.4710645081927914,employees_count_total
-2.3638699054718018,-9.455479621887207,-0.7039645314216614,-2.8158581256866455,patch_qr,5300,34501_1993.txt_employees_count_total_219,1.343623722291731,4,-0.13358166813850403,-0.5343266725540161,1.343623722291731,employees_count_total
-2.3638699054718018,-9.455479621887207,-0.7039645314216614,-2.8158581256866455,patch_bottom,5300,34501_1993.txt_employees_count_total_219,-0.2989377810891761,4,-2.8600783348083496,-11.440313339233398,-0.2989377810891761,employees_count_total
-2.3638699054718018,-9.455479621887207,-0.7039645314216614,-2.8158581256866455,patch_same_layer,5300,34501_1993.txt_employees_count_total_219,-0.40381202768930036,4,-3.0341596603393555,-12.136638641357422,-0.40381202768930036,employees_count_total
-2.3638699054718018,-9.455479621887207,-0.7039645314216614,-2.8158581256866455,patch_random_00,5300,34501_1993.txt_employees_count_total_219,-0.35614943678838185,4,-2.9550442695617676,-11.82017707824707,-0.35614943678838185,employees_count_total
-2.3638699054718018,-9.455479621887207,-0.7039645314216614,-2.8158581256866455,patch_random_01,5300,34501_1993.txt_employees_count_total_219,0.4168247506669188,4,-1.6719802618026733,-6.687921047210693,0.4168247506669188,employees_count_total
-2.3638699054718018,-9.455479621887207,-0.7039645314216614,-2.8158581256866455,patch_random_02,5300,34501_1993.txt_employees_count_total_219,0.42717256323668223,4,-1.6548038721084595,-6.619215488433838,0.42717256323668223,employees_count_total
-2.3638699054718018,-9.455479621887207,-0.7039645314216614,-2.8158581256866455,patch_random_03,5300,34501_1993.txt_employees_count_total_219,0.13639684679199748,4,-2.1374640464782715,-8.549856185913086,0.13639684679199748,employees_count_total
-2.3638699054718018,-9.455479621887207,-0.7039645314216614,-2.8158581256866455,patch_random_04,5300,34501_1993.txt_employees_count_total_219,0.23047823137623014,4,-1.9812978506088257,-7.925191402435303,0.23047823137623014,employees_count_total
-2.3638699054718018,-9.455479621887207,-0.7039645314216614,-2.8158581256866455,patch_random_05,5300,34501_1993.txt_employees_count_total_219,0.16647693235180192,4,-2.087533950805664,-8.350135803222656,0.16647693235180192,employees_count_total
-2.3638699054718018,-9.455479621887207,-0.7039645314216614,-2.8158581256866455,patch_random_06,5300,34501_1993.txt_employees_count_total_219,0.18697980088112895,4,-2.0535011291503906,-8.214004516601562,0.18697980088112895,employees_count_total
-2.3638699054718018,-9.455479621887207,-0.7039645314216614,-2.8158581256866455,patch_random_07,5300,34501_1993.txt_employees_count_total_219,0.2144568104002102,4,-2.007891893386841,-8.031567573547363,0.2144568104002102,employees_count_total
-2.3638699054718018,-9.455479621887207,-0.7039645314216614,-2.8158581256866455,patch_random_08,5300,34501_1993.txt_employees_count_total_219,0.2682236957697429,4,-1.9186439514160156,-7.6745758056640625,0.2682236957697429,employees_count_total
-2.3638699054718018,-9.455479621887207,-0.7039645314216614,-2.8158581256866455,patch_random_09,5300,34501_1993.txt_employees_count_total_219,-0.0016797977319570675,4,-2.3666582107543945,-9.466632843017578,-0.0016797977319570675,employees_count_total
-2.3638699054718018,-9.455479621887207,-0.7039645314216614,-2.8158581256866455,patch_random_10,5300,34501_1993.txt_employees_count_total_219,0.019900468213993303,4,-2.3308370113372803,-9.323348045349121,0.019900468213993303,employees_count_total
-2.3638699054718018,-9.455479621887207,-0.7039645314216614,-2.8158581256866455,patch_random_11,5300,34501_1993.txt_employees_count_total_219,-0.04915911185596428,4,-2.445469379425049,-9.781877517700195,-0.04915911185596428,employees_count_total
-2.3638699054718018,-9.455479621887207,-0.7039645314216614,-2.8158581256866455,patch_random_12,5300,34501_1993.txt_employees_count_total_219,-0.06961802843095365,4,-2.479429244995117,-9.917716979980469,-0.06961802843095365,employees_count_total
-2.3638699054718018,-9.455479621887207,-0.7039645314216614,-2.8158581256866455,patch_random_13,5300,34501_1993.txt_employees_count_total_219,-0.6025076098104928,4,-3.3639755249023438,-13.455902099609375,-0.6025076098104928,employees_count_total
-2.3638699054718018,-9.455479621887207,-0.7039645314216614,-2.8158581256866455,patch_random_14,5300,34501_1993.txt_employees_count_total_219,0.027853042906192275,4,-2.317636489868164,-9.270545959472656,0.027853042906192275,employees_count_total
-2.3638699054718018,-9.455479621887207,-0.7039645314216614,-2.8158581256866455,patch_random_15,5300,34501_1993.txt_employees_count_total_219,-0.38905738534491746,4,-3.0096683502197266,-12.038673400878906,-0.38905738534491746,employees_count_total
-2.3638699054718018,-9.455479621887207,-0.7039645314216614,-2.8158581256866455,patch_random_16,5300,34501_1993.txt_employees_count_total_219,-0.2296778318156204,4,-2.7451133728027344,-10.980453491210938,-0.2296778318156204,employees_count_total
-2.3638699054718018,-9.455479621887207,-0.7039645314216614,-2.8158581256866455,patch_random_17,5300,34501_1993.txt_employees_count_total_219,0.2926675895380129,4,-1.8780694007873535,-7.512277603149414,0.2926675895380129,employees_count_total
-2.3638699054718018,-9.455479621887207,-0.7039645314216614,-2.8158581256866455,patch_random_18,5300,34501_1993.txt_employees_count_total_219,0.5127857994682747,4,-1.512694001197815,-6.05077600479126,0.5127857994682747,employees_count_total
-2.3638699054718018,-9.455479621887207,-0.7039645314216614,-2.8158581256866455,patch_random_19,5300,34501_1993.txt_employees_count_total_219,0.4121904767102939,4,-1.6796727180480957,-6.718690872192383,0.4121904767102939,employees_count_total
-2.3638699054718018,-9.455479621887207,-0.7039645314216614,-2.8158581256866455,patch_matched_layer_random_00,5300,34501_1993.txt_employees_count_total_219,-0.09300764983047077,4,-2.518253803253174,-10.073015213012695,-0.09300764983047077,employees_count_total
-2.3638699054718018,-9.455479621887207,-0.7039645314216614,-2.8158581256866455,patch_matched_layer_random_01,5300,34501_1993.txt_employees_count_total_219,-1.1511598558074267,4,-4.274686336517334,-17.098745346069336,-1.1511598558074267,employees_count_total
-2.3638699054718018,-9.455479621887207,-0.7039645314216614,-2.8158581256866455,patch_matched_layer_random_02,5300,34501_1993.txt_employees_count_total_219,0.2915676416088699,4,-1.8798952102661133,-7.519580841064453,0.2915676416088699,employees_count_total
-2.3638699054718018,-9.455479621887207,-0.7039645314216614,-2.8158581256866455,patch_matched_layer_random_03,5300,34501_1993.txt_employees_count_total_219,0.33009806492543914,4,-1.8159383535385132,-7.263753414154053,0.33009806492543914,employees_count_total
-2.3638699054718018,-9.455479621887207,-0.7039645314216614,-2.8158581256866455,patch_matched_layer_random_04,5300,34501_1993.txt_employees_count_total_219,0.10908702706000457,4,-2.182795763015747,-8.731183052062988,0.10908702706000457,employees_count_total
-2.3638699054718018,-9.455479621887207,-0.7039645314216614,-2.8158581256866455,patch_matched_layer_random_05,5300,34501_1993.txt_employees_count_total_219,0.7574665447167507,4,-1.1065471172332764,-4.4261884689331055,0.7574665447167507,employees_count_total
-2.3638699054718018,-9.455479621887207,-0.7039645314216614,-2.8158581256866455,patch_matched_layer_random_06,5300,34501_1993.txt_employees_count_total_219,-0.2946498801321762,4,-2.8529608249664307,-11.411843299865723,-0.2946498801321762,employees_count_total
-2.3638699054718018,-9.455479621887207,-0.7039645314216614,-2.8158581256866455,patch_matched_layer_random_07,5300,34501_1993.txt_employees_count_total_219,0.14627583851549258,4,-2.121065855026245,-8.48426342010498,0.14627583851549258,employees_count_total
-2.3638699054718018,-9.455479621887207,-0.7039645314216614,-2.8158581256866455,patch_matched_layer_random_08,5300,34501_1993.txt_employees_count_total_219,-0.8986182460721263,4,-3.8554911613464355,-15.421964645385742,-0.8986182460721263,employees_count_total
-2.3638699054718018,-9.455479621887207,-0.7039645314216614,-2.8158581256866455,patch_matched_layer_random_09,5300,34501_1993.txt_employees_count_total_219,0.32078937135455077,4,-1.8313899040222168,-7.325559616088867,0.32078937135455077,employees_count_total
-2.3638699054718018,-9.455479621887207,-0.7039645314216614,-2.8158581256866455,patch_matched_layer_random_10,5300,34501_1993.txt_employees_count_total_219,0.010130925474829229,4,-2.3470535278320312,-9.388214111328125,0.010130925474829229,employees_count_total
-2.3638699054718018,-9.455479621887207,-0.7039645314216614,-2.8158581256866455,patch_matched_layer_random_11,5300,34501_1993.txt_employees_count_total_219,0.12531118719794476,4,-2.15586519241333,-8.62346076965332,0.12531118719794476,employees_count_total
-2.3638699054718018,-9.455479621887207,-0.7039645314216614,-2.8158581256866455,patch_matched_layer_random_12,5300,34501_1993.txt_employees_count_total_219,0.13504970502816463,4,-2.139700174331665,-8.55880069732666,0.13504970502816463,employees_count_total
-2.3638699054718018,-9.455479621887207,-0.7039645314216614,-2.8158581256866455,patch_matched_layer_random_13,5300,34501_1993.txt_employees_count_total_219,0.36504173586376415,4,-1.7579351663589478,-7.031740665435791,0.36504173586376415,employees_count_total
-2.3638699054718018,-9.455479621887207,-0.7039645314216614,-2.8158581256866455,patch_matched_layer_random_14,5300,34501_1993.txt_employees_count_total_219,-0.0601937814376318,4,-2.4637858867645264,-9.855143547058105,-0.0601937814376318,employees_count_total
-2.3638699054718018,-9.455479621887207,-0.7039645314216614,-2.8158581256866455,patch_matched_layer_random_15,5300,34501_1993.txt_employees_count_total_219,-0.4011865447698952,4,-3.029801607131958,-12.119206428527832,-0.4011865447698952,employees_count_total
-2.3638699054718018,-9.455479621887207,-0.7039645314216614,-2.8158581256866455,patch_matched_layer_random_16,5300,34501_1993.txt_employees_count_total_219,0.38211764465929354,4,-1.7295907735824585,-6.918363094329834,0.38211764465929354,employees_count_total
-2.3638699054718018,-9.455479621887207,-0.7039645314216614,-2.8158581256866455,patch_matched_layer_random_17,5300,34501_1993.txt_employees_count_total_219,-0.20777252249494418,4,-2.7087526321411133,-10.835010528564453,-0.20777252249494418,employees_count_total
-2.3638699054718018,-9.455479621887207,-0.7039645314216614,-2.8158581256866455,patch_matched_layer_random_18,5300,34501_1993.txt_employees_count_total_219,0.5826484363248395,4,-1.3967286348342896,-5.586914539337158,0.5826484363248395,employees_count_total
-2.3638699054718018,-9.455479621887207,-0.7039645314216614,-2.8158581256866455,patch_matched_layer_random_19,5300,34501_1993.txt_employees_count_total_219,0.9028106305270526,4,-0.8652896881103516,-3.4611587524414062,0.9028106305270526,employees_count_total
-2.408043384552002,-9.632173538208008,-0.03082629293203354,-0.12330517172813416,patch_qr,4151,745287_1993.txt_employees_count_total_38,0.9446072026330887,4,-0.16250699758529663,-0.6500279903411865,0.9446072026330887,employees_count_total
-2.408043384552002,-9.632173538208008,-0.03082629293203354,-0.12330517172813416,patch_bottom,4151,745287_1993.txt_employees_count_total_38,-0.5605546363880324,4,-3.740603446960449,-14.962413787841797,-0.5605546363880324,employees_count_total
-2.408043384552002,-9.632173538208008,-0.03082629293203354,-0.12330517172813416,patch_same_layer,4151,745287_1993.txt_employees_count_total_38,0.09004960458220826,4,-2.1939759254455566,-8.775903701782227,0.09004960458220826,employees_count_total
-2.408043384552002,-9.632173538208008,-0.03082629293203354,-0.12330517172813416,patch_random_00,4151,745287_1993.txt_employees_count_total_38,-0.04697640660485899,4,-2.519716501235962,-10.078866004943848,-0.04697640660485899,employees_count_total
-2.408043384552002,-9.632173538208008,-0.03082629293203354,-0.12330517172813416,patch_random_01,4151,745287_1993.txt_employees_count_total_38,0.28614988302199307,4,-1.7278029918670654,-6.911211967468262,0.28614988302199307,employees_count_total
-2.408043384552002,-9.632173538208008,-0.03082629293203354,-0.12330517172813416,patch_random_02,4151,745287_1993.txt_employees_count_total_38,0.31636168863656444,4,-1.6559829711914062,-6.623931884765625,0.31636168863656444,employees_count_total
-2.408043384552002,-9.632173538208008,-0.03082629293203354,-0.12330517172813416,patch_random_03,4151,745287_1993.txt_employees_count_total_38,0.022734450169173692,4,-2.3539986610412598,-9.415994644165039,0.022734450169173692,employees_count_total
-2.408043384552002,-9.632173538208008,-0.03082629293203354,-0.12330517172813416,patch_random_04,4151,745287_1993.txt_employees_count_total_38,0.19103091126568048,4,-1.9539214372634888,-7.815685749053955,0.19103091126568048,employees_count_total
-2.408043384552002,-9.632173538208008,-0.03082629293203354,-0.12330517172813416,patch_random_05,4151,745287_1993.txt_employees_count_total_38,0.34732669577209263,4,-1.5823724269866943,-6.329489707946777,0.34732669577209263,employees_count_total
-2.408043384552002,-9.632173538208008,-0.03082629293203354,-0.12330517172813416,patch_random_06,4151,745287_1993.txt_employees_count_total_38,0.09682741533936708,4,-2.177863597869873,-8.711454391479492,0.09682741533936708,employees_count_total
-2.408043384552002,-9.632173538208008,-0.03082629293203354,-0.12330517172813416,patch_random_07,4151,745287_1993.txt_employees_count_total_38,0.20006727350768447,4,-1.9324400424957275,-7.72976016998291,0.20006727350768447,employees_count_total
-2.408043384552002,-9.632173538208008,-0.03082629293203354,-0.12330517172813416,patch_random_08,4151,745287_1993.txt_employees_count_total_38,0.1853221752904976,4,-1.9674923419952393,-7.869969367980957,0.1853221752904976,employees_count_total
-2.408043384552002,-9.632173538208008,-0.03082629293203354,-0.12330517172813416,patch_random_09,4151,745287_1993.txt_employees_count_total_38,-0.025420300599429877,4,-2.468472957611084,-9.873891830444336,-0.025420300599429877,employees_count_total
-2.408043384552002,-9.632173538208008,-0.03082629293203354,-0.12330517172813416,patch_random_10,4151,745287_1993.txt_employees_count_total_38,-0.07022104800400704,4,-2.5749740600585938,-10.299896240234375,-0.07022104800400704,employees_count_total
-2.408043384552002,-9.632173538208008,-0.03082629293203354,-0.12330517172813416,patch_random_11,4151,745287_1993.txt_employees_count_total_38,0.10796687469105205,4,-2.1513826847076416,-8.605530738830566,0.10796687469105205,employees_count_total
-2.408043384552002,-9.632173538208008,-0.03082629293203354,-0.12330517172813416,patch_random_12,4151,745287_1993.txt_employees_count_total_38,0.15783754088203253,4,-2.0328292846679688,-8.131317138671875,0.15783754088203253,employees_count_total
-2.408043384552002,-9.632173538208008,-0.03082629293203354,-0.12330517172813416,patch_random_13,4151,745287_1993.txt_employees_count_total_38,-0.5520302205060449,4,-3.720339059829712,-14.881356239318848,-0.5520302205060449,employees_count_total
-2.408043384552002,-9.632173538208008,-0.03082629293203354,-0.12330517172813416,patch_random_14,4151,745287_1993.txt_employees_count_total_38,0.03707787433956533,4,-2.31990122795105,-9.2796049118042,0.03707787433956533,employees_count_total
-2.408043384552002,-9.632173538208008,-0.03082629293203354,-0.12330517172813416,patch_random_15,4151,745287_1993.txt_employees_count_total_38,-0.4313541984467306,4,-3.4334659576416016,-13.733863830566406,-0.4313541984467306,employees_count_total
-2.408043384552002,-9.632173538208008,-0.03082629293203354,-0.12330517172813416,patch_random_16,4151,745287_1993.txt_employees_count_total_38,-0.04999713584716242,4,-2.526897430419922,-10.107589721679688,-0.04999713584716242,employees_count_total
-2.408043384552002,-9.632173538208008,-0.03082629293203354,-0.12330517172813416,patch_random_17,4151,745287_1993.txt_employees_count_total_38,0.2836077526689048,4,-1.7338461875915527,-6.935384750366211,0.2836077526689048,employees_count_total
-2.408043384552002,-9.632173538208008,-0.03082629293203354,-0.12330517172813416,patch_random_18,4151,745287_1993.txt_employees_count_total_38,0.3464284703630794,4,-1.584507703781128,-6.338030815124512,0.3464284703630794,employees_count_total
-2.408043384552002,-9.632173538208008,-0.03082629293203354,-0.12330517172813416,patch_random_19,4151,745287_1993.txt_employees_count_total_38,0.05613256900888468,4,-2.274604082107544,-9.098416328430176,0.05613256900888468,employees_count_total
-2.408043384552002,-9.632173538208008,-0.03082629293203354,-0.12330517172813416,patch_matched_layer_random_00,4151,745287_1993.txt_employees_count_total_38,0.3083365320317172,4,-1.675060510635376,-6.700242042541504,0.3083365320317172,employees_count_total
-2.408043384552002,-9.632173538208008,-0.03082629293203354,-0.12330517172813416,patch_matched_layer_random_01,4151,745287_1993.txt_employees_count_total_38,-0.23855025481244355,4,-2.9751291275024414,-11.900516510009766,-0.23855025481244355,employees_count_total
-2.408043384552002,-9.632173538208008,-0.03082629293203354,-0.12330517172813416,patch_matched_layer_random_02,4151,745287_1993.txt_employees_count_total_38,0.4403753662772266,4,-1.361175537109375,-5.4447021484375,0.4403753662772266,employees_count_total
-2.408043384552002,-9.632173538208008,-0.03082629293203354,-0.12330517172813416,patch_matched_layer_random_03,4151,745287_1993.txt_employees_count_total_38,0.34184381996005153,4,-1.595406413078308,-6.381625652313232,0.34184381996005153,employees_count_total
-2.408043384552002,-9.632173538208008,-0.03082629293203354,-0.12330517172813416,patch_matched_layer_random_04,4151,745287_1993.txt_employees_count_total_38,0.31930970534854913,4,-1.648974895477295,-6.59589958190918,0.31930970534854913,employees_count_total
-2.408043384552002,-9.632173538208008,-0.03082629293203354,-0.12330517172813416,patch_matched_layer_random_05,4151,745287_1993.txt_employees_count_total_38,0.7577913113835537,4,-0.6066089272499084,-2.426435708999634,0.7577913113835537,employees_count_total
-2.408043384552002,-9.632173538208008,-0.03082629293203354,-0.12330517172813416,patch_matched_layer_random_06,4151,745287_1993.txt_employees_count_total_38,-0.19008018239511984,4,-2.859905242919922,-11.439620971679688,-0.19008018239511984,employees_count_total
-2.408043384552002,-9.632173538208008,-0.03082629293203354,-0.12330517172813416,patch_matched_layer_random_07,4151,745287_1993.txt_employees_count_total_38,0.25583758367586396,4,-1.7998619079589844,-7.1994476318359375,0.25583758367586396,employees_count_total
-2.408043384552002,-9.632173538208008,-0.03082629293203354,-0.12330517172813416,patch_matched_layer_random_08,4151,745287_1993.txt_employees_count_total_38,-0.22967009914419326,4,-2.954019069671631,-11.816076278686523,-0.22967009914419326,employees_count_total
-2.408043384552002,-9.632173538208008,-0.03082629293203354,-0.12330517172813416,patch_matched_layer_random_09,4151,745287_1993.txt_employees_count_total_38,0.1232450309753342,4,-2.115063190460205,-8.46025276184082,0.1232450309753342,employees_count_total
-2.408043384552002,-9.632173538208008,-0.03082629293203354,-0.12330517172813416,patch_matched_layer_random_10,4151,745287_1993.txt_employees_count_total_38,0.024278764019998365,4,-2.350327491760254,-9.401309967041016,0.024278764019998365,employees_count_total
-2.408043384552002,-9.632173538208008,-0.03082629293203354,-0.12330517172813416,patch_matched_layer_random_11,4151,745287_1993.txt_employees_count_total_38,0.08416279812760345,4,-2.207970142364502,-8.831880569458008,0.08416279812760345,employees_count_total
-2.408043384552002,-9.632173538208008,-0.03082629293203354,-0.12330517172813416,patch_matched_layer_random_12,4151,745287_1993.txt_employees_count_total_38,0.14262266957241398,4,-2.068998336791992,-8.275993347167969,0.14262266957241398,employees_count_total
-2.408043384552002,-9.632173538208008,-0.03082629293203354,-0.12330517172813416,patch_matched_layer_random_13,4151,745287_1993.txt_employees_count_total_38,0.3589123091804988,4,-1.5548309087753296,-6.219323635101318,0.3589123091804988,employees_count_total
-2.408043384552002,-9.632173538208008,-0.03082629293203354,-0.12330517172813416,patch_matched_layer_random_14,4151,745287_1993.txt_employees_count_total_38,0.23630067956409978,4,-1.8463053703308105,-7.385221481323242,0.23630067956409978,employees_count_total
-2.408043384552002,-9.632173538208008,-0.03082629293203354,-0.12330517172813416,patch_matched_layer_random_15,4151,745287_1993.txt_employees_count_total_38,0.24179799758905934,4,-1.8332370519638062,-7.332948207855225,0.24179799758905934,employees_count_total
-2.408043384552002,-9.632173538208008,-0.03082629293203354,-0.12330517172813416,patch_matched_layer_random_16,4151,745287_1993.txt_employees_count_total_38,0.17451649152626192,4,-1.9931797981262207,-7.972719192504883,0.17451649152626192,employees_count_total
-2.408043384552002,-9.632173538208008,-0.03082629293203354,-0.12330517172813416,patch_matched_layer_random_17,4151,745287_1993.txt_employees_count_total_38,0.2219974227983877,4,-1.8803073167800903,-7.521229267120361,0.2219974227983877,employees_count_total
-2.408043384552002,-9.632173538208008,-0.03082629293203354,-0.12330517172813416,patch_matched_layer_random_18,4151,745287_1993.txt_employees_count_total_38,0.37683644936979344,4,-1.512221336364746,-6.048885345458984,0.37683644936979344,employees_count_total
-2.408043384552002,-9.632173538208008,-0.03082629293203354,-0.12330517172813416,patch_matched_layer_random_19,4151,745287_1993.txt_employees_count_total_38,0.7293017145862248,4,-0.6743348836898804,-2.6973395347595215,0.7293017145862248,employees_count_total
-2.4728875160217285,-9.891550064086914,-0.0027599576860666275,-0.01103983074426651,patch_qr,3712,103392_1993.txt_employees_count_total_176,0.9437537216810505,4,-0.14169543981552124,-0.566781759262085,0.9437537216810505,employees_count_total
-2.4728875160217285,-9.891550064086914,-0.0027599576860666275,-0.01103983074426651,patch_bottom,3712,103392_1993.txt_employees_count_total_176,-0.08819169031170689,4,-2.69073224067688,-10.76292896270752,-0.08819169031170689,employees_count_total
-2.4728875160217285,-9.891550064086914,-0.0027599576860666275,-0.01103983074426651,patch_same_layer,3712,103392_1993.txt_employees_count_total_176,-0.5798213187406921,4,-3.9051201343536377,-15.62048053741455,-0.5798213187406921,employees_count_total
-2.4728875160217285,-9.891550064086914,-0.0027599576860666275,-0.01103983074426651,patch_random_00,3712,103392_1993.txt_employees_count_total_176,-0.11594555802564487,4,-2.7592878341674805,-11.037151336669922,-0.11594555802564487,employees_count_total
-2.4728875160217285,-9.891550064086914,-0.0027599576860666275,-0.01103983074426651,patch_random_01,3712,103392_1993.txt_employees_count_total_176,0.09953172088096138,4,-2.2270314693450928,-8.908125877380371,0.09953172088096138,employees_count_total
-2.4728875160217285,-9.891550064086914,-0.0027599576860666275,-0.01103983074426651,patch_random_02,3712,103392_1993.txt_employees_count_total_176,0.23605931663448096,4,-1.8897908926010132,-7.559163570404053,0.23605931663448096,employees_count_total
-2.4728875160217285,-9.891550064086914,-0.0027599576860666275,-0.01103983074426651,patch_random_03,3712,103392_1993.txt_employees_count_total_176,0.5173513481481911,4,-1.1949636936187744,-4.779854774475098,0.5173513481481911,employees_count_total
-2.4728875160217285,-9.891550064086914,-0.0027599576860666275,-0.01103983074426651,patch_random_04,3712,103392_1993.txt_employees_count_total_176,0.23347391166692638,4,-1.8961771726608276,-7.5847086906433105,0.23347391166692638,employees_count_total
-2.4728875160217285,-9.891550064086914,-0.0027599576860666275,-0.01103983074426651,patch_random_05,3712,103392_1993.txt_employees_count_total_176,0.08585067589809274,4,-2.2608253955841064,-9.043301582336426,0.08585067589809274,employees_count_total
-2.4728875160217285,-9.891550064086914,-0.0027599576860666275,-0.01103983074426651,patch_random_06,3712,103392_1993.txt_employees_count_total_176,0.2325794055616172,4,-1.8983867168426514,-7.5935468673706055,0.2325794055616172,employees_count_total
-2.4728875160217285,-9.891550064086914,-0.0027599576860666275,-0.01103983074426651,patch_random_07,3712,103392_1993.txt_employees_count_total_176,0.29439974320652895,4,-1.7456825971603394,-6.982730388641357,0.29439974320652895,employees_count_total
-2.4728875160217285,-9.891550064086914,-0.0027599576860666275,-0.01103983074426651,patch_random_08,3712,103392_1993.txt_employees_count_total_176,0.33665879837759316,4,-1.6412973403930664,-6.565189361572266,0.33665879837759316,employees_count_total
-2.4728875160217285,-9.891550064086914,-0.0027599576860666275,-0.01103983074426651,patch_random_09,3712,103392_1993.txt_employees_count_total_176,-0.021219895143244096,4,-2.525303363800049,-10.101213455200195,-0.021219895143244096,employees_count_total
-2.4728875160217285,-9.891550064086914,-0.0027599576860666275,-0.01103983074426651,patch_random_10,3712,103392_1993.txt_employees_count_total_176,0.05379159638796257,4,-2.340015411376953,-9.360061645507812,0.05379159638796257,employees_count_total
-2.4728875160217285,-9.891550064086914,-0.0027599576860666275,-0.01103983074426651,patch_random_11,3712,103392_1993.txt_employees_count_total_176,0.014898750839311126,4,-2.4360857009887695,-9.744342803955078,0.014898750839311126,employees_count_total
-2.4728875160217285,-9.891550064086914,-0.0027599576860666275,-0.01103983074426651,patch_random_12,3712,103392_1993.txt_employees_count_total_176,0.30845012486185136,4,-1.7109763622283936,-6.843905448913574,0.30845012486185136,employees_count_total
-2.4728875160217285,-9.891550064086914,-0.0027599576860666275,-0.01103983074426651,patch_random_13,3712,103392_1993.txt_employees_count_total_176,-0.5395546932733067,4,-3.8056564331054688,-15.222625732421875,-0.5395546932733067,employees_count_total
-2.4728875160217285,-9.891550064086914,-0.0027599576860666275,-0.01103983074426651,patch_random_14,3712,103392_1993.txt_employees_count_total_176,0.0678631643492052,4,-2.3052568435668945,-9.221027374267578,0.0678631643492052,employees_count_total
-2.4728875160217285,-9.891550064086914,-0.0027599576860666275,-0.01103983074426651,patch_random_15,3712,103392_1993.txt_employees_count_total_176,-0.19794602097086103,4,-2.961839437484741,-11.847357749938965,-0.19794602097086103,employees_count_total
-2.4728875160217285,-9.891550064086914,-0.0027599576860666275,-0.01103983074426651,patch_random_16,3712,103392_1993.txt_employees_count_total_176,0.0285396431877251,4,-2.402390956878662,-9.609563827514648,0.0285396431877251,employees_count_total
-2.4728875160217285,-9.891550064086914,-0.0027599576860666275,-0.01103983074426651,patch_random_17,3712,103392_1993.txt_employees_count_total_176,0.26053408470820644,4,-1.82933509349823,-7.31734037399292,0.26053408470820644,employees_count_total
-2.4728875160217285,-9.891550064086914,-0.0027599576860666275,-0.01103983074426651,patch_random_18,3712,103392_1993.txt_employees_count_total_176,0.4669470994281835,4,-1.31946861743927,-5.27787446975708,0.4669470994281835,employees_count_total
-2.4728875160217285,-9.891550064086914,-0.0027599576860666275,-0.01103983074426651,patch_random_19,3712,103392_1993.txt_employees_count_total_176,0.5391051961130775,4,-1.1412289142608643,-4.564915657043457,0.5391051961130775,employees_count_total
-2.4728875160217285,-9.891550064086914,-0.0027599576860666275,-0.01103983074426651,patch_matched_layer_random_00,3712,103392_1993.txt_employees_count_total_176,0.566579781019817,4,-1.073363184928894,-4.293452739715576,0.566579781019817,employees_count_total
-2.4728875160217285,-9.891550064086914,-0.0027599576860666275,-0.01103983074426651,patch_matched_layer_random_01,3712,103392_1993.txt_employees_count_total_176,-0.0899724982580737,4,-2.6951310634613037,-10.780524253845215,-0.0899724982580737,employees_count_total
-2.4728875160217285,-9.891550064086914,-0.0027599576860666275,-0.01103983074426651,patch_matched_layer_random_02,3712,103392_1993.txt_employees_count_total_176,0.3195493844055117,4,-1.683559775352478,-6.734239101409912,0.3195493844055117,employees_count_total
-2.4728875160217285,-9.891550064086914,-0.0027599576860666275,-0.01103983074426651,patch_matched_layer_random_03,3712,103392_1993.txt_employees_count_total_176,0.3748822724840737,4,-1.5468804836273193,-6.187521934509277,0.3748822724840737,employees_count_total
-2.4728875160217285,-9.891550064086914,-0.0027599576860666275,-0.01103983074426651,patch_matched_layer_random_04,3712,103392_1993.txt_employees_count_total_176,0.510707776259172,4,-1.2113741636276245,-4.845496654510498,0.510707776259172,employees_count_total
-2.4728875160217285,-9.891550064086914,-0.0027599576860666275,-0.01103983074426651,patch_matched_layer_random_05,3712,103392_1993.txt_employees_count_total_176,0.5960117585958435,4,-1.0006624460220337,-4.002649784088135,0.5960117585958435,employees_count_total
-2.4728875160217285,-9.891550064086914,-0.0027599576860666275,-0.01103983074426651,patch_matched_layer_random_06,3712,103392_1993.txt_employees_count_total_176,-0.39090442840131234,4,-3.4384713172912598,-13.753885269165039,-0.39090442840131234,employees_count_total
-2.4728875160217285,-9.891550064086914,-0.0027599576860666275,-0.01103983074426651,patch_matched_layer_random_07,3712,103392_1993.txt_employees_count_total_176,-0.011965195505222948,4,-2.5024430751800537,-10.009772300720215,-0.011965195505222948,employees_count_total
-2.4728875160217285,-9.891550064086914,-0.0027599576860666275,-0.01103983074426651,patch_matched_layer_random_08,3712,103392_1993.txt_employees_count_total_176,-0.2791922707294696,4,-3.1625280380249023,-12.65011215209961,-0.2791922707294696,employees_count_total
-2.4728875160217285,-9.891550064086914,-0.0027599576860666275,-0.01103983074426651,patch_matched_layer_random_09,3712,103392_1993.txt_employees_count_total_176,-0.022274867005238102,4,-2.527909278869629,-10.111637115478516,-0.022274867005238102,employees_count_total
-2.4728875160217285,-9.891550064086914,-0.0027599576860666275,-0.01103983074426651,patch_matched_layer_random_10,3712,103392_1993.txt_employees_count_total_176,0.177683901288419,4,-2.0339856147766113,-8.135942459106445,0.177683901288419,employees_count_total
-2.4728875160217285,-9.891550064086914,-0.0027599576860666275,-0.01103983074426651,patch_matched_layer_random_11,3712,103392_1993.txt_employees_count_total_176,0.19540882812087884,4,-1.990202784538269,-7.960811138153076,0.19540882812087884,employees_count_total
-2.4728875160217285,-9.891550064086914,-0.0027599576860666275,-0.01103983074426651,patch_matched_layer_random_12,3712,103392_1993.txt_employees_count_total_176,0.13130133464414553,4,-2.1485564708709717,-8.594225883483887,0.13130133464414553,employees_count_total
-2.4728875160217285,-9.891550064086914,-0.0027599576860666275,-0.01103983074426651,patch_matched_layer_random_13,3712,103392_1993.txt_employees_count_total_176,0.2329636064304797,4,-1.8974376916885376,-7.58975076675415,0.2329636064304797,employees_count_total
-2.4728875160217285,-9.891550064086914,-0.0027599576860666275,-0.01103983074426651,patch_matched_layer_random_14,3712,103392_1993.txt_employees_count_total_176,0.021653080295726174,4,-2.4194016456604004,-9.677606582641602,0.021653080295726174,employees_count_total
-2.4728875160217285,-9.891550064086914,-0.0027599576860666275,-0.01103983074426651,patch_matched_layer_random_15,3712,103392_1993.txt_employees_count_total_176,0.20034340350592114,4,-1.9780137538909912,-7.912055015563965,0.20034340350592114,employees_count_total
-2.4728875160217285,-9.891550064086914,-0.0027599576860666275,-0.01103983074426651,patch_matched_layer_random_16,3712,103392_1993.txt_employees_count_total_176,0.44679255212819274,4,-1.3692529201507568,-5.477011680603027,0.44679255212819274,employees_count_total
-2.4728875160217285,-9.891550064086914,-0.0027599576860666275,-0.01103983074426651,patch_matched_layer_random_17,3712,103392_1993.txt_employees_count_total_176,0.2061052100294099,4,-1.9637813568115234,-7.855125427246094,0.2061052100294099,employees_count_total
-2.4728875160217285,-9.891550064086914,-0.0027599576860666275,-0.01103983074426651,patch_matched_layer_random_18,3712,103392_1993.txt_employees_count_total_176,0.3622162880306341,4,-1.5781670808792114,-6.312668323516846,0.3622162880306341,employees_count_total
-2.4728875160217285,-9.891550064086914,-0.0027599576860666275,-0.01103983074426651,patch_matched_layer_random_19,3712,103392_1993.txt_employees_count_total_176,0.660711624081728,4,-0.84084552526474,-3.36338210105896,0.660711624081728,employees_count_total
-1.640322208404541,-6.561288833618164,-0.004829231649637222,-0.01931692659854889,patch_qr,4200,277821_1993.txt_employees_count_total_156,0.9788026290653892,4,-0.03949738293886185,-0.1579895317554474,0.9788026290653892,employees_count_total
-1.640322208404541,-6.561288833618164,-0.004829231649637222,-0.01931692659854889,patch_bottom,4200,277821_1993.txt_employees_count_total_156,-0.27546422185197345,4,-2.0908420085906982,-8.363368034362793,-0.27546422185197345,employees_count_total
-1.640322208404541,-6.561288833618164,-0.004829231649637222,-0.01931692659854889,patch_same_layer,4200,277821_1993.txt_employees_count_total_156,0.02679097243507269,4,-1.5965057611465454,-6.386023044586182,0.02679097243507269,employees_count_total
-1.640322208404541,-6.561288833618164,-0.004829231649637222,-0.01931692659854889,patch_random_00,4200,277821_1993.txt_employees_count_total_156,-0.4206820960433254,4,-2.3283448219299316,-9.313379287719727,-0.4206820960433254,employees_count_total
-1.640322208404541,-6.561288833618164,-0.004829231649637222,-0.01931692659854889,patch_random_01,4200,277821_1993.txt_employees_count_total_156,0.24206579743718654,4,-1.2444252967834473,-4.977701187133789,0.24206579743718654,employees_count_total
-1.640322208404541,-6.561288833618164,-0.004829231649637222,-0.01931692659854889,patch_random_02,4200,277821_1993.txt_employees_count_total_156,0.366381466585917,4,-1.0411078929901123,-4.164431571960449,0.366381466585917,employees_count_total
-1.640322208404541,-6.561288833618164,-0.004829231649637222,-0.01931692659854889,patch_random_03,4200,277821_1993.txt_employees_count_total_156,0.2739920117816348,4,-1.1922101974487305,-4.768840789794922,0.2739920117816348,employees_count_total
-1.640322208404541,-6.561288833618164,-0.004829231649637222,-0.01931692659854889,patch_random_04,4200,277821_1993.txt_employees_count_total_156,0.2642820436298261,4,-1.2080907821655273,-4.832363128662109,0.2642820436298261,employees_count_total
-1.640322208404541,-6.561288833618164,-0.004829231649637222,-0.01931692659854889,patch_random_05,4200,277821_1993.txt_employees_count_total_156,0.022267705758421307,4,-1.6039035320281982,-6.415614128112793,0.022267705758421307,employees_count_total
-1.640322208404541,-6.561288833618164,-0.004829231649637222,-0.01931692659854889,patch_random_06,4200,277821_1993.txt_employees_count_total_156,0.2785588660225035,4,-1.1847411394119263,-4.738964557647705,0.2785588660225035,employees_count_total
-1.640322208404541,-6.561288833618164,-0.004829231649637222,-0.01931692659854889,patch_random_07,4200,277821_1993.txt_employees_count_total_156,0.17379630120385386,4,-1.3560795783996582,-5.424318313598633,0.17379630120385386,employees_count_total
-1.640322208404541,-6.561288833618164,-0.004829231649637222,-0.01931692659854889,patch_random_08,4200,277821_1993.txt_employees_count_total_156,0.2885943560167784,4,-1.1683281660079956,-4.673312664031982,0.2885943560167784,employees_count_total
-1.640322208404541,-6.561288833618164,-0.004829231649637222,-0.01931692659854889,patch_random_09,4200,277821_1993.txt_employees_count_total_156,0.002643534747551322,4,-1.6359987258911133,-6.543994903564453,0.002643534747551322,employees_count_total
-1.640322208404541,-6.561288833618164,-0.004829231649637222,-0.01931692659854889,patch_random_10,4200,277821_1993.txt_employees_count_total_156,0.007905384682086722,4,-1.6273930072784424,-6.5095720291137695,0.007905384682086722,employees_count_total
-1.640322208404541,-6.561288833618164,-0.004829231649637222,-0.01931692659854889,patch_random_11,4200,277821_1993.txt_employees_count_total_156,-0.048044283325244526,4,-1.7188982963562012,-6.875593185424805,-0.048044283325244526,employees_count_total
-1.640322208404541,-6.561288833618164,-0.004829231649637222,-0.01931692659854889,patch_random_12,4200,277821_1993.txt_employees_count_total_156,0.0025111684990249843,4,-1.6362152099609375,-6.54486083984375,0.0025111684990249843,employees_count_total
-1.640322208404541,-6.561288833618164,-0.004829231649637222,-0.01931692659854889,patch_random_13,4200,277821_1993.txt_employees_count_total_156,-0.4255821254615146,4,-2.3363587856292725,-9.34543514251709,-0.4255821254615146,employees_count_total
-1.640322208404541,-6.561288833618164,-0.004829231649637222,-0.01931692659854889,patch_random_14,4200,277821_1993.txt_employees_count_total_156,0.02998401662515708,4,-1.5912835597991943,-6.365134239196777,0.02998401662515708,employees_count_total
-1.640322208404541,-6.561288833618164,-0.004829231649637222,-0.01931692659854889,patch_random_15,4200,277821_1993.txt_employees_count_total_156,-0.2987669500382989,4,-2.128953456878662,-8.515813827514648,-0.2987669500382989,employees_count_total
-1.640322208404541,-6.561288833618164,-0.004829231649637222,-0.01931692659854889,patch_random_16,4200,277821_1993.txt_employees_count_total_156,-0.01520010613170998,4,-1.6651818752288818,-6.660727500915527,-0.01520010613170998,employees_count_total
-1.640322208404541,-6.561288833618164,-0.004829231649637222,-0.01931692659854889,patch_random_17,4200,277821_1993.txt_employees_count_total_156,0.2909808116021313,4,-1.1644251346588135,-4.657700538635254,0.2909808116021313,employees_count_total
-1.640322208404541,-6.561288833618164,-0.004829231649637222,-0.01931692659854889,patch_random_18,4200,277821_1993.txt_employees_count_total_156,0.2639764933468843,4,-1.2085905075073242,-4.834362030029297,0.2639764933468843,employees_count_total
-1.640322208404541,-6.561288833618164,-0.004829231649637222,-0.01931692659854889,patch_random_19,4200,277821_1993.txt_employees_count_total_156,0.24971184340107022,4,-1.2319202423095703,-4.927680969238281,0.24971184340107022,employees_count_total
-1.640322208404541,-6.561288833618164,-0.004829231649637222,-0.01931692659854889,patch_matched_layer_random_00,4200,277821_1993.txt_employees_count_total_156,-0.051113635046304035,4,-1.7239181995391846,-6.895672798156738,-0.051113635046304035,employees_count_total
-1.640322208404541,-6.561288833618164,-0.004829231649637222,-0.01931692659854889,patch_matched_layer_random_01,4200,277821_1993.txt_employees_count_total_156,-0.9220396712297725,4,-3.1483116149902344,-12.593246459960938,-0.9220396712297725,employees_count_total
-1.640322208404541,-6.561288833618164,-0.004829231649637222,-0.01931692659854889,patch_matched_layer_random_02,4200,277821_1993.txt_employees_count_total_156,0.1736799705140697,4,-1.3562698364257812,-5.425079345703125,0.1736799705140697,employees_count_total
-1.640322208404541,-6.561288833618164,-0.004829231649637222,-0.01931692659854889,patch_matched_layer_random_03,4200,277821_1993.txt_employees_count_total_156,0.2031616368171764,4,-1.3080527782440186,-5.232211112976074,0.2031616368171764,employees_count_total
-1.640322208404541,-6.561288833618164,-0.004829231649637222,-0.01931692659854889,patch_matched_layer_random_04,4200,277821_1993.txt_employees_count_total_156,0.12141884546195612,4,-1.4417425394058228,-5.766970157623291,0.12141884546195612,employees_count_total
-1.640322208404541,-6.561288833618164,-0.004829231649637222,-0.01931692659854889,patch_matched_layer_random_05,4200,277821_1993.txt_employees_count_total_156,0.40642200165397224,4,-0.9756218791007996,-3.9024875164031982,0.40642200165397224,employees_count_total
-1.640322208404541,-6.561288833618164,-0.004829231649637222,-0.01931692659854889,patch_matched_layer_random_06,4200,277821_1993.txt_employees_count_total_156,-0.3153583595576029,4,-2.1560885906219482,-8.624354362487793,-0.3153583595576029,employees_count_total
-1.640322208404541,-6.561288833618164,-0.004829231649637222,-0.01931692659854889,patch_matched_layer_random_07,4200,277821_1993.txt_employees_count_total_156,0.020130311555895803,4,-1.6073992252349854,-6.429596900939941,0.020130311555895803,employees_count_total
-1.640322208404541,-6.561288833618164,-0.004829231649637222,-0.01931692659854889,patch_matched_layer_random_08,4200,277821_1993.txt_employees_count_total_156,-0.45995084695801,4,-2.392568588256836,-9.570274353027344,-0.45995084695801,employees_count_total
-1.640322208404541,-6.561288833618164,-0.004829231649637222,-0.01931692659854889,patch_matched_layer_random_09,4200,277821_1993.txt_employees_count_total_156,-0.28705618148888673,4,-2.1098005771636963,-8.439202308654785,-0.28705618148888673,employees_count_total
-1.640322208404541,-6.561288833618164,-0.004829231649637222,-0.01931692659854889,patch_matched_layer_random_10,4200,277821_1993.txt_employees_count_total_156,0.04957815740783717,4,-1.5592374801635742,-6.236949920654297,0.04957815740783717,employees_count_total
-1.640322208404541,-6.561288833618164,-0.004829231649637222,-0.01931692659854889,patch_matched_layer_random_11,4200,277821_1993.txt_employees_count_total_156,0.01336126487740247,4,-1.6184699535369873,-6.473879814147949,0.01336126487740247,employees_count_total
-1.640322208404541,-6.561288833618164,-0.004829231649637222,-0.01931692659854889,patch_matched_layer_random_12,4200,277821_1993.txt_employees_count_total_156,0.1098685053888691,4,-1.4606330394744873,-5.842532157897949,0.1098685053888691,employees_count_total
-1.640322208404541,-6.561288833618164,-0.004829231649637222,-0.01931692659854889,patch_matched_layer_random_13,4200,277821_1993.txt_employees_count_total_156,0.1605911643574775,4,-1.3776764869689941,-5.510705947875977,0.1605911643574775,employees_count_total
-1.640322208404541,-6.561288833618164,-0.004829231649637222,-0.01931692659854889,patch_matched_layer_random_14,4200,277821_1993.txt_employees_count_total_156,-0.059061878403574394,4,-1.736917495727539,-6.947669982910156,-0.059061878403574394,employees_count_total
-1.640322208404541,-6.561288833618164,-0.004829231649637222,-0.01931692659854889,patch_matched_layer_random_15,4200,277821_1993.txt_employees_count_total_156,-0.9342650354370018,4,-3.1683061122894287,-12.673224449157715,-0.9342650354370018,employees_count_total
-1.640322208404541,-6.561288833618164,-0.004829231649637222,-0.01931692659854889,patch_matched_layer_random_16,4200,277821_1993.txt_employees_count_total_156,0.4175185718591073,4,-0.9574735164642334,-3.8298940658569336,0.4175185718591073,employees_count_total
-1.640322208404541,-6.561288833618164,-0.004829231649637222,-0.01931692659854889,patch_matched_layer_random_17,4200,277821_1993.txt_employees_count_total_156,-0.21612113805918393,4,-1.9937868118286133,-7.975147247314453,-0.21612113805918393,employees_count_total
-1.640322208404541,-6.561288833618164,-0.004829231649637222,-0.01931692659854889,patch_matched_layer_random_18,4200,277821_1993.txt_employees_count_total_156,0.2818912737958381,4,-1.179291009902954,-4.717164039611816,0.2818912737958381,employees_count_total
-1.640322208404541,-6.561288833618164,-0.004829231649637222,-0.01931692659854889,patch_matched_layer_random_19,4200,277821_1993.txt_employees_count_total_156,0.5061688259203272,4,-0.8124866485595703,-3.2499465942382812,0.5061688259203272,employees_count_total
-4.290875434875488,-17.163501739501953,-1.5763684511184692,-6.305473804473877,patch_qr,4426,277509_1993.txt_employees_count_total_227,1.3774792734685686,4,-0.5516983270645142,-2.2067933082580566,1.3774792734685686,employees_count_total
-4.290875434875488,-17.163501739501953,-1.5763684511184692,-6.305473804473877,patch_bottom,4426,277509_1993.txt_employees_count_total_227,-0.05355054590424153,4,-4.436238765716553,-17.74495506286621,-0.05355054590424153,employees_count_total
-4.290875434875488,-17.163501739501953,-1.5763684511184692,-6.305473804473877,patch_same_layer,4426,277509_1993.txt_employees_count_total_227,0.3417326517334488,4,-3.3632397651672363,-13.452959060668945,0.3417326517334488,employees_count_total
-4.290875434875488,-17.163501739501953,-1.5763684511184692,-6.305473804473877,patch_random_00,4426,277509_1993.txt_employees_count_total_227,-0.06948278584080979,4,-4.47948694229126,-17.91794776916504,-0.06948278584080979,employees_count_total
-4.290875434875488,-17.163501739501953,-1.5763684511184692,-6.305473804473877,patch_random_01,4426,277509_1993.txt_employees_count_total_227,0.3264062718548887,4,-3.404843330383301,-13.619373321533203,0.3264062718548887,employees_count_total
-4.290875434875488,-17.163501739501953,-1.5763684511184692,-6.305473804473877,patch_random_02,4426,277509_1993.txt_employees_count_total_227,0.31447017876077554,4,-3.437243938446045,-13.74897575378418,0.31447017876077554,employees_count_total
-4.290875434875488,-17.163501739501953,-1.5763684511184692,-6.305473804473877,patch_random_03,4426,277509_1993.txt_employees_count_total_227,0.3401145363596181,4,-3.3676321506500244,-13.470528602600098,0.3401145363596181,employees_count_total
-4.290875434875488,-17.163501739501953,-1.5763684511184692,-6.305473804473877,patch_random_04,4426,277509_1993.txt_employees_count_total_227,0.20249752590308653,4,-3.741194486618042,-14.964777946472168,0.20249752590308653,employees_count_total
-4.290875434875488,-17.163501739501953,-1.5763684511184692,-6.305473804473877,patch_random_05,4426,277509_1993.txt_employees_count_total_227,0.1735211136477268,4,-3.8198511600494385,-15.279404640197754,0.1735211136477268,employees_count_total
-4.290875434875488,-17.163501739501953,-1.5763684511184692,-6.305473804473877,patch_random_06,4426,277509_1993.txt_employees_count_total_227,0.23651922944753914,4,-3.6488423347473145,-14.595369338989258,0.23651922944753914,employees_count_total
-4.290875434875488,-17.163501739501953,-1.5763684511184692,-6.305473804473877,patch_random_07,4426,277509_1993.txt_employees_count_total_227,0.24598041318900607,4,-3.623159885406494,-14.492639541625977,0.24598041318900607,employees_count_total
-4.290875434875488,-17.163501739501953,-1.5763684511184692,-6.305473804473877,patch_random_08,4426,277509_1993.txt_employees_count_total_227,-0.12005251431265339,4,-4.616758823394775,-18.4670352935791,-0.12005251431265339,employees_count_total
-4.290875434875488,-17.163501739501953,-1.5763684511184692,-6.305473804473877,patch_random_09,4426,277509_1993.txt_employees_count_total_227,0.012771368413286499,4,-4.256207466125488,-17.024829864501953,0.012771368413286499,employees_count_total
-4.290875434875488,-17.163501739501953,-1.5763684511184692,-6.305473804473877,patch_random_10,4426,277509_1993.txt_employees_count_total_227,0.026545769859691752,4,-4.218816757202148,-16.875267028808594,0.026545769859691752,employees_count_total
-4.290875434875488,-17.163501739501953,-1.5763684511184692,-6.305473804473877,patch_random_11,4426,277509_1993.txt_employees_count_total_227,0.15125158453089432,4,-3.8803019523620605,-15.521207809448242,0.15125158453089432,employees_count_total
-4.290875434875488,-17.163501739501953,-1.5763684511184692,-6.305473804473877,patch_random_12,4426,277509_1993.txt_employees_count_total_227,0.25229056250874193,4,-3.6060309410095215,-14.424123764038086,0.25229056250874193,employees_count_total
-4.290875434875488,-17.163501739501953,-1.5763684511184692,-6.305473804473877,patch_random_13,4426,277509_1993.txt_employees_count_total_227,-0.19563992431579993,4,-4.821941375732422,-19.287765502929688,-0.19563992431579993,employees_count_total
-4.290875434875488,-17.163501739501953,-1.5763684511184692,-6.305473804473877,patch_random_14,4426,277509_1993.txt_employees_count_total_227,0.12636301495744465,4,-3.947862148284912,-15.791448593139648,0.12636301495744465,employees_count_total
-4.290875434875488,-17.163501739501953,-1.5763684511184692,-6.305473804473877,patch_random_15,4426,277509_1993.txt_employees_count_total_227,-0.3376520112151741,4,-5.207434177398682,-20.829736709594727,-0.3376520112151741,employees_count_total
-4.290875434875488,-17.163501739501953,-1.5763684511184692,-6.305473804473877,patch_random_16,4426,277509_1993.txt_employees_count_total_227,0.09081366224092248,4,-4.044361114501953,-16.177444458007812,0.09081366224092248,employees_count_total
-4.290875434875488,-17.163501739501953,-1.5763684511184692,-6.305473804473877,patch_random_17,4426,277509_1993.txt_employees_count_total_227,0.44515010033624003,4,-3.082512378692627,-12.330049514770508,0.44515010033624003,employees_count_total
-4.290875434875488,-17.163501739501953,-1.5763684511184692,-6.305473804473877,patch_random_18,4426,277509_1993.txt_employees_count_total_227,0.35947869509969615,4,-3.315068006515503,-13.260272026062012,0.35947869509969615,employees_count_total
-4.290875434875488,-17.163501739501953,-1.5763684511184692,-6.305473804473877,patch_random_19,4426,277509_1993.txt_employees_count_total_227,0.2754845156775512,4,-3.5430707931518555,-14.172283172607422,0.2754845156775512,employees_count_total
-4.290875434875488,-17.163501739501953,-1.5763684511184692,-6.305473804473877,patch_matched_layer_random_00,4426,277509_1993.txt_employees_count_total_227,0.38368499141559187,4,-3.2493598461151123,-12.99743938446045,0.38368499141559187,employees_count_total
-4.290875434875488,-17.163501739501953,-1.5763684511184692,-6.305473804473877,patch_matched_layer_random_01,4426,277509_1993.txt_employees_count_total_227,0.09194299663145146,4,-4.041295528411865,-16.16518211364746,0.09194299663145146,employees_count_total
-4.290875434875488,-17.163501739501953,-1.5763684511184692,-6.305473804473877,patch_matched_layer_random_02,4426,277509_1993.txt_employees_count_total_227,0.8171874365281883,4,-2.0726144313812256,-8.290457725524902,0.8171874365281883,employees_count_total
-4.290875434875488,-17.163501739501953,-1.5763684511184692,-6.305473804473877,patch_matched_layer_random_03,4426,277509_1993.txt_employees_count_total_227,0.3826630746607462,4,-3.252133846282959,-13.008535385131836,0.3826630746607462,employees_count_total
-4.290875434875488,-17.163501739501953,-1.5763684511184692,-6.305473804473877,patch_matched_layer_random_04,4426,277509_1993.txt_employees_count_total_227,0.4228301560739601,4,-3.1431000232696533,-12.572400093078613,0.4228301560739601,employees_count_total
-4.290875434875488,-17.163501739501953,-1.5763684511184692,-6.305473804473877,patch_matched_layer_random_05,4426,277509_1993.txt_employees_count_total_227,1.1188893648855438,4,-1.2536424398422241,-5.0145697593688965,1.1188893648855438,employees_count_total
-4.290875434875488,-17.163501739501953,-1.5763684511184692,-6.305473804473877,patch_matched_layer_random_06,4426,277509_1993.txt_employees_count_total_227,-0.03627378498072214,4,-4.389340877532959,-17.557363510131836,-0.03627378498072214,employees_count_total
-4.290875434875488,-17.163501739501953,-1.5763684511184692,-6.305473804473877,patch_matched_layer_random_07,4426,277509_1993.txt_employees_count_total_227,0.46616364238007796,4,-3.0254709720611572,-12.101883888244629,0.46616364238007796,employees_count_total
-4.290875434875488,-17.163501739501953,-1.5763684511184692,-6.305473804473877,patch_matched_layer_random_08,4426,277509_1993.txt_employees_count_total_227,-0.048473020541317254,4,-4.422455787658691,-17.689823150634766,-0.048473020541317254,employees_count_total
-4.290875434875488,-17.163501739501953,-1.5763684511184692,-6.305473804473877,patch_matched_layer_random_09,4426,277509_1993.txt_employees_count_total_227,0.1603394854010167,4,-3.855632781982422,-15.422531127929688,0.1603394854010167,employees_count_total
-4.290875434875488,-17.163501739501953,-1.5763684511184692,-6.305473804473877,patch_matched_layer_random_10,4426,277509_1993.txt_employees_count_total_227,0.07847319400806335,4,-4.077859401702881,-16.311437606811523,0.07847319400806335,employees_count_total
-4.290875434875488,-17.163501739501953,-1.5763684511184692,-6.305473804473877,patch_matched_layer_random_11,4426,277509_1993.txt_employees_count_total_227,0.2444806065275756,4,-3.6272311210632324,-14.50892448425293,0.2444806065275756,employees_count_total
-4.290875434875488,-17.163501739501953,-1.5763684511184692,-6.305473804473877,patch_matched_layer_random_12,4426,277509_1993.txt_employees_count_total_227,-0.010241301026945095,4,-4.318675518035889,-17.274702072143555,-0.010241301026945095,employees_count_total
-4.290875434875488,-17.163501739501953,-1.5763684511184692,-6.305473804473877,patch_matched_layer_random_13,4426,277509_1993.txt_employees_count_total_227,0.42828772731554504,4,-3.1282854080200195,-12.513141632080078,0.42828772731554504,employees_count_total
-4.290875434875488,-17.163501739501953,-1.5763684511184692,-6.305473804473877,patch_matched_layer_random_14,4426,277509_1993.txt_employees_count_total_227,0.4895668974506317,4,-2.961942672729492,-11.847770690917969,0.4895668974506317,employees_count_total
-4.290875434875488,-17.163501739501953,-1.5763684511184692,-6.305473804473877,patch_matched_layer_random_15,4426,277509_1993.txt_employees_count_total_227,0.27731237210944565,4,-3.538109064102173,-14.152436256408691,0.27731237210944565,employees_count_total
-4.290875434875488,-17.163501739501953,-1.5763684511184692,-6.305473804473877,patch_matched_layer_random_16,4426,277509_1993.txt_employees_count_total_227,0.1230377233082436,4,-3.9568886756896973,-15.827554702758789,0.1230377233082436,employees_count_total
-4.290875434875488,-17.163501739501953,-1.5763684511184692,-6.305473804473877,patch_matched_layer_random_17,4426,277509_1993.txt_employees_count_total_227,0.3382694650000099,4,-3.372640609741211,-13.490562438964844,0.3382694650000099,employees_count_total
-4.290875434875488,-17.163501739501953,-1.5763684511184692,-6.305473804473877,patch_matched_layer_random_18,4426,277509_1993.txt_employees_count_total_227,0.48227769303280693,4,-2.98172926902771,-11.92691707611084,0.48227769303280693,employees_count_total
-4.290875434875488,-17.163501739501953,-1.5763684511184692,-6.305473804473877,patch_matched_layer_random_19,4426,277509_1993.txt_employees_count_total_227,0.8911195785328974,4,-1.8719251155853271,-7.487700462341309,0.8911195785328974,employees_count_total
-2.7667794227600098,-13.83389663696289,-2.637500524520874,-13.187501907348633,patch_qr,86168,66740_1993.txt_employees_count_total_197,7.352432063588665,5,-1.8162651062011719,-9.08132553100586,7.3524286140036645,employees_count_total
-2.7667794227600098,-13.83389663696289,-2.637500524520874,-13.187501907348633,patch_bottom,86168,66740_1993.txt_employees_count_total_197,-1.4282534325523066,5,-2.9514224529266357,-14.757112503051758,-1.4282540122810174,employees_count_total
-2.7667794227600098,-13.83389663696289,-2.637500524520874,-13.187501907348633,patch_same_layer,86168,66740_1993.txt_employees_count_total_197,6.897402417770893,5,-1.8750908374786377,-9.37545394897461,6.8973995048643095,employees_count_total
-2.7667794227600098,-13.83389663696289,-2.637500524520874,-13.187501907348633,patch_random_00,86168,66740_1993.txt_employees_count_total_197,0.4242938947135467,5,-2.7119271755218506,-13.559636116027832,0.4242926316845531,employees_count_total
-2.7667794227600098,-13.83389663696289,-2.637500524520874,-13.187501907348633,patch_random_01,86168,66740_1993.txt_employees_count_total_197,-0.33809326214648633,5,-2.810487747192383,-14.052438735961914,-0.3380938751302018,employees_count_total
-2.7667794227600098,-13.83389663696289,-2.637500524520874,-13.187501907348633,patch_random_02,86168,66740_1993.txt_employees_count_total_197,3.604745175062473,5,-2.3007619380950928,-11.503808975219727,3.6047442143188047,employees_count_total
-2.7667794227600098,-13.83389663696289,-2.637500524520874,-13.187501907348633,patch_random_03,86168,66740_1993.txt_employees_count_total_197,3.1228489492563187,5,-2.36306095123291,-11.81530475616455,3.1228470597261113,employees_count_total
-2.7667794227600098,-13.83389663696289,-2.637500524520874,-13.187501907348633,patch_random_04,86168,66740_1993.txt_employees_count_total_197,1.8131806320137946,5,-2.5323734283447266,-12.661867141723633,1.813179225546405,employees_count_total
-2.7667794227600098,-13.83389663696289,-2.637500524520874,-13.187501907348633,patch_random_05,86168,66740_1993.txt_employees_count_total_197,3.8835855302590208,5,-2.264713764190674,-11.323568344116211,3.8835840978232326,employees_count_total
-2.7667794227600098,-13.83389663696289,-2.637500524520874,-13.187501907348633,patch_random_06,86168,66740_1993.txt_employees_count_total_197,0.7532601178455836,5,-2.669398784637451,-13.346993446350098,0.7532598400103866,employees_count_total
-2.7667794227600098,-13.83389663696289,-2.637500524520874,-13.187501907348633,patch_random_07,86168,66740_1993.txt_employees_count_total_197,0.153376303632189,5,-2.746951103210449,-13.734755516052246,0.15337550937305436,employees_count_total
-2.7667794227600098,-13.83389663696289,-2.637500524520874,-13.187501907348633,patch_random_08,86168,66740_1993.txt_employees_count_total_197,3.753214012374708,5,-2.2815680503845215,-11.40783977508545,3.7532126280256244,employees_count_total
-2.7667794227600098,-13.83389663696289,-2.637500524520874,-13.187501907348633,patch_random_09,86168,66740_1993.txt_employees_count_total_197,0.8888692172213155,5,-2.651867389678955,-13.259336471557617,0.8888688893675659,employees_count_total
-2.7667794227600098,-13.83389663696289,-2.637500524520874,-13.187501907348633,patch_random_10,86168,66740_1993.txt_employees_count_total_197,0.1480004057281437,5,-2.7476460933685303,-13.73823070526123,0.1479992446082438,employees_count_total
-2.7667794227600098,-13.83389663696289,-2.637500524520874,-13.187501907348633,patch_random_11,86168,66740_1993.txt_employees_count_total_197,2.09797965826625,5,-2.4955549240112305,-12.477774620056152,2.097978146752553,employees_count_total
-2.7667794227600098,-13.83389663696289,-2.637500524520874,-13.187501907348633,patch_random_12,86168,66740_1993.txt_employees_count_total_197,0.997617269265171,5,-2.6378085613250732,-13.189042091369629,0.997617270144026,employees_count_total
-2.7667794227600098,-13.83389663696289,-2.637500524520874,-13.187501907348633,patch_random_13,86168,66740_1993.txt_employees_count_total_197,0.4527631008695492,5,-2.7082467079162598,-13.54123306274414,0.4527629338707631,employees_count_total
-2.7667794227600098,-13.83389663696289,-2.637500524520874,-13.187501907348633,patch_random_14,86168,66740_1993.txt_employees_count_total_197,1.6907115918374875,5,-2.548206090927124,-12.7410306930542,1.6907098616983922,employees_count_total
-2.7667794227600098,-13.83389663696289,-2.637500524520874,-13.187501907348633,patch_random_15,86168,66740_1993.txt_employees_count_total_197,-1.3523509179599251,5,-2.9416098594665527,-14.708048820495605,-1.3523504191539022,employees_count_total
-2.7667794227600098,-13.83389663696289,-2.637500524520874,-13.187501907348633,patch_random_16,86168,66740_1993.txt_employees_count_total_197,-0.8555275849032247,5,-2.8773810863494873,-14.386905670166016,-0.8555283758782167,employees_count_total
-2.7667794227600098,-13.83389663696289,-2.637500524520874,-13.187501907348633,patch_random_17,86168,66740_1993.txt_employees_count_total_197,2.205860927457652,5,-2.4816081523895264,-12.408041000366211,2.205859007309005,employees_count_total
-2.7667794227600098,-13.83389663696289,-2.637500524520874,-13.187501907348633,patch_random_18,86168,66740_1993.txt_employees_count_total_197,4.324689479653656,5,-2.207688331604004,-11.03844165802002,4.324687146832224,employees_count_total
-2.7667794227600098,-13.83389663696289,-2.637500524520874,-13.187501907348633,patch_random_19,86168,66740_1993.txt_employees_count_total_197,6.635803664462825,5,-1.9089100360870361,-9.544549942016602,6.635800848045276,employees_count_total
-2.7667794227600098,-13.83389663696289,-2.637500524520874,-13.187501907348633,patch_matched_layer_random_00,86168,66740_1993.txt_employees_count_total_197,-0.15273451547760658,5,-2.786524772644043,-13.932623863220215,-0.15273519682971523,employees_count_total
-2.7667794227600098,-13.83389663696289,-2.637500524520874,-13.187501907348633,patch_matched_layer_random_01,86168,66740_1993.txt_employees_count_total_197,3.009331747305135,5,-2.3777363300323486,-11.888681411743164,3.009330268488656,employees_count_total
-2.7667794227600098,-13.83389663696289,-2.637500524520874,-13.187501907348633,patch_matched_layer_random_02,86168,66740_1993.txt_employees_count_total_197,1.3877636080297289,5,-2.5873708724975586,-12.936854362487793,1.3877623584746988,employees_count_total
-2.7667794227600098,-13.83389663696289,-2.637500524520874,-13.187501907348633,patch_matched_layer_random_03,86168,66740_1993.txt_employees_count_total_197,2.27152249485924,5,-2.4731194972991943,-12.365596771240234,2.271522025866266,employees_count_total
-2.7667794227600098,-13.83389663696289,-2.637500524520874,-13.187501907348633,patch_matched_layer_random_04,86168,66740_1993.txt_employees_count_total_197,2.736173430339244,5,-2.4130499362945557,-12.0652494430542,2.73617205227547,employees_count_total
-2.7667794227600098,-13.83389663696289,-2.637500524520874,-13.187501907348633,patch_matched_layer_random_05,86168,66740_1993.txt_employees_count_total_197,11.810119228747682,5,-1.2399802207946777,-6.199901103973389,11.810114134973164,employees_count_total
-2.7667794227600098,-13.83389663696289,-2.637500524520874,-13.187501907348633,patch_matched_layer_random_06,86168,66740_1993.txt_employees_count_total_197,3.5816186708714857,5,-2.3037517070770264,-11.518757820129395,3.5816177186578813,employees_count_total
-2.7667794227600098,-13.83389663696289,-2.637500524520874,-13.187501907348633,patch_matched_layer_random_07,86168,66740_1993.txt_employees_count_total_197,0.7925235368428818,5,-2.664322853088379,-13.321614265441895,0.7925225068383609,employees_count_total
-2.7667794227600098,-13.83389663696289,-2.637500524520874,-13.187501907348633,patch_matched_layer_random_08,86168,66740_1993.txt_employees_count_total_197,5.387188211753207,5,-2.0703296661376953,-10.351648330688477,5.387185487035884,employees_count_total
-2.7667794227600098,-13.83389663696289,-2.637500524520874,-13.187501907348633,patch_matched_layer_random_09,86168,66740_1993.txt_employees_count_total_197,0.8151742325744373,5,-2.6613945960998535,-13.30697250366211,0.8151739319026134,employees_count_total
-2.7667794227600098,-13.83389663696289,-2.637500524520874,-13.187501907348633,patch_matched_layer_random_10,86168,66740_1993.txt_employees_count_total_197,0.5602570841055999,5,-2.694350004196167,-13.471749305725098,0.5602572463019737,employees_count_total
-2.7667794227600098,-13.83389663696289,-2.637500524520874,-13.187501907348633,patch_matched_layer_random_11,86168,66740_1993.txt_employees_count_total_197,1.6878419873302166,5,-2.548577070236206,-12.742884635925293,1.6878417336240805,employees_count_total
-2.7667794227600098,-13.83389663696289,-2.637500524520874,-13.187501907348633,patch_matched_layer_random_12,86168,66740_1993.txt_employees_count_total_197,0.9741532730273774,5,-2.6408419609069824,-13.204209327697754,0.9741529137171471,employees_count_total
-2.7667794227600098,-13.83389663696289,-2.637500524520874,-13.187501907348633,patch_matched_layer_random_13,86168,66740_1993.txt_employees_count_total_197,4.916951137421966,5,-2.1311213970184326,-10.655607223510742,4.916948217304963,employees_count_total
-2.7667794227600098,-13.83389663696289,-2.637500524520874,-13.187501907348633,patch_matched_layer_random_14,86168,66740_1993.txt_employees_count_total_197,3.5771556612907687,5,-2.304328680038452,-11.52164363861084,3.5771532353487934,employees_count_total
-2.7667794227600098,-13.83389663696289,-2.637500524520874,-13.187501907348633,patch_matched_layer_random_15,86168,66740_1993.txt_employees_count_total_197,3.7391463111012753,5,-2.283386707305908,-11.416933059692383,3.7391449319409733,employees_count_total
-2.7667794227600098,-13.83389663696289,-2.637500524520874,-13.187501907348633,patch_matched_layer_random_16,86168,66740_1993.txt_employees_count_total_197,6.407895100832665,5,-1.9383738040924072,-9.691868782043457,6.4078923684777385,employees_count_total
-2.7667794227600098,-13.83389663696289,-2.637500524520874,-13.187501907348633,patch_matched_layer_random_17,86168,66740_1993.txt_employees_count_total_197,3.7834628897064926,5,-2.2776575088500977,-11.388287544250488,3.783460756513041,employees_count_total
-2.7667794227600098,-13.83389663696289,-2.637500524520874,-13.187501907348633,patch_matched_layer_random_18,86168,66740_1993.txt_employees_count_total_197,7.500608592215552,5,-1.7971090078353882,-8.98554515838623,7.500604903554767,employees_count_total
-2.7667794227600098,-13.83389663696289,-2.637500524520874,-13.187501907348633,patch_matched_layer_random_19,86168,66740_1993.txt_employees_count_total_197,12.477564155762723,5,-1.153693675994873,-5.768468379974365,12.477558815805391,employees_count_total
-0.9487223029136658,-4.7436113357543945,-0.2062024623155594,-1.0310122966766357,patch_qr,35000,716006_1993.txt_employees_count_total_118,1.206408705794378,5,-0.05293990299105644,-0.2646995186805725,1.206408709890315,employees_count_total
-0.9487223029136658,-4.7436113357543945,-0.2062024623155594,-1.0310122966766357,patch_bottom,35000,716006_1993.txt_employees_count_total_118,-0.6834710481586038,5,-1.456213116645813,-7.281065464019775,-0.6834710943888264,employees_count_total
-0.9487223029136658,-4.7436113357543945,-0.2062024623155594,-1.0310122966766357,patch_same_layer,35000,716006_1993.txt_employees_count_total_118,-0.8747097486892497,5,-1.598211646080017,-7.991057872772217,-0.8747097391439598,employees_count_total
-0.9487223029136658,-4.7436113357543945,-0.2062024623155594,-1.0310122966766357,patch_random_00,35000,716006_1993.txt_employees_count_total_118,-0.13136472546483005,5,-1.0462632179260254,-5.231316089630127,-0.1313647794287213,employees_count_total
-0.9487223029136658,-4.7436113357543945,-0.2062024623155594,-1.0310122966766357,patch_random_01,35000,716006_1993.txt_employees_count_total_118,0.2936419618170005,5,-0.7306873202323914,-3.6534364223480225,0.29364197478141374,employees_count_total
-0.9487223029136658,-4.7436113357543945,-0.2062024623155594,-1.0310122966766357,patch_random_02,35000,716006_1993.txt_employees_count_total_118,0.43999390483535883,5,-0.6220180988311768,-3.110090494155884,0.4399938760971859,employees_count_total
-0.9487223029136658,-4.7436113357543945,-0.2062024623155594,-1.0310122966766357,patch_random_03,35000,716006_1993.txt_employees_count_total_118,0.528631630520961,5,-0.5562028288841248,-2.7810139656066895,0.5286316538602647,employees_count_total
-0.9487223029136658,-4.7436113357543945,-0.2062024623155594,-1.0310122966766357,patch_random_04,35000,716006_1993.txt_employees_count_total_118,0.14758181286516026,5,-0.8391398787498474,-4.195699214935303,0.14758181938095793,employees_count_total
-0.9487223029136658,-4.7436113357543945,-0.2062024623155594,-1.0310122966766357,patch_random_05,35000,716006_1993.txt_employees_count_total_118,0.29605329660768526,5,-0.7288968563079834,-3.644484281539917,0.2960532615144753,employees_count_total
-0.9487223029136658,-4.7436113357543945,-0.2062024623155594,-1.0310122966766357,patch_random_06,35000,716006_1993.txt_employees_count_total_118,0.28849803780531286,5,-0.7345067858695984,-3.6725339889526367,0.28849798632384027,employees_count_total
-0.9487223029136658,-4.7436113357543945,-0.2062024623155594,-1.0310122966766357,patch_random_07,35000,716006_1993.txt_employees_count_total_118,0.2421009349390944,5,-0.7689575552940369,-3.84478759765625,0.24210094562795018,employees_count_total
-0.9487223029136658,-4.7436113357543945,-0.2062024623155594,-1.0310122966766357,patch_random_08,35000,716006_1993.txt_employees_count_total_118,0.322673344188581,5,-0.7091309428215027,-3.545654535293579,0.32267335843474176,employees_count_total
-0.9487223029136658,-4.7436113357543945,-0.2062024623155594,-1.0310122966766357,patch_random_09,35000,716006_1993.txt_employees_count_total_118,0.028241812512358352,5,-0.9277521967887878,-4.638761043548584,0.02824174954046647,employees_count_total
-0.9487223029136658,-4.7436113357543945,-0.2062024623155594,-1.0310122966766357,patch_random_10,35000,716006_1993.txt_employees_count_total_118,-0.06315499263962511,5,-0.9956161379814148,-4.978080749511719,-0.06315505964672351,employees_count_total
-0.9487223029136658,-4.7436113357543945,-0.2062024623155594,-1.0310122966766357,patch_random_11,35000,716006_1993.txt_employees_count_total_118,0.06280612413533682,5,-0.9020875096321106,-4.510437488555908,0.06280609479886325,employees_count_total
-0.9487223029136658,-4.7436113357543945,-0.2062024623155594,-1.0310122966766357,patch_random_12,35000,716006_1993.txt_employees_count_total_118,0.07256312369602018,5,-0.8948427438735962,-4.474213600158691,0.07256311084501703,employees_count_total
-0.9487223029136658,-4.7436113357543945,-0.2062024623155594,-1.0310122966766357,patch_random_13,35000,716006_1993.txt_employees_count_total_118,-0.9631393252649532,5,-1.6638723611831665,-8.319361686706543,-0.963139383842645,employees_count_total
-0.9487223029136658,-4.7436113357543945,-0.2062024623155594,-1.0310122966766357,patch_random_14,35000,716006_1993.txt_employees_count_total_118,0.16499120212793733,5,-0.8262130618095398,-4.131065368652344,0.16499114519358718,employees_count_total
-0.9487223029136658,-4.7436113357543945,-0.2062024623155594,-1.0310122966766357,patch_random_15,35000,716006_1993.txt_employees_count_total_118,-0.30674251198528074,5,-1.1764847040176392,-5.882423400878906,-0.3067425415827836,employees_count_total
-0.9487223029136658,-4.7436113357543945,-0.2062024623155594,-1.0310122966766357,patch_random_16,35000,716006_1993.txt_employees_count_total_118,-0.09782903809724741,5,-1.0213623046875,-5.1068115234375,-0.09782909058052427,employees_count_total
-0.9487223029136658,-4.7436113357543945,-0.2062024623155594,-1.0310122966766357,patch_random_17,35000,716006_1993.txt_employees_count_total_118,0.275196001225214,5,-0.7443838119506836,-3.721919059753418,0.27519596521114587,employees_count_total
-0.9487223029136658,-4.7436113357543945,-0.2062024623155594,-1.0310122966766357,patch_random_18,35000,716006_1993.txt_employees_count_total_118,0.23221092223722242,5,-0.7763010859489441,-3.881505250930786,0.23221093248943006,employees_count_total
-0.9487223029136658,-4.7436113357543945,-0.2062024623155594,-1.0310122966766357,patch_random_19,35000,716006_1993.txt_employees_count_total_118,0.36714733551378825,5,-0.6761081218719482,-3.380540609359741,0.36714730355940933,employees_count_total
-0.9487223029136658,-4.7436113357543945,-0.2062024623155594,-1.0310122966766357,patch_matched_layer_random_00,35000,716006_1993.txt_employees_count_total_118,0.10892764817614761,5,-0.867841362953186,-4.339206695556641,0.10892763693065316,employees_count_total
-0.9487223029136658,-4.7436113357543945,-0.2062024623155594,-1.0310122966766357,patch_matched_layer_random_01,35000,716006_1993.txt_employees_count_total_118,-1.4718876986986646,5,-2.041628122329712,-10.20814037322998,-1.4718877476284165,employees_count_total
-0.9487223029136658,-4.7436113357543945,-0.2062024623155594,-1.0310122966766357,patch_matched_layer_random_02,35000,716006_1993.txt_employees_count_total_118,-0.03843461674625413,5,-0.9772607684135437,-4.886303901672363,-0.038434682661937766,employees_count_total
-0.9487223029136658,-4.7436113357543945,-0.2062024623155594,-1.0310122966766357,patch_matched_layer_random_03,35000,716006_1993.txt_employees_count_total_118,0.2630240545676578,5,-0.7534217238426208,-3.76710844039917,0.2630240661802779,employees_count_total
-0.9487223029136658,-4.7436113357543945,-0.2062024623155594,-1.0310122966766357,patch_matched_layer_random_04,35000,716006_1993.txt_employees_count_total_118,0.13310360939025415,5,-0.8498902320861816,-4.249451160430908,0.13310356710274857,employees_count_total
-0.9487223029136658,-4.7436113357543945,-0.2062024623155594,-1.0310122966766357,patch_matched_layer_random_05,35000,716006_1993.txt_employees_count_total_118,0.9239700457135341,5,-0.26265621185302734,-1.3132810592651367,0.9239700383431066,employees_count_total
-0.9487223029136658,-4.7436113357543945,-0.2062024623155594,-1.0310122966766357,patch_matched_layer_random_06,35000,716006_1993.txt_employees_count_total_118,-0.4828931714830181,5,-1.3072800636291504,-6.536400318145752,-0.4828932409670346,employees_count_total
-0.9487223029136658,-4.7436113357543945,-0.2062024623155594,-1.0310122966766357,patch_matched_layer_random_07,35000,716006_1993.txt_employees_count_total_118,0.05555606506911355,5,-0.9074708223342896,-4.537353992462158,0.055556051467241775,employees_count_total
-0.9487223029136658,-4.7436113357543945,-0.2062024623155594,-1.0310122966766357,patch_matched_layer_random_08,35000,716006_1993.txt_employees_count_total_118,-0.7947324869526009,5,-1.5388269424438477,-7.694134712219238,-0.7947325702044514,employees_count_total
-0.9487223029136658,-4.7436113357543945,-0.2062024623155594,-1.0310122966766357,patch_matched_layer_random_09,35000,716006_1993.txt_employees_count_total_118,-0.0023407744098128858,5,-0.9504603743553162,-4.7523016929626465,-0.002340774513159038,employees_count_total
-0.9487223029136658,-4.7436113357543945,-0.2062024623155594,-1.0310122966766357,patch_matched_layer_random_10,35000,716006_1993.txt_employees_count_total_118,-0.1432267362514573,5,-1.0550709962844849,-5.275354862213135,-0.14322675862967144,employees_count_total
-0.9487223029136658,-4.7436113357543945,-0.2062024623155594,-1.0310122966766357,patch_matched_layer_random_11,35000,716006_1993.txt_employees_count_total_118,0.2624456039367555,5,-0.7538512349128723,-3.769256114959717,0.262445583414447,employees_count_total
-0.9487223029136658,-4.7436113357543945,-0.2062024623155594,-1.0310122966766357,patch_matched_layer_random_12,35000,716006_1993.txt_employees_count_total_118,-0.00987885468942465,5,-0.9560575485229492,-4.780287742614746,-0.009878903289664778,employees_count_total
-0.9487223029136658,-4.7436113357543945,-0.2062024623155594,-1.0310122966766357,patch_matched_layer_random_13,35000,716006_1993.txt_employees_count_total_118,-0.04114505048930393,5,-0.9792733192443848,-4.896366596221924,-0.04114510046995945,employees_count_total
-0.9487223029136658,-4.7436113357543945,-0.2062024623155594,-1.0310122966766357,patch_matched_layer_random_14,35000,716006_1993.txt_employees_count_total_118,0.0250514236871319,5,-0.930121123790741,-4.65060567855835,0.02505136057438304,employees_count_total
-0.9487223029136658,-4.7436113357543945,-0.2062024623155594,-1.0310122966766357,patch_matched_layer_random_15,35000,716006_1993.txt_employees_count_total_118,-1.1136723120122245,5,-1.7756460905075073,-8.878230094909668,-1.1136723130172301,employees_count_total
-0.9487223029136658,-4.7436113357543945,-0.2062024623155594,-1.0310122966766357,patch_matched_layer_random_16,35000,716006_1993.txt_employees_count_total_118,-0.041055063928487734,5,-0.9792065024375916,-4.896032333374023,-0.04105506574108568,employees_count_total
-0.9487223029136658,-4.7436113357543945,-0.2062024623155594,-1.0310122966766357,patch_matched_layer_random_17,35000,716006_1993.txt_employees_count_total_118,-0.3936879926320192,5,-1.2410434484481812,-6.205216884613037,-0.39368796184942123,employees_count_total
-0.9487223029136658,-4.7436113357543945,-0.2062024623155594,-1.0310122966766357,patch_matched_layer_random_18,35000,716006_1993.txt_employees_count_total_118,0.3635675400814972,5,-0.6787661910057068,-3.3938310146331787,0.36356749191437404,employees_count_total
-0.9487223029136658,-4.7436113357543945,-0.2062024623155594,-1.0310122966766357,patch_matched_layer_random_19,35000,716006_1993.txt_employees_count_total_118,0.8481688106138707,5,-0.318940132856369,-1.594700574874878,0.8481688239788299,employees_count_total
-0.8393980860710144,-4.196990489959717,-0.211016446352005,-1.0550822019577026,patch_qr,14400,29989_1993.txt_employees_count_total_56,1.2825383084145787,5,-0.03347456082701683,-0.16737280786037445,1.282538289703496,employees_count_total
-0.8393980860710144,-4.196990489959717,-0.211016446352005,-1.0550822019577026,patch_bottom,14400,29989_1993.txt_employees_count_total_56,-0.45845307294208215,5,-1.1274815797805786,-5.6374077796936035,-0.45845300298369607,employees_count_total
-0.8393980860710144,-4.196990489959717,-0.211016446352005,-1.0550822019577026,patch_same_layer,14400,29989_1993.txt_employees_count_total_56,-0.20849562691258697,5,-0.9704129099845886,-4.852064609527588,-0.20849562097958066,employees_count_total
-0.8393980860710144,-4.196990489959717,-0.211016446352005,-1.0550822019577026,patch_random_00,14400,29989_1993.txt_employees_count_total_56,-0.42757233594003774,5,-1.1080766916275024,-5.540383338928223,-0.42757226686040195,employees_count_total
-0.8393980860710144,-4.196990489959717,-0.211016446352005,-1.0550822019577026,patch_random_01,14400,29989_1993.txt_employees_count_total_56,0.318825302683345,5,-0.6390541195869446,-3.195270538330078,0.3188253315524519,employees_count_total
-0.8393980860710144,-4.196990489959717,-0.211016446352005,-1.0550822019577026,patch_random_02,14400,29989_1993.txt_employees_count_total_56,0.6166271654208594,5,-0.45192089676856995,-2.2596044540405273,0.6166271763302174,employees_count_total
-0.8393980860710144,-4.196990489959717,-0.211016446352005,-1.0550822019577026,patch_random_03,14400,29989_1993.txt_employees_count_total_56,0.6626199330718171,5,-0.4230198860168457,-2.1150994300842285,0.662619933186972,employees_count_total
-0.8393980860710144,-4.196990489959717,-0.211016446352005,-1.0550822019577026,patch_random_04,14400,29989_1993.txt_employees_count_total_56,0.30740238944397835,5,-0.6462320685386658,-3.2311601638793945,0.30740245657982207,employees_count_total
-0.8393980860710144,-4.196990489959717,-0.211016446352005,-1.0550822019577026,patch_random_05,14400,29989_1993.txt_employees_count_total_56,-0.0592256415215583,5,-0.8766143918037415,-4.3830718994140625,-0.05922560189453449,employees_count_total
-0.8393980860710144,-4.196990489959717,-0.211016446352005,-1.0550822019577026,patch_random_06,14400,29989_1993.txt_employees_count_total_56,0.19016457632489162,5,-0.7199021577835083,-3.599510669708252,0.1901646278260436,employees_count_total
-0.8393980860710144,-4.196990489959717,-0.211016446352005,-1.0550822019577026,patch_random_07,14400,29989_1993.txt_employees_count_total_56,0.30729112545422715,5,-0.6463019847869873,-3.2315099239349365,0.3072911356807119,employees_count_total
-0.8393980860710144,-4.196990489959717,-0.211016446352005,-1.0550822019577026,patch_random_08,14400,29989_1993.txt_employees_count_total_56,0.4522944735707474,5,-0.555184543132782,-2.7759225368499756,0.45229453658350394,employees_count_total
-0.8393980860710144,-4.196990489959717,-0.211016446352005,-1.0550822019577026,patch_random_09,14400,29989_1993.txt_employees_count_total_56,0.025432311110050853,5,-0.8234168887138367,-4.117084503173828,0.02543231038634233,employees_count_total
-0.8393980860710144,-4.196990489959717,-0.211016446352005,-1.0550822019577026,patch_random_10,14400,29989_1993.txt_employees_count_total_56,-0.17963073160721119,5,-0.952274739742279,-4.761373519897461,-0.1796306506122251,employees_count_total
-0.8393980860710144,-4.196990489959717,-0.211016446352005,-1.0550822019577026,patch_random_11,14400,29989_1993.txt_employees_count_total_56,0.19772360327055424,5,-0.7151522040367126,-3.575760841369629,0.19772367352744627,employees_count_total
-0.8393980860710144,-4.196990489959717,-0.211016446352005,-1.0550822019577026,patch_random_12,14400,29989_1993.txt_employees_count_total_56,-0.15179576332717082,5,-0.9347837567329407,-4.673918724060059,-0.15179572106594733,employees_count_total
-0.8393980860710144,-4.196990489959717,-0.211016446352005,-1.0550822019577026,patch_random_13,14400,29989_1993.txt_employees_count_total_56,-0.3803343696313999,5,-1.0783932209014893,-5.391965866088867,-0.38033426395429665,employees_count_total
-0.8393980860710144,-4.196990489959717,-0.211016446352005,-1.0550822019577026,patch_random_14,14400,29989_1993.txt_employees_count_total_56,-0.008537258425887725,5,-0.8447627425193787,-4.223813533782959,-0.008537182299582448,employees_count_total
-0.8393980860710144,-4.196990489959717,-0.211016446352005,-1.0550822019577026,patch_random_15,14400,29989_1993.txt_employees_count_total_56,-0.408784752033781,5,-1.0962709188461304,-5.481354713439941,-0.4087847593721365,employees_count_total
-0.8393980860710144,-4.196990489959717,-0.211016446352005,-1.0550822019577026,patch_random_16,14400,29989_1993.txt_employees_count_total_56,-0.2334245467237379,5,-0.9860777854919434,-4.930388927459717,-0.23342452111050602,employees_count_total
-0.8393980860710144,-4.196990489959717,-0.211016446352005,-1.0550822019577026,patch_random_17,14400,29989_1993.txt_employees_count_total_56,0.7452034241042288,5,-0.3711259365081787,-1.8556296825408936,0.7452034218693663,employees_count_total
-0.8393980860710144,-4.196990489959717,-0.211016446352005,-1.0550822019577026,patch_random_18,14400,29989_1993.txt_employees_count_total_56,0.27284320613114854,5,-0.6679484248161316,-3.3397419452667236,0.2728432742504175,employees_count_total
-0.8393980860710144,-4.196990489959717,-0.211016446352005,-1.0550822019577026,patch_random_19,14400,29989_1993.txt_employees_count_total_56,0.6066123155198231,5,-0.45821404457092285,-2.2910702228546143,0.6066123172287455,employees_count_total
-0.8393980860710144,-4.196990489959717,-0.211016446352005,-1.0550822019577026,patch_matched_layer_random_00,14400,29989_1993.txt_employees_count_total_56,-0.3759896673410643,5,-1.0756630897521973,-5.378315448760986,-0.3759896376709619,employees_count_total
-0.8393980860710144,-4.196990489959717,-0.211016446352005,-1.0550822019577026,patch_matched_layer_random_01,14400,29989_1993.txt_employees_count_total_56,-0.9799025268640169,5,-1.455150842666626,-7.275753974914551,-0.9799024041254447,employees_count_total
-0.8393980860710144,-4.196990489959717,-0.211016446352005,-1.0550822019577026,patch_matched_layer_random_02,14400,29989_1993.txt_employees_count_total_56,0.5315165210662429,5,-0.5054028630256653,-2.5270142555236816,0.5315165438829527,employees_count_total
-0.8393980860710144,-4.196990489959717,-0.211016446352005,-1.0550822019577026,patch_matched_layer_random_03,14400,29989_1993.txt_employees_count_total_56,0.5275761822783024,5,-0.5078788995742798,-2.5393943786621094,0.5275762241779811,employees_count_total
-0.8393980860710144,-4.196990489959717,-0.211016446352005,-1.0550822019577026,patch_matched_layer_random_04,14400,29989_1993.txt_employees_count_total_56,0.11283145559146367,5,-0.7684968709945679,-3.84248423576355,0.11283150929322726,employees_count_total
-0.8393980860710144,-4.196990489959717,-0.211016446352005,-1.0550822019577026,patch_matched_layer_random_05,14400,29989_1993.txt_employees_count_total_56,1.2555842808360014,5,-0.050411976873874664,-0.2520598769187927,1.2555842664489623,employees_count_total
-0.8393980860710144,-4.196990489959717,-0.211016446352005,-1.0550822019577026,patch_matched_layer_random_06,14400,29989_1993.txt_employees_count_total_56,-0.34044798410850485,5,-1.053329348564148,-5.266646862030029,-0.34044799339146936,employees_count_total
-0.8393980860710144,-4.196990489959717,-0.211016446352005,-1.0550822019577026,patch_matched_layer_random_07,14400,29989_1993.txt_employees_count_total_56,0.09219990581925369,5,-0.7814613580703735,-3.907306671142578,0.09219996010811407,employees_count_total
-0.8393980860710144,-4.196990489959717,-0.211016446352005,-1.0550822019577026,patch_matched_layer_random_08,14400,29989_1993.txt_employees_count_total_56,-0.639949017758558,5,-1.2415302991867065,-6.207651615142822,-0.6399490185188424,employees_count_total
-0.8393980860710144,-4.196990489959717,-0.211016446352005,-1.0550822019577026,patch_matched_layer_random_09,14400,29989_1993.txt_employees_count_total_56,-0.26959018095764714,5,-1.0088036060333252,-5.044017791748047,-0.2695900784319097,employees_count_total
-0.8393980860710144,-4.196990489959717,-0.211016446352005,-1.0550822019577026,patch_matched_layer_random_10,14400,29989_1993.txt_employees_count_total_56,-0.26390689603869366,5,-1.005232334136963,-5.0261616706848145,-0.26390686955804804,employees_count_total
-0.8393980860710144,-4.196990489959717,-0.211016446352005,-1.0550822019577026,patch_matched_layer_random_11,14400,29989_1993.txt_employees_count_total_56,0.17387573690458175,5,-0.7301377654075623,-3.650688886642456,0.17387573195672812,employees_count_total
-0.8393980860710144,-4.196990489959717,-0.211016446352005,-1.0550822019577026,patch_matched_layer_random_12,14400,29989_1993.txt_employees_count_total_56,-0.045901849889511445,5,-0.8682419657707214,-4.341209888458252,-0.04590184858331635,employees_count_total
-0.8393980860710144,-4.196990489959717,-0.211016446352005,-1.0550822019577026,patch_matched_layer_random_13,14400,29989_1993.txt_employees_count_total_56,0.5224446643059667,5,-0.5111034512519836,-2.5555171966552734,0.5224446873808275,employees_count_total
-0.8393980860710144,-4.196990489959717,-0.211016446352005,-1.0550822019577026,patch_matched_layer_random_14,14400,29989_1993.txt_employees_count_total_56,0.4814665068120263,5,-0.5368533730506897,-2.6842668056488037,0.4814665310529724,employees_count_total
-0.8393980860710144,-4.196990489959717,-0.211016446352005,-1.0550822019577026,patch_matched_layer_random_15,14400,29989_1993.txt_employees_count_total_56,-1.2959516364936212,5,-1.6537503004074097,-8.26875114440918,-1.2959514668197891,employees_count_total
-0.8393980860710144,-4.196990489959717,-0.211016446352005,-1.0550822019577026,patch_matched_layer_random_16,14400,29989_1993.txt_employees_count_total_56,0.05654306957428339,5,-0.8038674592971802,-4.019337177276611,0.056543124877804066,employees_count_total
-0.8393980860710144,-4.196990489959717,-0.211016446352005,-1.0550822019577026,patch_matched_layer_random_17,14400,29989_1993.txt_employees_count_total_56,-0.38227110291591804,5,-1.0796102285385132,-5.3980512619018555,-0.3822711110087529,employees_count_total
-0.8393980860710144,-4.196990489959717,-0.211016446352005,-1.0550822019577026,patch_matched_layer_random_18,14400,29989_1993.txt_employees_count_total_56,0.9463663699326569,5,-0.24471883475780487,-1.2235941886901855,0.9463663572307383,employees_count_total
-0.8393980860710144,-4.196990489959717,-0.211016446352005,-1.0550822019577026,patch_matched_layer_random_19,14400,29989_1993.txt_employees_count_total_56,1.172994600566308,5,-0.10230981558561325,-0.5115490555763245,1.172994593272173,employees_count_total
-1.0826882123947144,-5.413441181182861,-1.3439973592758179,-6.719986438751221,patch_qr,29900,812427_1993.txt_employees_count_total_248,-4.054057081196795,5,-0.02332601509988308,-0.11663006991147995,-4.054058656283668,employees_count_total
-1.0826882123947144,-5.413441181182861,-1.3439973592758179,-6.719986438751221,patch_bottom,29900,812427_1993.txt_employees_count_total_248,1.277627485150683,5,-1.416543960571289,-7.082719802856445,1.2776278601939253,employees_count_total
-1.0826882123947144,-5.413441181182861,-1.3439973592758179,-6.719986438751221,patch_same_layer,29900,812427_1993.txt_employees_count_total_248,0.904037371921789,5,-1.318921446800232,-6.594606876373291,0.9040373368992388,employees_count_total
-1.0826882123947144,-5.413441181182861,-1.3439973592758179,-6.719986438751221,patch_random_00,29900,812427_1993.txt_employees_count_total_248,0.7079921716042736,5,-1.267693042755127,-6.338465213775635,0.7079923387532372,employees_count_total
-1.0826882123947144,-5.413441181182861,-1.3439973592758179,-6.719986438751221,patch_random_01,29900,812427_1993.txt_employees_count_total_248,-2.09514602968951,5,-0.5352073907852173,-2.676036834716797,-2.0951469768148017,employees_count_total
-1.0826882123947144,-5.413441181182861,-1.3439973592758179,-6.719986438751221,patch_random_02,29900,812427_1993.txt_employees_count_total_248,-1.4722872054087097,5,-0.6979660987854004,-3.489830493927002,-1.4722878339751768,employees_count_total
-1.0826882123947144,-5.413441181182861,-1.3439973592758179,-6.719986438751221,patch_random_03,29900,812427_1993.txt_employees_count_total_248,-0.8936540268793168,5,-0.8491682410240173,-4.245841026306152,-0.8936545811277565,employees_count_total
-1.0826882123947144,-5.413441181182861,-1.3439973592758179,-6.719986438751221,patch_random_04,29900,812427_1993.txt_employees_count_total_248,-1.9110206567458325,5,-0.5833210349082947,-2.916605234146118,-1.9110213998125565,employees_count_total
-1.0826882123947144,-5.413441181182861,-1.3439973592758179,-6.719986438751221,patch_random_05,29900,812427_1993.txt_employees_count_total_248,0.10554146403773688,5,-1.110267162322998,-5.55133581161499,0.10554141131610525,employees_count_total
-1.0826882123947144,-5.413441181182861,-1.3439973592758179,-6.719986438751221,patch_random_06,29900,812427_1993.txt_employees_count_total_248,-1.034124004343026,5,-0.8124621510505676,-4.062310695648193,-1.034124518617355,employees_count_total
-1.0826882123947144,-5.413441181182861,-1.3439973592758179,-6.719986438751221,patch_random_07,29900,812427_1993.txt_employees_count_total_248,-0.8242404266384431,5,-0.867306649684906,-4.336533069610596,-0.8242409555536739,employees_count_total
-1.0826882123947144,-5.413441181182861,-1.3439973592758179,-6.719986438751221,patch_random_08,29900,812427_1993.txt_employees_count_total_248,-0.9895130975082345,5,-0.8241193890571594,-4.120596885681152,-0.9895135955013533,employees_count_total
-1.0826882123947144,-5.413441181182861,-1.3439973592758179,-6.719986438751221,patch_random_09,29900,812427_1993.txt_employees_count_total_248,-0.13709546445744109,5,-1.0468639135360718,-5.234319686889648,-0.13709551449184387,employees_count_total
-1.0826882123947144,-5.413441181182861,-1.3439973592758179,-6.719986438751221,patch_random_10,29900,812427_1993.txt_employees_count_total_248,-0.025755239459493984,5,-1.0759581327438354,-5.379790306091309,-0.025755613819440998,employees_count_total
-1.0826882123947144,-5.413441181182861,-1.3439973592758179,-6.719986438751221,patch_random_11,29900,812427_1993.txt_employees_count_total_248,-0.317685285718196,5,-0.9996741414070129,-4.99837064743042,-0.3176855385208305,employees_count_total
-1.0826882123947144,-5.413441181182861,-1.3439973592758179,-6.719986438751221,patch_random_12,29900,812427_1993.txt_employees_count_total_248,0.49586317643087197,5,-1.2122617959976196,-6.061308860778809,0.4958631749210956,employees_count_total
-1.0826882123947144,-5.413441181182861,-1.3439973592758179,-6.719986438751221,patch_random_13,29900,812427_1993.txt_employees_count_total_248,1.7753592576710067,5,-1.5466058254241943,-7.733028888702393,1.775359631886436,employees_count_total
-1.0826882123947144,-5.413441181182861,-1.3439973592758179,-6.719986438751221,patch_random_14,29900,812427_1993.txt_employees_count_total_248,-0.018795448946633698,5,-1.0777767896652222,-5.388883590698242,-0.018795820766533432,employees_count_total
-1.0826882123947144,-5.413441181182861,-1.3439973592758179,-6.719986438751221,patch_random_15,29900,812427_1993.txt_employees_count_total_248,1.5614346584428975,5,-1.4907053709030151,-7.453526496887207,1.5614348633442627,employees_count_total
-1.0826882123947144,-5.413441181182861,-1.3439973592758179,-6.719986438751221,patch_random_16,29900,812427_1993.txt_employees_count_total_248,0.5576477404403245,5,-1.2284066677093506,-6.142033100128174,0.5576476702393848,employees_count_total
-1.0826882123947144,-5.413441181182861,-1.3439973592758179,-6.719986438751221,patch_random_17,29900,812427_1993.txt_employees_count_total_248,-2.7633747639163877,5,-0.36059311032295227,-1.802965521812439,-2.7633758864885856,employees_count_total
-1.0826882123947144,-5.413441181182861,-1.3439973592758179,-6.719986438751221,patch_random_18,29900,812427_1993.txt_employees_count_total_248,-2.2570331246977675,5,-0.49290481209754944,-2.464524030685425,-2.2570340624753653,employees_count_total
-1.0826882123947144,-5.413441181182861,-1.3439973592758179,-6.719986438751221,patch_random_19,29900,812427_1993.txt_employees_count_total_248,-2.27791945328966,5,-0.48744702339172363,-2.437235116958618,-2.277920375879919,employees_count_total
-1.0826882123947144,-5.413441181182861,-1.3439973592758179,-6.719986438751221,patch_matched_layer_random_00,29900,812427_1993.txt_employees_count_total_248,-0.6175851497705312,5,-0.9213075637817383,-4.606537818908691,-0.6175854664046738,employees_count_total
-1.0826882123947144,-5.413441181182861,-1.3439973592758179,-6.719986438751221,patch_matched_layer_random_01,29900,812427_1993.txt_employees_count_total_248,3.2430780741051635,5,-1.9301341772079468,-9.650671005249023,3.2430792576999328,employees_count_total
-1.0826882123947144,-5.413441181182861,-1.3439973592758179,-6.719986438751221,patch_matched_layer_random_02,29900,812427_1993.txt_employees_count_total_248,-1.6375407158693807,5,-0.6547838449478149,-3.273919105529785,-1.6375414959868964,employees_count_total
-1.0826882123947144,-5.413441181182861,-1.3439973592758179,-6.719986438751221,patch_matched_layer_random_03,29900,812427_1993.txt_employees_count_total_248,-1.6940655194751872,5,-0.6400133967399597,-3.2000670433044434,-1.6940661833618975,employees_count_total
-1.0826882123947144,-5.413441181182861,-1.3439973592758179,-6.719986438751221,patch_matched_layer_random_04,29900,812427_1993.txt_employees_count_total_248,-0.4401921515314641,5,-0.96766197681427,-4.8383097648620605,-0.4401924946642803,employees_count_total
-1.0826882123947144,-5.413441181182861,-1.3439973592758179,-6.719986438751221,patch_matched_layer_random_05,29900,812427_1993.txt_employees_count_total_248,-3.475869232488755,5,-0.17441178858280182,-0.8720589280128479,-3.475870603688143,employees_count_total
-1.0826882123947144,-5.413441181182861,-1.3439973592758179,-6.719986438751221,patch_matched_layer_random_06,29900,812427_1993.txt_employees_count_total_248,1.3753077070464685,5,-1.4420686960220337,-7.210343360900879,1.375308026499038,employees_count_total
-1.0826882123947144,-5.413441181182861,-1.3439973592758179,-6.719986438751221,patch_matched_layer_random_07,29900,812427_1993.txt_employees_count_total_248,-1.3746733606445196,5,-0.7234734892845154,-3.6173672676086426,-1.3746740904459231,employees_count_total
-1.0826882123947144,-5.413441181182861,-1.3439973592758179,-6.719986438751221,patch_matched_layer_random_08,29900,812427_1993.txt_employees_count_total_248,3.4163109825640277,5,-1.975401520729065,-9.877007484436035,3.416312046901779,employees_count_total
-1.0826882123947144,-5.413441181182861,-1.3439973592758179,-6.719986438751221,patch_matched_layer_random_09,29900,812427_1993.txt_employees_count_total_248,1.3236065364367113,5,-1.4285587072372437,-7.14279317855835,1.3236066545402523,employees_count_total
-1.0826882123947144,-5.413441181182861,-1.3439973592758179,-6.719986438751221,patch_matched_layer_random_10,29900,812427_1993.txt_employees_count_total_248,-0.11203410552823423,5,-1.053412675857544,-5.267063140869141,-0.11203442013646596,employees_count_total
-1.0826882123947144,-5.413441181182861,-1.3439973592758179,-6.719986438751221,patch_matched_layer_random_11,29900,812427_1993.txt_employees_count_total_248,-0.22587065811443327,5,-1.0236661434173584,-5.118330478668213,-0.22587101426848816,employees_count_total
-1.0826882123947144,-5.413441181182861,-1.3439973592758179,-6.719986438751221,patch_matched_layer_random_12,29900,812427_1993.txt_employees_count_total_248,0.34959900000912403,5,-1.1740416288375854,-5.870208263397217,0.34959912759888234,employees_count_total
-1.0826882123947144,-5.413441181182861,-1.3439973592758179,-6.719986438751221,patch_matched_layer_random_13,29900,812427_1993.txt_employees_count_total_248,-2.3191028138429393,5,-0.47668543457984924,-2.383427143096924,-2.31910377427351,employees_count_total
-1.0826882123947144,-5.413441181182861,-1.3439973592758179,-6.719986438751221,patch_matched_layer_random_14,29900,812427_1993.txt_employees_count_total_248,0.1658912783642485,5,-1.1260371208190918,-5.630185604095459,0.16589124766790364,employees_count_total
-1.0826882123947144,-5.413441181182861,-1.3439973592758179,-6.719986438751221,patch_matched_layer_random_15,29900,812427_1993.txt_employees_count_total_248,1.6972965575131613,5,-1.5262073278427124,-7.631036758422852,1.697297176959034,employees_count_total
-1.0826882123947144,-5.413441181182861,-1.3439973592758179,-6.719986438751221,patch_matched_layer_random_16,29900,812427_1993.txt_employees_count_total_248,-1.453347140993239,5,-0.7029153108596802,-3.5145764350891113,-1.4533478538874112,employees_count_total
-1.0826882123947144,-5.413441181182861,-1.3439973592758179,-6.719986438751221,patch_matched_layer_random_17,29900,812427_1993.txt_employees_count_total_248,1.7488745540642878,5,-1.5396851301193237,-7.69842529296875,1.7488748273737749,employees_count_total
-1.0826882123947144,-5.413441181182861,-1.3439973592758179,-6.719986438751221,patch_matched_layer_random_18,29900,812427_1993.txt_employees_count_total_248,-2.6860376502039216,5,-0.3808020055294037,-1.9040099382400513,-2.686038790171181,employees_count_total
-1.0826882123947144,-5.413441181182861,-1.3439973592758179,-6.719986438751221,patch_matched_layer_random_19,29900,812427_1993.txt_employees_count_total_248,-3.485054766836069,5,-0.17201152443885803,-0.8600575923919678,-3.485056152792822,employees_count_total
-1.8190839290618896,-1.8190839290618896,-10.182726860046387,-10.182726860046387,patch_qr,0,801124_1993.txt_employees_count_total_132,0.39578749064878366,1,-5.129309177398682,-5.129309177398682,0.39578749064878366,employees_count_total
-1.8190839290618896,-1.8190839290618896,-10.182726860046387,-10.182726860046387,patch_bottom,0,801124_1993.txt_employees_count_total_132,0.16676817372893085,1,-3.2138733863830566,-3.2138733863830566,0.16676817372893085,employees_count_total
-1.8190839290618896,-1.8190839290618896,-10.182726860046387,-10.182726860046387,patch_same_layer,0,801124_1993.txt_employees_count_total_132,0.3890021913267634,1,-5.072559356689453,-5.072559356689453,0.3890021913267634,employees_count_total
-1.8190839290618896,-1.8190839290618896,-10.182726860046387,-10.182726860046387,patch_random_00,0,801124_1993.txt_employees_count_total_132,-0.06857376700419084,1,-1.245557427406311,-1.245557427406311,-0.06857376700419084,employees_count_total
-1.8190839290618896,-1.8190839290618896,-10.182726860046387,-10.182726860046387,patch_random_01,0,801124_1993.txt_employees_count_total_132,0.15618078521340328,1,-3.125324249267578,-3.125324249267578,0.15618078521340328,employees_count_total
-1.8190839290618896,-1.8190839290618896,-10.182726860046387,-10.182726860046387,patch_random_02,0,801124_1993.txt_employees_count_total_132,0.15731409149022277,1,-3.13480281829834,-3.13480281829834,0.15731409149022277,employees_count_total
-1.8190839290618896,-1.8190839290618896,-10.182726860046387,-10.182726860046387,patch_random_03,0,801124_1993.txt_employees_count_total_132,0.05436110115203223,1,-2.273740768432617,-2.273740768432617,0.05436110115203223,employees_count_total
-1.8190839290618896,-1.8190839290618896,-10.182726860046387,-10.182726860046387,patch_random_04,0,801124_1993.txt_employees_count_total_132,0.07641684450713478,1,-2.458207130432129,-2.458207130432129,0.07641684450713478,employees_count_total
-1.8190839290618896,-1.8190839290618896,-10.182726860046387,-10.182726860046387,patch_random_05,0,801124_1993.txt_employees_count_total_132,-0.12420272533420434,1,-0.7802966833114624,-0.7802966833114624,-0.12420272533420434,employees_count_total
-1.8190839290618896,-1.8190839290618896,-10.182726860046387,-10.182726860046387,patch_random_06,0,801124_1993.txt_employees_count_total_132,0.08851713247742046,1,-2.5594096183776855,-2.5594096183776855,0.08851713247742046,employees_count_total
-1.8190839290618896,-1.8190839290618896,-10.182726860046387,-10.182726860046387,patch_random_07,0,801124_1993.txt_employees_count_total_132,0.05336131954068769,1,-2.265378952026367,-2.265378952026367,0.05336131954068769,employees_count_total
-1.8190839290618896,-1.8190839290618896,-10.182726860046387,-10.182726860046387,patch_random_08,0,801124_1993.txt_employees_count_total_132,-0.044948153860437816,1,-1.4431536197662354,-1.4431536197662354,-0.044948153860437816,employees_count_total
-1.8190839290618896,-1.8190839290618896,-10.182726860046387,-10.182726860046387,patch_random_09,0,801124_1993.txt_employees_count_total_132,-0.02362649684670556,1,-1.6214803457260132,-1.6214803457260132,-0.02362649684670556,employees_count_total
-1.8190839290618896,-1.8190839290618896,-10.182726860046387,-10.182726860046387,patch_random_10,0,801124_1993.txt_employees_count_total_132,-0.07409377473744687,1,-1.1993900537490845,-1.1993900537490845,-0.07409377473744687,employees_count_total
-1.8190839290618896,-1.8190839290618896,-10.182726860046387,-10.182726860046387,patch_random_11,0,801124_1993.txt_employees_count_total_132,0.05577838964863429,1,-2.2855944633483887,-2.2855944633483887,0.05577838964863429,employees_count_total
-1.8190839290618896,-1.8190839290618896,-10.182726860046387,-10.182726860046387,patch_random_12,0,801124_1993.txt_employees_count_total_132,0.024223238645322144,1,-2.0216784477233887,-2.0216784477233887,0.024223238645322144,employees_count_total
-1.8190839290618896,-1.8190839290618896,-10.182726860046387,-10.182726860046387,patch_random_13,0,801124_1993.txt_employees_count_total_132,0.11852281012635783,1,-2.81036639213562,-2.81036639213562,0.11852281012635783,employees_count_total
-1.8190839290618896,-1.8190839290618896,-10.182726860046387,-10.182726860046387,patch_random_14,0,801124_1993.txt_employees_count_total_132,-0.09039845054374955,1,-1.063023567199707,-1.063023567199707,-0.09039845054374955,employees_count_total
-1.8190839290618896,-1.8190839290618896,-10.182726860046387,-10.182726860046387,patch_random_15,0,801124_1993.txt_employees_count_total_132,-0.029497505691403345,1,-1.572377324104309,-1.572377324104309,-0.029497505691403345,employees_count_total
-1.8190839290618896,-1.8190839290618896,-10.182726860046387,-10.182726860046387,patch_random_16,0,801124_1993.txt_employees_count_total_132,0.048617402545594726,1,-2.2257025241851807,-2.2257025241851807,0.048617402545594726,employees_count_total
-1.8190839290618896,-1.8190839290618896,-10.182726860046387,-10.182726860046387,patch_random_17,0,801124_1993.txt_employees_count_total_132,-0.018632876754424738,1,-1.6632452011108398,-1.6632452011108398,-0.018632876754424738,employees_count_total
-1.8190839290618896,-1.8190839290618896,-10.182726860046387,-10.182726860046387,patch_random_18,0,801124_1993.txt_employees_count_total_132,0.06752297292724693,1,-2.383821964263916,-2.383821964263916,0.06752297292724693,employees_count_total
-1.8190839290618896,-1.8190839290618896,-10.182726860046387,-10.182726860046387,patch_random_19,0,801124_1993.txt_employees_count_total_132,0.07459758519331187,1,-2.4429914951324463,-2.4429914951324463,0.07459758519331187,employees_count_total
-1.8190839290618896,-1.8190839290618896,-10.182726860046387,-10.182726860046387,patch_matched_layer_random_00,0,801124_1993.txt_employees_count_total_132,0.28856570193195424,1,-4.232544422149658,-4.232544422149658,0.28856570193195424,employees_count_total
-1.8190839290618896,-1.8190839290618896,-10.182726860046387,-10.182726860046387,patch_matched_layer_random_01,0,801124_1993.txt_employees_count_total_132,0.08210535443885845,1,-2.505783796310425,-2.505783796310425,0.08210535443885845,employees_count_total
-1.8190839290618896,-1.8190839290618896,-10.182726860046387,-10.182726860046387,patch_matched_layer_random_02,0,801124_1993.txt_employees_count_total_132,0.15831940337165745,1,-3.1432108879089355,-3.1432108879089355,0.15831940337165745,employees_count_total
-1.8190839290618896,-1.8190839290618896,-10.182726860046387,-10.182726860046387,patch_matched_layer_random_03,0,801124_1993.txt_employees_count_total_132,0.2365784264562876,1,-3.797741413116455,-3.797741413116455,0.2365784264562876,employees_count_total
-1.8190839290618896,-1.8190839290618896,-10.182726860046387,-10.182726860046387,patch_matched_layer_random_04,0,801124_1993.txt_employees_count_total_132,0.0525722013106113,1,-2.2587790489196777,-2.2587790489196777,0.0525722013106113,employees_count_total
-1.8190839290618896,-1.8190839290618896,-10.182726860046387,-10.182726860046387,patch_matched_layer_random_05,0,801124_1993.txt_employees_count_total_132,0.12684831817502457,1,-2.879997968673706,-2.879997968673706,0.12684831817502457,employees_count_total
-1.8190839290618896,-1.8190839290618896,-10.182726860046387,-10.182726860046387,patch_matched_layer_random_06,0,801124_1993.txt_employees_count_total_132,-0.06166219793287056,1,-1.30336332321167,-1.30336332321167,-0.06166219793287056,employees_count_total
-1.8190839290618896,-1.8190839290618896,-10.182726860046387,-10.182726860046387,patch_matched_layer_random_07,0,801124_1993.txt_employees_count_total_132,0.058402930404601115,1,-2.3075451850891113,-2.3075451850891113,0.058402930404601115,employees_count_total
-1.8190839290618896,-1.8190839290618896,-10.182726860046387,-10.182726860046387,patch_matched_layer_random_08,0,801124_1993.txt_employees_count_total_132,-0.13195998387783736,1,-0.715417742729187,-0.715417742729187,-0.13195998387783736,employees_count_total
-1.8190839290618896,-1.8190839290618896,-10.182726860046387,-10.182726860046387,patch_matched_layer_random_09,0,801124_1993.txt_employees_count_total_132,0.04820662320539529,1,-2.222266912460327,-2.222266912460327,0.04820662320539529,employees_count_total
-1.8190839290618896,-1.8190839290618896,-10.182726860046387,-10.182726860046387,patch_matched_layer_random_10,0,801124_1993.txt_employees_count_total_132,0.3739888193332313,1,-4.946992874145508,-4.946992874145508,0.3739888193332313,employees_count_total
-1.8190839290618896,-1.8190839290618896,-10.182726860046387,-10.182726860046387,patch_matched_layer_random_11,0,801124_1993.txt_employees_count_total_132,0.05348315652195157,1,-2.2663979530334473,-2.2663979530334473,0.05348315652195157,employees_count_total
-1.8190839290618896,-1.8190839290618896,-10.182726860046387,-10.182726860046387,patch_matched_layer_random_12,0,801124_1993.txt_employees_count_total_132,-0.05788309926940286,1,-1.3349703550338745,-1.3349703550338745,-0.05788309926940286,employees_count_total
-1.8190839290618896,-1.8190839290618896,-10.182726860046387,-10.182726860046387,patch_matched_layer_random_13,0,801124_1993.txt_employees_count_total_132,0.11956175973308295,1,-2.8190557956695557,-2.8190557956695557,0.11956175973308295,employees_count_total
-1.8190839290618896,-1.8190839290618896,-10.182726860046387,-10.182726860046387,patch_matched_layer_random_14,0,801124_1993.txt_employees_count_total_132,0.14016586420262156,1,-2.9913811683654785,-2.9913811683654785,0.14016586420262156,employees_count_total
-1.8190839290618896,-1.8190839290618896,-10.182726860046387,-10.182726860046387,patch_matched_layer_random_15,0,801124_1993.txt_employees_count_total_132,0.07181235303271602,1,-2.419696807861328,-2.419696807861328,0.07181235303271602,employees_count_total
-1.8190839290618896,-1.8190839290618896,-10.182726860046387,-10.182726860046387,patch_matched_layer_random_16,0,801124_1993.txt_employees_count_total_132,0.31705183810071597,1,-4.470792293548584,-4.470792293548584,0.31705183810071597,employees_count_total
-1.8190839290618896,-1.8190839290618896,-10.182726860046387,-10.182726860046387,patch_matched_layer_random_17,0,801124_1993.txt_employees_count_total_132,-0.14348716910348705,1,-0.619008481502533,-0.619008481502533,-0.14348716910348705,employees_count_total
-1.8190839290618896,-1.8190839290618896,-10.182726860046387,-10.182726860046387,patch_matched_layer_random_18,0,801124_1993.txt_employees_count_total_132,0.05611151715519714,1,-2.2883806228637695,-2.2883806228637695,0.05611151715519714,employees_count_total
-1.8190839290618896,-1.8190839290618896,-10.182726860046387,-10.182726860046387,patch_matched_layer_random_19,0,801124_1993.txt_employees_count_total_132,0.05517316715232795,1,-2.2805325984954834,-2.2805325984954834,0.05517316715232795,employees_count_total
-2.470979690551758,-4.941959381103516,-0.004455444868654013,-0.008910889737308025,patch_qr,Illinois,50548_1993.txt_headquarters_state_179,0.5496805927716842,2,-1.115179181098938,-2.230358362197876,0.5496805927716842,headquarters_state
-2.470979690551758,-4.941959381103516,-0.004455444868654013,-0.008910889737308025,patch_bottom,Illinois,50548_1993.txt_headquarters_state_179,-0.08297542294375113,2,-2.67564058303833,-5.35128116607666,-0.08297542294375113,headquarters_state
-2.470979690551758,-4.941959381103516,-0.004455444868654013,-0.008910889737308025,patch_same_layer,Illinois,50548_1993.txt_headquarters_state_179,-0.0712339187383278,2,-2.6466798782348633,-5.293359756469727,-0.0712339187383278,headquarters_state
-2.470979690551758,-4.941959381103516,-0.004455444868654013,-0.008910889737308025,patch_random_00,Illinois,50548_1993.txt_headquarters_state_179,-0.1361445150052126,2,-2.806783437728882,-5.613566875457764,-0.1361445150052126,headquarters_state
-2.470979690551758,-4.941959381103516,-0.004455444868654013,-0.008910889737308025,patch_random_01,Illinois,50548_1993.txt_headquarters_state_179,0.34250249052946713,2,-1.6261889934539795,-3.252377986907959,0.34250249052946713,headquarters_state
-2.470979690551758,-4.941959381103516,-0.004455444868654013,-0.008910889737308025,patch_random_02,Illinois,50548_1993.txt_headquarters_state_179,0.2679284246122606,2,-1.8101277351379395,-3.620255470275879,0.2679284246122606,headquarters_state
-2.470979690551758,-4.941959381103516,-0.004455444868654013,-0.008910889737308025,patch_random_03,Illinois,50548_1993.txt_headquarters_state_179,0.10231821477332925,2,-2.21860933303833,-4.43721866607666,0.10231821477332925,headquarters_state
-2.470979690551758,-4.941959381103516,-0.004455444868654013,-0.008910889737308025,patch_random_04,Illinois,50548_1993.txt_headquarters_state_179,-0.020294910183273843,2,-2.5210375785827637,-5.042075157165527,-0.020294910183273843,headquarters_state
-2.470979690551758,-4.941959381103516,-0.004455444868654013,-0.008910889737308025,patch_random_05,Illinois,50548_1993.txt_headquarters_state_179,-0.1086536199649968,2,-2.73897647857666,-5.47795295715332,-0.1086536199649968,headquarters_state
-2.470979690551758,-4.941959381103516,-0.004455444868654013,-0.008910889737308025,patch_random_06,Illinois,50548_1993.txt_headquarters_state_179,0.16576747852537427,2,-2.062110185623169,-4.124220371246338,0.16576747852537427,headquarters_state
-2.470979690551758,-4.941959381103516,-0.004455444868654013,-0.008910889737308025,patch_random_07,Illinois,50548_1993.txt_headquarters_state_179,0.26595613802456436,2,-1.8149924278259277,-3.6299848556518555,0.26595613802456436,headquarters_state
-2.470979690551758,-4.941959381103516,-0.004455444868654013,-0.008910889737308025,patch_random_08,Illinois,50548_1993.txt_headquarters_state_179,0.09441234593775363,2,-2.2381093502044678,-4.4762187004089355,0.09441234593775363,headquarters_state
-2.470979690551758,-4.941959381103516,-0.004455444868654013,-0.008910889737308025,patch_random_09,Illinois,50548_1993.txt_headquarters_state_179,0.024509942968172917,2,-2.410525321960449,-4.821050643920898,0.024509942968172917,headquarters_state
-2.470979690551758,-4.941959381103516,-0.004455444868654013,-0.008910889737308025,patch_random_10,Illinois,50548_1993.txt_headquarters_state_179,-0.0789899618431188,2,-2.6658103466033936,-5.331620693206787,-0.0789899618431188,headquarters_state
-2.470979690551758,-4.941959381103516,-0.004455444868654013,-0.008910889737308025,patch_random_11,Illinois,50548_1993.txt_headquarters_state_179,0.1013168955828791,2,-2.221079111099243,-4.442158222198486,0.1013168955828791,headquarters_state
-2.470979690551758,-4.941959381103516,-0.004455444868654013,-0.008910889737308025,patch_random_12,Illinois,50548_1993.txt_headquarters_state_179,-0.12194441888849476,2,-2.771758556365967,-5.543517112731934,-0.12194441888849476,headquarters_state
-2.470979690551758,-4.941959381103516,-0.004455444868654013,-0.008910889737308025,patch_random_13,Illinois,50548_1993.txt_headquarters_state_179,-0.8780389060136328,2,-4.636683940887451,-9.273367881774902,-0.8780389060136328,headquarters_state
-2.470979690551758,-4.941959381103516,-0.004455444868654013,-0.008910889737308025,patch_random_14,Illinois,50548_1993.txt_headquarters_state_179,0.10659453111520731,2,-2.208061695098877,-4.416123390197754,0.10659453111520731,headquarters_state
-2.470979690551758,-4.941959381103516,-0.004455444868654013,-0.008910889737308025,patch_random_15,Illinois,50548_1993.txt_headquarters_state_179,-0.10831337056347304,2,-2.7381372451782227,-5.476274490356445,-0.10831337056347304,headquarters_state
-2.470979690551758,-4.941959381103516,-0.004455444868654013,-0.008910889737308025,patch_random_16,Illinois,50548_1993.txt_headquarters_state_179,-0.017853330742055532,2,-2.5150153636932373,-5.030030727386475,-0.017853330742055532,headquarters_state
-2.470979690551758,-4.941959381103516,-0.004455444868654013,-0.008910889737308025,patch_random_17,Illinois,50548_1993.txt_headquarters_state_179,0.17375821638780722,2,-2.04240083694458,-4.08480167388916,0.17375821638780722,headquarters_state
-2.470979690551758,-4.941959381103516,-0.004455444868654013,-0.008910889737308025,patch_random_18,Illinois,50548_1993.txt_headquarters_state_179,0.21859148809722215,2,-1.9318184852600098,-3.8636369705200195,0.21859148809722215,headquarters_state
-2.470979690551758,-4.941959381103516,-0.004455444868654013,-0.008910889737308025,patch_random_19,Illinois,50548_1993.txt_headquarters_state_179,-0.01573402161466682,2,-2.5097880363464355,-5.019576072692871,-0.01573402161466682,headquarters_state
-2.470979690551758,-4.941959381103516,-0.004455444868654013,-0.008910889737308025,patch_matched_layer_random_00,Illinois,50548_1993.txt_headquarters_state_179,0.29289494941227934,2,-1.7485471963882446,-3.4970943927764893,0.29289494941227934,headquarters_state
-2.470979690551758,-4.941959381103516,-0.004455444868654013,-0.008910889737308025,patch_matched_layer_random_01,Illinois,50548_1993.txt_headquarters_state_179,-0.5364783843528728,2,-3.7942166328430176,-7.588433265686035,-0.5364783843528728,headquarters_state
-2.470979690551758,-4.941959381103516,-0.004455444868654013,-0.008910889737308025,patch_matched_layer_random_02,Illinois,50548_1993.txt_headquarters_state_179,0.3258239385094056,2,-1.6673270463943481,-3.3346540927886963,0.3258239385094056,headquarters_state
-2.470979690551758,-4.941959381103516,-0.004455444868654013,-0.008910889737308025,patch_matched_layer_random_03,Illinois,50548_1993.txt_headquarters_state_179,0.16332957223110423,2,-2.0681233406066895,-4.136246681213379,0.16332957223110423,headquarters_state
-2.470979690551758,-4.941959381103516,-0.004455444868654013,-0.008910889737308025,patch_matched_layer_random_04,Illinois,50548_1993.txt_headquarters_state_179,0.20733841577415663,2,-1.9595744609832764,-3.9191489219665527,0.20733841577415663,headquarters_state
-2.470979690551758,-4.941959381103516,-0.004455444868654013,-0.008910889737308025,patch_matched_layer_random_05,Illinois,50548_1993.txt_headquarters_state_179,0.3590908571257725,2,-1.5852733850479126,-3.170546770095825,0.3590908571257725,headquarters_state
-2.470979690551758,-4.941959381103516,-0.004455444868654013,-0.008910889737308025,patch_matched_layer_random_06,Illinois,50548_1993.txt_headquarters_state_179,0.038676014144738376,2,-2.375584363937378,-4.751168727874756,0.038676014144738376,headquarters_state
-2.470979690551758,-4.941959381103516,-0.004455444868654013,-0.008910889737308025,patch_matched_layer_random_07,Illinois,50548_1993.txt_headquarters_state_179,0.1376672277387932,2,-2.131420135498047,-4.262840270996094,0.1376672277387932,headquarters_state
-2.470979690551758,-4.941959381103516,-0.004455444868654013,-0.008910889737308025,patch_matched_layer_random_08,Illinois,50548_1993.txt_headquarters_state_179,0.16328820099705532,2,-2.068225383758545,-4.13645076751709,0.16328820099705532,headquarters_state
-2.470979690551758,-4.941959381103516,-0.004455444868654013,-0.008910889737308025,patch_matched_layer_random_09,Illinois,50548_1993.txt_headquarters_state_179,0.3961162750260735,2,-1.493949294090271,-2.987898588180542,0.3961162750260735,headquarters_state
-2.470979690551758,-4.941959381103516,-0.004455444868654013,-0.008910889737308025,patch_matched_layer_random_10,Illinois,50548_1993.txt_headquarters_state_179,0.06964885916838845,2,-2.2991890907287598,-4.5983781814575195,0.06964885916838845,headquarters_state
-2.470979690551758,-4.941959381103516,-0.004455444868654013,-0.008910889737308025,patch_matched_layer_random_11,Illinois,50548_1993.txt_headquarters_state_179,0.10140949755068016,2,-2.220850706100464,-4.441701412200928,0.10140949755068016,headquarters_state
-2.470979690551758,-4.941959381103516,-0.004455444868654013,-0.008910889737308025,patch_matched_layer_random_12,Illinois,50548_1993.txt_headquarters_state_179,-0.21875320322470773,2,-3.0105397701263428,-6.0210795402526855,-0.21875320322470773,headquarters_state
-2.470979690551758,-4.941959381103516,-0.004455444868654013,-0.008910889737308025,patch_matched_layer_random_13,Illinois,50548_1993.txt_headquarters_state_179,0.11520545084132675,2,-2.1868226528167725,-4.373645305633545,0.11520545084132675,headquarters_state
-2.470979690551758,-4.941959381103516,-0.004455444868654013,-0.008910889737308025,patch_matched_layer_random_14,Illinois,50548_1993.txt_headquarters_state_179,0.017601913499622784,2,-2.4275641441345215,-4.855128288269043,0.017601913499622784,headquarters_state
-2.470979690551758,-4.941959381103516,-0.004455444868654013,-0.008910889737308025,patch_matched_layer_random_15,Illinois,50548_1993.txt_headquarters_state_179,-0.9654690829115384,2,-4.852332592010498,-9.704665184020996,-0.9654690829115384,headquarters_state
-2.470979690551758,-4.941959381103516,-0.004455444868654013,-0.008910889737308025,patch_matched_layer_random_16,Illinois,50548_1993.txt_headquarters_state_179,0.2980974787556917,2,-1.7357150316238403,-3.4714300632476807,0.2980974787556917,headquarters_state
-2.470979690551758,-4.941959381103516,-0.004455444868654013,-0.008910889737308025,patch_matched_layer_random_17,Illinois,50548_1993.txt_headquarters_state_179,0.07894153430045873,2,-2.276268482208252,-4.552536964416504,0.07894153430045873,headquarters_state
-2.470979690551758,-4.941959381103516,-0.004455444868654013,-0.008910889737308025,patch_matched_layer_random_18,Illinois,50548_1993.txt_headquarters_state_179,0.19810291607418898,2,-1.9823540449142456,-3.964708089828491,0.19810291607418898,headquarters_state
-2.470979690551758,-4.941959381103516,-0.004455444868654013,-0.008910889737308025,patch_matched_layer_random_19,Illinois,50548_1993.txt_headquarters_state_179,0.4026224332199546,2,-1.4779016971588135,-2.955803394317627,0.4026224332199546,headquarters_state
-1.9641352891921997,-3.9282705783843994,-0.0011742620263248682,-0.0023485240526497364,patch_qr,Pennsylvania,103730_1993.txt_headquarters_state_2,0.9662655485749541,2,-0.06739367544651031,-0.13478735089302063,0.9662655485749541,headquarters_state
-1.9641352891921997,-3.9282705783843994,-0.0011742620263248682,-0.0023485240526497364,patch_bottom,Pennsylvania,103730_1993.txt_headquarters_state_2,-0.25172030108176185,2,-2.458252429962158,-4.916504859924316,-0.25172030108176185,headquarters_state
-1.9641352891921997,-3.9282705783843994,-0.0011742620263248682,-0.0023485240526497364,patch_same_layer,Pennsylvania,103730_1993.txt_headquarters_state_2,-0.640080784040058,2,-3.2205889225006104,-6.441177845001221,-0.640080784040058,headquarters_state
-1.9641352891921997,-3.9282705783843994,-0.0011742620263248682,-0.0023485240526497364,patch_random_00,Pennsylvania,103730_1993.txt_headquarters_state_2,-0.32094334592342094,2,-2.594134569168091,-5.188269138336182,-0.32094334592342094,headquarters_state
-1.9641352891921997,-3.9282705783843994,-0.0011742620263248682,-0.0023485240526497364,patch_random_01,Pennsylvania,103730_1993.txt_headquarters_state_2,0.3758230361783606,2,-1.2264093160629272,-2.4528186321258545,0.3758230361783606,headquarters_state
-1.9641352891921997,-3.9282705783843994,-0.0011742620263248682,-0.0023485240526497364,patch_random_02,Pennsylvania,103730_1993.txt_headquarters_state_2,0.18342623265737326,2,-1.6040767431259155,-3.208153486251831,0.18342623265737326,headquarters_state
-1.9641352891921997,-3.9282705783843994,-0.0011742620263248682,-0.0023485240526497364,patch_random_03,Pennsylvania,103730_1993.txt_headquarters_state_2,0.006750974924879536,2,-1.950883388519287,-3.901766777038574,0.006750974924879536,headquarters_state
-1.9641352891921997,-3.9282705783843994,-0.0011742620263248682,-0.0023485240526497364,patch_random_04,Pennsylvania,103730_1993.txt_headquarters_state_2,0.10678255067254067,2,-1.7545253038406372,-3.5090506076812744,0.10678255067254067,headquarters_state
-1.9641352891921997,-3.9282705783843994,-0.0011742620263248682,-0.0023485240526497364,patch_random_05,Pennsylvania,103730_1993.txt_headquarters_state_2,-0.3376369859468136,2,-2.626903533935547,-5.253807067871094,-0.3376369859468136,headquarters_state
-1.9641352891921997,-3.9282705783843994,-0.0011742620263248682,-0.0023485240526497364,patch_random_06,Pennsylvania,103730_1993.txt_headquarters_state_2,0.09025719159654016,2,-1.786963939666748,-3.573927879333496,0.09025719159654016,headquarters_state
-1.9641352891921997,-3.9282705783843994,-0.0011742620263248682,-0.0023485240526497364,patch_random_07,Pennsylvania,103730_1993.txt_headquarters_state_2,0.014003391849981535,2,-1.9366471767425537,-3.8732943534851074,0.014003391849981535,headquarters_state
-1.9641352891921997,-3.9282705783843994,-0.0011742620263248682,-0.0023485240526497364,patch_random_08,Pennsylvania,103730_1993.txt_headquarters_state_2,-0.057606679667315745,2,-2.0772149562835693,-4.154429912567139,-0.057606679667315745,headquarters_state
-1.9641352891921997,-3.9282705783843994,-0.0011742620263248682,-0.0023485240526497364,patch_random_09,Pennsylvania,103730_1993.txt_headquarters_state_2,0.05663622512407304,2,-1.8529605865478516,-3.705921173095703,0.05663622512407304,headquarters_state
-1.9641352891921997,-3.9282705783843994,-0.0011742620263248682,-0.0023485240526497364,patch_random_10,Pennsylvania,103730_1993.txt_headquarters_state_2,-0.13100583696958987,2,-2.221294641494751,-4.442589282989502,-0.13100583696958987,headquarters_state
-1.9641352891921997,-3.9282705783843994,-0.0011742620263248682,-0.0023485240526497364,patch_random_11,Pennsylvania,103730_1993.txt_headquarters_state_2,0.22775426418678874,2,-1.5170625448226929,-3.0341250896453857,0.22775426418678874,headquarters_state
-1.9641352891921997,-3.9282705783843994,-0.0011742620263248682,-0.0023485240526497364,patch_random_12,Pennsylvania,103730_1993.txt_headquarters_state_2,0.09454279902220314,2,-1.778551459312439,-3.557102918624878,0.09454279902220314,headquarters_state
-1.9641352891921997,-3.9282705783843994,-0.0011742620263248682,-0.0023485240526497364,patch_random_13,Pennsylvania,103730_1993.txt_headquarters_state_2,-0.8850966288565225,2,-3.701545476913452,-7.403090953826904,-0.8850966288565225,headquarters_state
-1.9641352891921997,-3.9282705783843994,-0.0011742620263248682,-0.0023485240526497364,patch_random_14,Pennsylvania,103730_1993.txt_headquarters_state_2,0.15022016890326872,2,-1.669258952140808,-3.338517904281616,0.15022016890326872,headquarters_state
-1.9641352891921997,-3.9282705783843994,-0.0011742620263248682,-0.0023485240526497364,patch_random_15,Pennsylvania,103730_1993.txt_headquarters_state_2,-0.3344727454260928,2,-2.620692253112793,-5.241384506225586,-0.3344727454260928,headquarters_state
-1.9641352891921997,-3.9282705783843994,-0.0011742620263248682,-0.0023485240526497364,patch_random_16,Pennsylvania,103730_1993.txt_headquarters_state_2,0.038600224198062395,2,-1.888364553451538,-3.776729106903076,0.038600224198062395,headquarters_state
-1.9641352891921997,-3.9282705783843994,-0.0011742620263248682,-0.0023485240526497364,patch_random_17,Pennsylvania,103730_1993.txt_headquarters_state_2,0.4152594423918115,2,-1.148997187614441,-2.297994375228882,0.4152594423918115,headquarters_state
-1.9641352891921997,-3.9282705783843994,-0.0011742620263248682,-0.0023485240526497364,patch_random_18,Pennsylvania,103730_1993.txt_headquarters_state_2,0.17221383892368386,2,-1.6260862350463867,-3.2521724700927734,0.17221383892368386,headquarters_state
-1.9641352891921997,-3.9282705783843994,-0.0011742620263248682,-0.0023485240526497364,patch_random_19,Pennsylvania,103730_1993.txt_headquarters_state_2,0.030152472055523218,2,-1.9049471616744995,-3.809894323348999,0.030152472055523218,headquarters_state
-1.9641352891921997,-3.9282705783843994,-0.0011742620263248682,-0.0023485240526497364,patch_matched_layer_random_00,Pennsylvania,103730_1993.txt_headquarters_state_2,0.19001979718324874,2,-1.5911338329315186,-3.182267665863037,0.19001979718324874,headquarters_state
-1.9641352891921997,-3.9282705783843994,-0.0011742620263248682,-0.0023485240526497364,patch_matched_layer_random_01,Pennsylvania,103730_1993.txt_headquarters_state_2,-0.4641776996190367,2,-2.875298023223877,-5.750596046447754,-0.4641776996190367,headquarters_state
-1.9641352891921997,-3.9282705783843994,-0.0011742620263248682,-0.0023485240526497364,patch_matched_layer_random_02,Pennsylvania,103730_1993.txt_headquarters_state_2,0.5359294830059621,2,-0.9121266007423401,-1.8242532014846802,0.5359294830059621,headquarters_state
-1.9641352891921997,-3.9282705783843994,-0.0011742620263248682,-0.0023485240526497364,patch_matched_layer_random_03,Pennsylvania,103730_1993.txt_headquarters_state_2,0.06216156090053429,2,-1.8421145677566528,-3.6842291355133057,0.06216156090053429,headquarters_state
-1.9641352891921997,-3.9282705783843994,-0.0011742620263248682,-0.0023485240526497364,patch_matched_layer_random_04,Pennsylvania,103730_1993.txt_headquarters_state_2,0.28205666152007225,2,-1.4104690551757812,-2.8209381103515625,0.28205666152007225,headquarters_state
-1.9641352891921997,-3.9282705783843994,-0.0011742620263248682,-0.0023485240526497364,patch_matched_layer_random_05,Pennsylvania,103730_1993.txt_headquarters_state_2,0.5053464097027003,2,-0.9721599817276001,-1.9443199634552002,0.5053464097027003,headquarters_state
-1.9641352891921997,-3.9282705783843994,-0.0011742620263248682,-0.0023485240526497364,patch_matched_layer_random_06,Pennsylvania,103730_1993.txt_headquarters_state_2,-0.09847957723032004,2,-2.15744686126709,-4.31489372253418,-0.09847957723032004,headquarters_state
-1.9641352891921997,-3.9282705783843994,-0.0011742620263248682,-0.0023485240526497364,patch_matched_layer_random_07,Pennsylvania,103730_1993.txt_headquarters_state_2,0.21109104955301847,2,-1.549771785736084,-3.099543571472168,0.21109104955301847,headquarters_state
-1.9641352891921997,-3.9282705783843994,-0.0011742620263248682,-0.0023485240526497364,patch_matched_layer_random_08,Pennsylvania,103730_1993.txt_headquarters_state_2,-0.06059832745888157,2,-2.08308744430542,-4.16617488861084,-0.06059832745888157,headquarters_state
-1.9641352891921997,-3.9282705783843994,-0.0011742620263248682,-0.0023485240526497364,patch_matched_layer_random_09,Pennsylvania,103730_1993.txt_headquarters_state_2,0.3222215159341612,2,-1.3316270112991333,-2.6632540225982666,0.3222215159341612,headquarters_state
-1.9641352891921997,-3.9282705783843994,-0.0011742620263248682,-0.0023485240526497364,patch_matched_layer_random_10,Pennsylvania,103730_1993.txt_headquarters_state_2,-0.020418229985321123,2,-2.0042154788970947,-4.0084309577941895,-0.020418229985321123,headquarters_state
-1.9641352891921997,-3.9282705783843994,-0.0011742620263248682,-0.0023485240526497364,patch_matched_layer_random_11,Pennsylvania,103730_1993.txt_headquarters_state_2,-0.015907498968181267,2,-1.995361089706421,-3.990722179412842,-0.015907498968181267,headquarters_state
-1.9641352891921997,-3.9282705783843994,-0.0011742620263248682,-0.0023485240526497364,patch_matched_layer_random_12,Pennsylvania,103730_1993.txt_headquarters_state_2,-0.29974334739397196,2,-2.5525197982788086,-5.105039596557617,-0.29974334739397196,headquarters_state
-1.9641352891921997,-3.9282705783843994,-0.0011742620263248682,-0.0023485240526497364,patch_matched_layer_random_13,Pennsylvania,103730_1993.txt_headquarters_state_2,0.31809210432109025,2,-1.3397328853607178,-2.6794657707214355,0.31809210432109025,headquarters_state
-1.9641352891921997,-3.9282705783843994,-0.0011742620263248682,-0.0023485240526497364,patch_matched_layer_random_14,Pennsylvania,103730_1993.txt_headquarters_state_2,0.01403964725438178,2,-1.936576008796692,-3.873152017593384,0.01403964725438178,headquarters_state
-1.9641352891921997,-3.9282705783843994,-0.0011742620263248682,-0.0023485240526497364,patch_matched_layer_random_15,Pennsylvania,103730_1993.txt_headquarters_state_2,-0.860119509502823,2,-3.6525163650512695,-7.305032730102539,-0.860119509502823,headquarters_state
-1.9641352891921997,-3.9282705783843994,-0.0011742620263248682,-0.0023485240526497364,patch_matched_layer_random_16,Pennsylvania,103730_1993.txt_headquarters_state_2,-0.0562984486428768,2,-2.0746469497680664,-4.149293899536133,-0.0562984486428768,headquarters_state
-1.9641352891921997,-3.9282705783843994,-0.0011742620263248682,-0.0023485240526497364,patch_matched_layer_random_17,Pennsylvania,103730_1993.txt_headquarters_state_2,-0.1459690557317085,2,-2.250666856765747,-4.501333713531494,-0.1459690557317085,headquarters_state
-1.9641352891921997,-3.9282705783843994,-0.0011742620263248682,-0.0023485240526497364,patch_matched_layer_random_18,Pennsylvania,103730_1993.txt_headquarters_state_2,0.402341465688975,2,-1.1743546724319458,-2.3487093448638916,0.402341465688975,headquarters_state
-1.9641352891921997,-3.9282705783843994,-0.0011742620263248682,-0.0023485240526497364,patch_matched_layer_random_19,Pennsylvania,103730_1993.txt_headquarters_state_2,0.7774094238596129,2,-0.438110888004303,-0.876221776008606,0.7774094238596129,headquarters_state
-8.421977996826172,-8.421977996826172,-0.00019238528329879045,-0.00019238528329879045,patch_qr,California,37748_1993.txt_headquarters_state_60,0.6653791286918741,1,-2.8182976245880127,-2.8182976245880127,0.6653791286918741,headquarters_state
-8.421977996826172,-8.421977996826172,-0.00019238528329879045,-0.00019238528329879045,patch_bottom,California,37748_1993.txt_headquarters_state_60,-0.10080397097849171,1,-9.270927429199219,-9.270927429199219,-0.10080397097849171,headquarters_state
-8.421977996826172,-8.421977996826172,-0.00019238528329879045,-0.00019238528329879045,patch_same_layer,California,37748_1993.txt_headquarters_state_60,-0.09522355460597257,1,-9.223930358886719,-9.223930358886719,-0.09522355460597257,headquarters_state
-8.421977996826172,-8.421977996826172,-0.00019238528329879045,-0.00019238528329879045,patch_random_00,California,37748_1993.txt_headquarters_state_60,-0.05714898971626363,1,-8.903274536132812,-8.903274536132812,-0.05714898971626363,headquarters_state
-8.421977996826172,-8.421977996826172,-0.00019238528329879045,-0.00019238528329879045,patch_random_01,California,37748_1993.txt_headquarters_state_60,0.1579852338008058,1,-7.091460227966309,-7.091460227966309,0.1579852338008058,headquarters_state
-8.421977996826172,-8.421977996826172,-0.00019238528329879045,-0.00019238528329879045,patch_random_02,California,37748_1993.txt_headquarters_state_60,0.2619474962329856,1,-6.215912342071533,-6.215912342071533,0.2619474962329856,headquarters_state
-8.421977996826172,-8.421977996826172,-0.00019238528329879045,-0.00019238528329879045,patch_random_03,California,37748_1993.txt_headquarters_state_60,0.12950416109176752,1,-7.331321716308594,-7.331321716308594,0.12950416109176752,headquarters_state
-8.421977996826172,-8.421977996826172,-0.00019238528329879045,-0.00019238528329879045,patch_random_04,California,37748_1993.txt_headquarters_state_60,0.01920566879115999,1,-8.260231971740723,-8.260231971740723,0.01920566879115999,headquarters_state
-8.421977996826172,-8.421977996826172,-0.00019238528329879045,-0.00019238528329879045,patch_random_05,California,37748_1993.txt_headquarters_state_60,0.03617056487169886,1,-8.11735725402832,-8.11735725402832,0.03617056487169886,headquarters_state
-8.421977996826172,-8.421977996826172,-0.00019238528329879045,-0.00019238528329879045,patch_random_06,California,37748_1993.txt_headquarters_state_60,0.13308517361523262,1,-7.301163196563721,-7.301163196563721,0.13308517361523262,headquarters_state
-8.421977996826172,-8.421977996826172,-0.00019238528329879045,-0.00019238528329879045,patch_random_07,California,37748_1993.txt_headquarters_state_60,0.047904047080938233,1,-8.018540382385254,-8.018540382385254,0.047904047080938233,headquarters_state
-8.421977996826172,-8.421977996826172,-0.00019238528329879045,-0.00019238528329879045,patch_random_08,California,37748_1993.txt_headquarters_state_60,0.04354672480824821,1,-8.05523681640625,-8.05523681640625,0.04354672480824821,headquarters_state
-8.421977996826172,-8.421977996826172,-0.00019238528329879045,-0.00019238528329879045,patch_random_09,California,37748_1993.txt_headquarters_state_60,0.015081618793782258,1,-8.294963836669922,-8.294963836669922,0.015081618793782258,headquarters_state
-8.421977996826172,-8.421977996826172,-0.00019238528329879045,-0.00019238528329879045,patch_random_10,California,37748_1993.txt_headquarters_state_60,-0.028037289191101968,1,-8.658102035522461,-8.658102035522461,-0.028037289191101968,headquarters_state
-8.421977996826172,-8.421977996826172,-0.00019238528329879045,-0.00019238528329879045,patch_random_11,California,37748_1993.txt_headquarters_state_60,0.12182616268441968,1,-7.395984172821045,-7.395984172821045,0.12182616268441968,headquarters_state
-8.421977996826172,-8.421977996826172,-0.00019238528329879045,-0.00019238528329879045,patch_random_12,California,37748_1993.txt_headquarters_state_60,-0.029752633087427455,1,-8.672548294067383,-8.672548294067383,-0.029752633087427455,headquarters_state
-8.421977996826172,-8.421977996826172,-0.00019238528329879045,-0.00019238528329879045,patch_random_13,California,37748_1993.txt_headquarters_state_60,-0.20064110764309204,1,-10.111734390258789,-10.111734390258789,-0.20064110764309204,headquarters_state
-8.421977996826172,-8.421977996826172,-0.00019238528329879045,-0.00019238528329879045,patch_random_14,California,37748_1993.txt_headquarters_state_60,0.012850358156523385,1,-8.31375503540039,-8.31375503540039,0.012850358156523385,headquarters_state
-8.421977996826172,-8.421977996826172,-0.00019238528329879045,-0.00019238528329879045,patch_random_15,California,37748_1993.txt_headquarters_state_60,-0.1503688940118597,1,-9.688352584838867,-9.688352584838867,-0.1503688940118597,headquarters_state
-8.421977996826172,-8.421977996826172,-0.00019238528329879045,-0.00019238528329879045,patch_random_16,California,37748_1993.txt_headquarters_state_60,-0.017229762028090054,1,-8.567083358764648,-8.567083358764648,-0.017229762028090054,headquarters_state
-8.421977996826172,-8.421977996826172,-0.00019238528329879045,-0.00019238528329879045,patch_random_17,California,37748_1993.txt_headquarters_state_60,0.05697267664215623,1,-7.942166328430176,-7.942166328430176,0.05697267664215623,headquarters_state
-8.421977996826172,-8.421977996826172,-0.00019238528329879045,-0.00019238528329879045,patch_random_18,California,37748_1993.txt_headquarters_state_60,0.0540045700362289,1,-7.9671630859375,-7.9671630859375,0.0540045700362289,headquarters_state
-8.421977996826172,-8.421977996826172,-0.00019238528329879045,-0.00019238528329879045,patch_random_19,California,37748_1993.txt_headquarters_state_60,-0.08135597079453158,1,-9.10714054107666,-9.10714054107666,-0.08135597079453158,headquarters_state
-8.421977996826172,-8.421977996826172,-0.00019238528329879045,-0.00019238528329879045,patch_matched_layer_random_00,California,37748_1993.txt_headquarters_state_60,0.015751314054071996,1,-8.289323806762695,-8.289323806762695,0.015751314054071996,headquarters_state
-8.421977996826172,-8.421977996826172,-0.00019238528329879045,-0.00019238528329879045,patch_matched_layer_random_01,California,37748_1993.txt_headquarters_state_60,-0.1341159313268977,1,-9.551473617553711,-9.551473617553711,-0.1341159313268977,headquarters_state
-8.421977996826172,-8.421977996826172,-0.00019238528329879045,-0.00019238528329879045,patch_matched_layer_random_02,California,37748_1993.txt_headquarters_state_60,0.05909902137500887,1,-7.924258708953857,-7.924258708953857,0.05909902137500887,headquarters_state
-8.421977996826172,-8.421977996826172,-0.00019238528329879045,-0.00019238528329879045,patch_matched_layer_random_03,California,37748_1993.txt_headquarters_state_60,0.09320722153111308,1,-7.637006759643555,-7.637006759643555,0.09320722153111308,headquarters_state
-8.421977996826172,-8.421977996826172,-0.00019238528329879045,-0.00019238528329879045,patch_matched_layer_random_04,California,37748_1993.txt_headquarters_state_60,0.027486721325777532,1,-8.19049072265625,-8.19049072265625,0.027486721325777532,headquarters_state
-8.421977996826172,-8.421977996826172,-0.00019238528329879045,-0.00019238528329879045,patch_matched_layer_random_05,California,37748_1993.txt_headquarters_state_60,0.14130728526669478,1,-7.2319183349609375,-7.2319183349609375,0.14130728526669478,headquarters_state
-8.421977996826172,-8.421977996826172,-0.00019238528329879045,-0.00019238528329879045,patch_matched_layer_random_06,California,37748_1993.txt_headquarters_state_60,0.26974043219346056,1,-6.15028190612793,-6.15028190612793,0.26974043219346056,headquarters_state
-8.421977996826172,-8.421977996826172,-0.00019238528329879045,-0.00019238528329879045,patch_matched_layer_random_07,California,37748_1993.txt_headquarters_state_60,0.1211087938183501,1,-7.4020256996154785,-7.4020256996154785,0.1211087938183501,headquarters_state
-8.421977996826172,-8.421977996826172,-0.00019238528329879045,-0.00019238528329879045,patch_matched_layer_random_08,California,37748_1993.txt_headquarters_state_60,0.1359869788050457,1,-7.276724815368652,-7.276724815368652,0.1359869788050457,headquarters_state
-8.421977996826172,-8.421977996826172,-0.00019238528329879045,-0.00019238528329879045,patch_matched_layer_random_09,California,37748_1993.txt_headquarters_state_60,0.14349998803514596,1,-7.213451862335205,-7.213451862335205,0.14349998803514596,headquarters_state
-8.421977996826172,-8.421977996826172,-0.00019238528329879045,-0.00019238528329879045,patch_matched_layer_random_10,California,37748_1993.txt_headquarters_state_60,0.007852782755379161,1,-8.355843544006348,-8.355843544006348,0.007852782755379161,headquarters_state
-8.421977996826172,-8.421977996826172,-0.00019238528329879045,-0.00019238528329879045,patch_matched_layer_random_11,California,37748_1993.txt_headquarters_state_60,0.03247251987418755,1,-8.1485013961792,-8.1485013961792,0.03247251987418755,headquarters_state
-8.421977996826172,-8.421977996826172,-0.00019238528329879045,-0.00019238528329879045,patch_matched_layer_random_12,California,37748_1993.txt_headquarters_state_60,-0.08654978932825648,1,-9.15088176727295,-9.15088176727295,-0.08654978932825648,headquarters_state
-8.421977996826172,-8.421977996826172,-0.00019238528329879045,-0.00019238528329879045,patch_matched_layer_random_13,California,37748_1993.txt_headquarters_state_60,0.1351823026941869,1,-7.283501625061035,-7.283501625061035,0.1351823026941869,headquarters_state
-8.421977996826172,-8.421977996826172,-0.00019238528329879045,-0.00019238528329879045,patch_matched_layer_random_14,California,37748_1993.txt_headquarters_state_60,-0.01660626826698838,1,-8.561832427978516,-8.561832427978516,-0.01660626826698838,headquarters_state
-8.421977996826172,-8.421977996826172,-0.00019238528329879045,-0.00019238528329879045,patch_matched_layer_random_15,California,37748_1993.txt_headquarters_state_60,-0.2603866669093123,1,-10.614898681640625,-10.614898681640625,-0.2603866669093123,headquarters_state
-8.421977996826172,-8.421977996826172,-0.00019238528329879045,-0.00019238528329879045,patch_matched_layer_random_16,California,37748_1993.txt_headquarters_state_60,0.09605535144981063,1,-7.613020420074463,-7.613020420074463,0.09605535144981063,headquarters_state
-8.421977996826172,-8.421977996826172,-0.00019238528329879045,-0.00019238528329879045,patch_matched_layer_random_17,California,37748_1993.txt_headquarters_state_60,0.031476469906397804,1,-8.156889915466309,-8.156889915466309,0.031476469906397804,headquarters_state
-8.421977996826172,-8.421977996826172,-0.00019238528329879045,-0.00019238528329879045,patch_matched_layer_random_18,California,37748_1993.txt_headquarters_state_60,0.07553809230486203,1,-7.7858123779296875,-7.7858123779296875,0.07553809230486203,headquarters_state
-8.421977996826172,-8.421977996826172,-0.00019238528329879045,-0.00019238528329879045,patch_matched_layer_random_19,California,37748_1993.txt_headquarters_state_60,0.2682441490818883,1,-6.162883281707764,-6.162883281707764,0.2682441490818883,headquarters_state
-1.2765341997146606,-2.5530683994293213,-2.914599099312909e-05,-5.829198198625818e-05,patch_qr,New Jersey,812427_1993.txt_headquarters_state_247,0.996382460330626,2,-0.004646953660994768,-0.009293907321989536,0.996382460330626,headquarters_state
-1.2765341997146606,-2.5530683994293213,-2.914599099312909e-05,-5.829198198625818e-05,patch_bottom,New Jersey,812427_1993.txt_headquarters_state_247,-0.4599784058223026,2,-1.863698959350586,-3.727397918701172,-0.4599784058223026,headquarters_state
-1.2765341997146606,-2.5530683994293213,-2.914599099312909e-05,-5.829198198625818e-05,patch_same_layer,New Jersey,812427_1993.txt_headquarters_state_247,-0.7986082121140452,2,-2.295961618423462,-4.591923236846924,-0.7986082121140452,headquarters_state
-1.2765341997146606,-2.5530683994293213,-2.914599099312909e-05,-5.829198198625818e-05,patch_random_00,New Jersey,812427_1993.txt_headquarters_state_247,-0.3021727334624441,2,-1.6622592210769653,-3.3245184421539307,-0.3021727334624441,headquarters_state
-1.2765341997146606,-2.5530683994293213,-2.914599099312909e-05,-5.829198198625818e-05,patch_random_01,New Jersey,812427_1993.txt_headquarters_state_247,0.9468052066841158,2,-0.06793256849050522,-0.13586513698101044,0.9468052066841158,headquarters_state
-1.2765341997146606,-2.5530683994293213,-2.914599099312909e-05,-5.829198198625818e-05,patch_random_02,New Jersey,812427_1993.txt_headquarters_state_247,0.4460147714764807,2,-0.7071940898895264,-1.4143881797790527,0.4460147714764807,headquarters_state
-1.2765341997146606,-2.5530683994293213,-2.914599099312909e-05,-5.829198198625818e-05,patch_random_03,New Jersey,812427_1993.txt_headquarters_state_247,0.02634659619132689,2,-1.2429026365280151,-2.4858052730560303,0.02634659619132689,headquarters_state
-1.2765341997146606,-2.5530683994293213,-2.914599099312909e-05,-5.829198198625818e-05,patch_random_04,New Jersey,812427_1993.txt_headquarters_state_247,0.27218786361284913,2,-0.9290850162506104,-1.8581700325012207,0.27218786361284913,headquarters_state
-1.2765341997146606,-2.5530683994293213,-2.914599099312909e-05,-5.829198198625818e-05,patch_random_05,New Jersey,812427_1993.txt_headquarters_state_247,-0.39824047203585045,2,-1.7848901748657227,-3.5697803497314453,-0.39824047203585045,headquarters_state
-1.2765341997146606,-2.5530683994293213,-2.914599099312909e-05,-5.829198198625818e-05,patch_random_06,New Jersey,812427_1993.txt_headquarters_state_247,0.04357644941335006,2,-1.2209086418151855,-2.441817283630371,0.04357644941335006,headquarters_state
-1.2765341997146606,-2.5530683994293213,-2.914599099312909e-05,-5.829198198625818e-05,patch_random_07,New Jersey,812427_1993.txt_headquarters_state_247,0.04463536737867519,2,-1.2195569276809692,-2.4391138553619385,0.04463536737867519,headquarters_state
-1.2765341997146606,-2.5530683994293213,-2.914599099312909e-05,-5.829198198625818e-05,patch_random_08,New Jersey,812427_1993.txt_headquarters_state_247,0.010074615936085612,2,-1.2636739015579224,-2.5273478031158447,0.010074615936085612,headquarters_state
-1.2765341997146606,-2.5530683994293213,-2.914599099312909e-05,-5.829198198625818e-05,patch_random_09,New Jersey,812427_1993.txt_headquarters_state_247,0.13719557443610603,2,-1.1014033555984497,-2.2028067111968994,0.13719557443610603,headquarters_state
-1.2765341997146606,-2.5530683994293213,-2.914599099312909e-05,-5.829198198625818e-05,patch_random_10,New Jersey,812427_1993.txt_headquarters_state_247,-0.19085270995643383,2,-1.5201586484909058,-3.0403172969818115,-0.19085270995643383,headquarters_state
-1.2765341997146606,-2.5530683994293213,-2.914599099312909e-05,-5.829198198625818e-05,patch_random_11,New Jersey,812427_1993.txt_headquarters_state_247,0.45535676447950557,2,-0.695268988609314,-1.390537977218628,0.45535676447950557,headquarters_state
-1.2765341997146606,-2.5530683994293213,-2.914599099312909e-05,-5.829198198625818e-05,patch_random_12,New Jersey,812427_1993.txt_headquarters_state_247,-0.19948206489671985,2,-1.5311740636825562,-3.0623481273651123,-0.19948206489671985,headquarters_state
-1.2765341997146606,-2.5530683994293213,-2.914599099312909e-05,-5.829198198625818e-05,patch_random_13,New Jersey,812427_1993.txt_headquarters_state_247,-2.145363408548217,2,-4.015101432800293,-8.030202865600586,-2.145363408548217,headquarters_state
-1.2765341997146606,-2.5530683994293213,-2.914599099312909e-05,-5.829198198625818e-05,patch_random_14,New Jersey,812427_1993.txt_headquarters_state_247,-0.004719978111249898,2,-1.2825592756271362,-2.5651185512542725,-0.004719978111249898,headquarters_state
-1.2765341997146606,-2.5530683994293213,-2.914599099312909e-05,-5.829198198625818e-05,patch_random_15,New Jersey,812427_1993.txt_headquarters_state_247,-0.49758077981808374,2,-1.911698579788208,-3.823397159576416,-0.49758077981808374,headquarters_state
-1.2765341997146606,-2.5530683994293213,-2.914599099312909e-05,-5.829198198625818e-05,patch_random_16,New Jersey,812427_1993.txt_headquarters_state_247,-0.2834582098274446,2,-1.6383700370788574,-3.276740074157715,-0.2834582098274446,headquarters_state
-1.2765341997146606,-2.5530683994293213,-2.914599099312909e-05,-5.829198198625818e-05,patch_random_17,New Jersey,812427_1993.txt_headquarters_state_247,0.5114513070811444,2,-0.6236640214920044,-1.2473280429840088,0.5114513070811444,headquarters_state
-1.2765341997146606,-2.5530683994293213,-2.914599099312909e-05,-5.829198198625818e-05,patch_random_18,New Jersey,812427_1993.txt_headquarters_state_247,0.47184713080599766,2,-0.6742189526557922,-1.3484379053115845,0.47184713080599766,headquarters_state
-1.2765341997146606,-2.5530683994293213,-2.914599099312909e-05,-5.829198198625818e-05,patch_random_19,New Jersey,812427_1993.txt_headquarters_state_247,-0.327247862319976,2,-1.694267749786377,-3.388535499572754,-0.327247862319976,headquarters_state
-1.2765341997146606,-2.5530683994293213,-2.914599099312909e-05,-5.829198198625818e-05,patch_matched_layer_random_00,New Jersey,812427_1993.txt_headquarters_state_247,0.7258298048153212,2,-0.3500087857246399,-0.7000175714492798,0.7258298048153212,headquarters_state
-1.2765341997146606,-2.5530683994293213,-2.914599099312909e-05,-5.829198198625818e-05,patch_matched_layer_random_01,New Jersey,812427_1993.txt_headquarters_state_247,-1.6427908003501595,2,-3.3735649585723877,-6.747129917144775,-1.6427908003501595,headquarters_state
-1.2765341997146606,-2.5530683994293213,-2.914599099312909e-05,-5.829198198625818e-05,patch_matched_layer_random_02,New Jersey,812427_1993.txt_headquarters_state_247,0.860467187442768,2,-0.1781434863805771,-0.3562869727611542,0.860467187442768,headquarters_state
-1.2765341997146606,-2.5530683994293213,-2.914599099312909e-05,-5.829198198625818e-05,patch_matched_layer_random_03,New Jersey,812427_1993.txt_headquarters_state_247,0.493130597456179,2,-0.6470504999160767,-1.2941009998321533,0.493130597456179,headquarters_state
-1.2765341997146606,-2.5530683994293213,-2.914599099312909e-05,-5.829198198625818e-05,patch_matched_layer_random_04,New Jersey,812427_1993.txt_headquarters_state_247,0.5517094742294875,2,-0.5722742676734924,-1.1445485353469849,0.5517094742294875,headquarters_state
-1.2765341997146606,-2.5530683994293213,-2.914599099312909e-05,-5.829198198625818e-05,patch_matched_layer_random_05,New Jersey,812427_1993.txt_headquarters_state_247,0.9729957732183518,2,-0.03450017794966698,-0.06900035589933395,0.9729957732183518,headquarters_state
-1.2765341997146606,-2.5530683994293213,-2.914599099312909e-05,-5.829198198625818e-05,patch_matched_layer_random_06,New Jersey,812427_1993.txt_headquarters_state_247,0.26088875412694934,2,-0.9435083866119385,-1.887016773223877,0.26088875412694934,headquarters_state
-1.2765341997146606,-2.5530683994293213,-2.914599099312909e-05,-5.829198198625818e-05,patch_matched_layer_random_07,New Jersey,812427_1993.txt_headquarters_state_247,0.7647942084252461,2,-0.30027052760124207,-0.6005410552024841,0.7647942084252461,headquarters_state
-1.2765341997146606,-2.5530683994293213,-2.914599099312909e-05,-5.829198198625818e-05,patch_matched_layer_random_08,New Jersey,812427_1993.txt_headquarters_state_247,0.05465843355579974,2,-1.206762433052063,-2.413524866104126,0.05465843355579974,headquarters_state
-1.2765341997146606,-2.5530683994293213,-2.914599099312909e-05,-5.829198198625818e-05,patch_matched_layer_random_09,New Jersey,812427_1993.txt_headquarters_state_247,0.9583402502881773,2,-0.05320802703499794,-0.10641605406999588,0.9583402502881773,headquarters_state
-1.2765341997146606,-2.5530683994293213,-2.914599099312909e-05,-5.829198198625818e-05,patch_matched_layer_random_10,New Jersey,812427_1993.txt_headquarters_state_247,0.10011962433754135,2,-1.148730993270874,-2.297461986541748,0.10011962433754135,headquarters_state
-1.2765341997146606,-2.5530683994293213,-2.914599099312909e-05,-5.829198198625818e-05,patch_matched_layer_random_11,New Jersey,812427_1993.txt_headquarters_state_247,0.006165799430516467,2,-1.2686635255813599,-2.5373270511627197,0.006165799430516467,headquarters_state
-1.2765341997146606,-2.5530683994293213,-2.914599099312909e-05,-5.829198198625818e-05,patch_matched_layer_random_12,New Jersey,812427_1993.txt_headquarters_state_247,-0.7515980071078704,2,-2.235952854156494,-4.471905708312988,-0.7515980071078704,headquarters_state
-1.2765341997146606,-2.5530683994293213,-2.914599099312909e-05,-5.829198198625818e-05,patch_matched_layer_random_13,New Jersey,812427_1993.txt_headquarters_state_247,0.7445499783786127,2,-0.32611238956451416,-0.6522247791290283,0.7445499783786127,headquarters_state
-1.2765341997146606,-2.5530683994293213,-2.914599099312909e-05,-5.829198198625818e-05,patch_matched_layer_random_14,New Jersey,812427_1993.txt_headquarters_state_247,0.21875261618544067,2,-0.9972953796386719,-1.9945907592773438,0.21875261618544067,headquarters_state
-1.2765341997146606,-2.5530683994293213,-2.914599099312909e-05,-5.829198198625818e-05,patch_matched_layer_random_15,New Jersey,812427_1993.txt_headquarters_state_247,-2.5219687642647415,2,-4.495840072631836,-8.991680145263672,-2.5219687642647415,headquarters_state
-1.2765341997146606,-2.5530683994293213,-2.914599099312909e-05,-5.829198198625818e-05,patch_matched_layer_random_16,New Jersey,812427_1993.txt_headquarters_state_247,0.5708250960795915,2,-0.5478730797767639,-1.0957461595535278,0.5708250960795915,headquarters_state
-1.2765341997146606,-2.5530683994293213,-2.914599099312909e-05,-5.829198198625818e-05,patch_matched_layer_random_17,New Jersey,812427_1993.txt_headquarters_state_247,0.22682715750618382,2,-0.9869881868362427,-1.9739763736724854,0.22682715750618382,headquarters_state
-1.2765341997146606,-2.5530683994293213,-2.914599099312909e-05,-5.829198198625818e-05,patch_matched_layer_random_18,New Jersey,812427_1993.txt_headquarters_state_247,0.8085324512396832,2,-0.24443843960762024,-0.4888768792152405,0.8085324512396832,headquarters_state
-1.2765341997146606,-2.5530683994293213,-2.914599099312909e-05,-5.829198198625818e-05,patch_matched_layer_random_19,New Jersey,812427_1993.txt_headquarters_state_247,0.9555628260863639,2,-0.05675342306494713,-0.11350684612989426,0.9555628260863639,headquarters_state
-1.875714659690857,-1.875714659690857,-0.005566571839153767,-0.005566571839153767,patch_qr,California,277821_1993.txt_headquarters_state_153,0.9806417815237473,1,-0.04176930710673332,-0.04176930710673332,0.9806417815237473,headquarters_state
-1.875714659690857,-1.875714659690857,-0.005566571839153767,-0.005566571839153767,patch_bottom,California,277821_1993.txt_headquarters_state_153,-0.4168900014248057,1,-2.655360698699951,-2.655360698699951,-0.4168900014248057,headquarters_state
-1.875714659690857,-1.875714659690857,-0.005566571839153767,-0.005566571839153767,patch_same_layer,California,277821_1993.txt_headquarters_state_153,-1.3827473901018306,1,-4.4616570472717285,-4.4616570472717285,-1.3827473901018306,headquarters_state
-1.875714659690857,-1.875714659690857,-0.005566571839153767,-0.005566571839153767,patch_random_00,California,277821_1993.txt_headquarters_state_153,-0.1750229244951234,1,-2.203033447265625,-2.203033447265625,-0.1750229244951234,headquarters_state
-1.875714659690857,-1.875714659690857,-0.005566571839153767,-0.005566571839153767,patch_random_01,California,277821_1993.txt_headquarters_state_153,0.8938378990673069,1,-0.2041054219007492,-0.2041054219007492,0.8938378990673069,headquarters_state
-1.875714659690857,-1.875714659690857,-0.005566571839153767,-0.005566571839153767,patch_random_02,California,277821_1993.txt_headquarters_state_153,0.4103598894309642,1,-1.108280897140503,-1.108280897140503,0.4103598894309642,headquarters_state
-1.875714659690857,-1.875714659690857,-0.005566571839153767,-0.005566571839153767,patch_random_03,California,277821_1993.txt_headquarters_state_153,0.18991474660501026,1,-1.5205459594726562,-1.5205459594726562,0.18991474660501026,headquarters_state
-1.875714659690857,-1.875714659690857,-0.005566571839153767,-0.005566571839153767,patch_random_04,California,277821_1993.txt_headquarters_state_153,0.17687874504672918,1,-1.5449252128601074,-1.5449252128601074,0.17687874504672918,headquarters_state
-1.875714659690857,-1.875714659690857,-0.005566571839153767,-0.005566571839153767,patch_random_05,California,277821_1993.txt_headquarters_state_153,-0.5041546179937904,1,-2.81855845451355,-2.81855845451355,-0.5041546179937904,headquarters_state
-1.875714659690857,-1.875714659690857,-0.005566571839153767,-0.005566571839153767,patch_random_06,California,277821_1993.txt_headquarters_state_153,0.2974418078281901,1,-1.3194544315338135,-1.3194544315338135,0.2974418078281901,headquarters_state
-1.875714659690857,-1.875714659690857,-0.005566571839153767,-0.005566571839153767,patch_random_07,California,277821_1993.txt_headquarters_state_153,0.18581038342930975,1,-1.5282217264175415,-1.5282217264175415,0.18581038342930975,headquarters_state
-1.875714659690857,-1.875714659690857,-0.005566571839153767,-0.005566571839153767,patch_random_08,California,277821_1993.txt_headquarters_state_153,0.3324408598143935,1,-1.2540010213851929,-1.2540010213851929,0.3324408598143935,headquarters_state
-1.875714659690857,-1.875714659690857,-0.005566571839153767,-0.005566571839153767,patch_random_09,California,277821_1993.txt_headquarters_state_153,0.07239185368644303,1,-1.7403311729431152,-1.7403311729431152,0.07239185368644303,headquarters_state
-1.875714659690857,-1.875714659690857,-0.005566571839153767,-0.005566571839153767,patch_random_10,California,277821_1993.txt_headquarters_state_153,-0.30820816775150256,1,-2.4521095752716064,-2.4521095752716064,-0.30820816775150256,headquarters_state
-1.875714659690857,-1.875714659690857,-0.005566571839153767,-0.005566571839153767,patch_random_11,California,277821_1993.txt_headquarters_state_153,0.14371199235831753,1,-1.6069519519805908,-1.6069519519805908,0.14371199235831753,headquarters_state
-1.875714659690857,-1.875714659690857,-0.005566571839153767,-0.005566571839153767,patch_random_12,California,277821_1993.txt_headquarters_state_153,0.02694687902062168,1,-1.8253200054168701,-1.8253200054168701,0.02694687902062168,headquarters_state
-1.875714659690857,-1.875714659690857,-0.005566571839153767,-0.005566571839153767,patch_random_13,California,277821_1993.txt_headquarters_state_153,-3.394703426876516,1,-8.224312782287598,-8.224312782287598,-3.394703426876516,headquarters_state
-1.875714659690857,-1.875714659690857,-0.005566571839153767,-0.005566571839153767,patch_random_14,California,277821_1993.txt_headquarters_state_153,0.09595262830636915,1,-1.6962690353393555,-1.6962690353393555,0.09595262830636915,headquarters_state
-1.875714659690857,-1.875714659690857,-0.005566571839153767,-0.005566571839153767,patch_random_15,California,277821_1993.txt_headquarters_state_153,-0.33322980983731115,1,-2.498903751373291,-2.498903751373291,-0.33322980983731115,headquarters_state
-1.875714659690857,-1.875714659690857,-0.005566571839153767,-0.005566571839153767,patch_random_16,California,277821_1993.txt_headquarters_state_153,-0.2169856062182291,1,-2.2815098762512207,-2.2815098762512207,-0.2169856062182291,headquarters_state
-1.875714659690857,-1.875714659690857,-0.005566571839153767,-0.005566571839153767,patch_random_17,California,277821_1993.txt_headquarters_state_153,0.7529289915762064,1,-0.4676259458065033,-0.4676259458065033,0.7529289915762064,headquarters_state
-1.875714659690857,-1.875714659690857,-0.005566571839153767,-0.005566571839153767,patch_random_18,California,277821_1993.txt_headquarters_state_153,0.436372930054903,1,-1.059632658958435,-1.059632658958435,0.436372930054903,headquarters_state
-1.875714659690857,-1.875714659690857,-0.005566571839153767,-0.005566571839153767,patch_random_19,California,277821_1993.txt_headquarters_state_153,0.06142884588232736,1,-1.7608336210250854,-1.7608336210250854,0.06142884588232736,headquarters_state
-1.875714659690857,-1.875714659690857,-0.005566571839153767,-0.005566571839153767,patch_matched_layer_random_00,California,277821_1993.txt_headquarters_state_153,0.42993275976602524,1,-1.0716767311096191,-1.0716767311096191,0.42993275976602524,headquarters_state
-1.875714659690857,-1.875714659690857,-0.005566571839153767,-0.005566571839153767,patch_matched_layer_random_01,California,277821_1993.txt_headquarters_state_153,-2.4346734447677334,1,-6.428914546966553,-6.428914546966553,-2.4346734447677334,headquarters_state
-1.875714659690857,-1.875714659690857,-0.005566571839153767,-0.005566571839153767,patch_matched_layer_random_02,California,277821_1993.txt_headquarters_state_153,0.4066450611659892,1,-1.1152281761169434,-1.1152281761169434,0.4066450611659892,headquarters_state
-1.875714659690857,-1.875714659690857,-0.005566571839153767,-0.005566571839153767,patch_matched_layer_random_03,California,277821_1993.txt_headquarters_state_153,0.6363860712208477,1,-0.685578465461731,-0.685578465461731,0.6363860712208477,headquarters_state
-1.875714659690857,-1.875714659690857,-0.005566571839153767,-0.005566571839153767,patch_matched_layer_random_04,California,277821_1993.txt_headquarters_state_153,0.72146448604983,1,-0.5264692306518555,-0.5264692306518555,0.72146448604983,headquarters_state
-1.875714659690857,-1.875714659690857,-0.005566571839153767,-0.005566571839153767,patch_matched_layer_random_05,California,277821_1993.txt_headquarters_state_153,0.953375264041848,1,-0.09276173263788223,-0.09276173263788223,0.953375264041848,headquarters_state
-1.875714659690857,-1.875714659690857,-0.005566571839153767,-0.005566571839153767,patch_matched_layer_random_06,California,277821_1993.txt_headquarters_state_153,0.1509258142936485,1,-1.593461036682129,-1.593461036682129,0.1509258142936485,headquarters_state
-1.875714659690857,-1.875714659690857,-0.005566571839153767,-0.005566571839153767,patch_matched_layer_random_07,California,277821_1993.txt_headquarters_state_153,0.8575419989274713,1,-0.27198413014411926,-0.27198413014411926,0.8575419989274713,headquarters_state
-1.875714659690857,-1.875714659690857,-0.005566571839153767,-0.005566571839153767,patch_matched_layer_random_08,California,277821_1993.txt_headquarters_state_153,-0.911996968347827,1,-3.5812840461730957,-3.5812840461730957,-0.911996968347827,headquarters_state
-1.875714659690857,-1.875714659690857,-0.005566571839153767,-0.005566571839153767,patch_matched_layer_random_09,California,277821_1993.txt_headquarters_state_153,0.8205181271371567,1,-0.3412242531776428,-0.3412242531776428,0.8205181271371567,headquarters_state
-1.875714659690857,-1.875714659690857,-0.005566571839153767,-0.005566571839153767,patch_matched_layer_random_10,California,277821_1993.txt_headquarters_state_153,-0.38224300332699,1,-2.5905656814575195,-2.5905656814575195,-0.38224300332699,headquarters_state
-1.875714659690857,-1.875714659690857,-0.005566571839153767,-0.005566571839153767,patch_matched_layer_random_11,California,277821_1993.txt_headquarters_state_153,0.35340919705595153,1,-1.2147871255874634,-1.2147871255874634,0.35340919705595153,headquarters_state
-1.875714659690857,-1.875714659690857,-0.005566571839153767,-0.005566571839153767,patch_matched_layer_random_12,California,277821_1993.txt_headquarters_state_153,-1.055262439343089,1,-3.8492116928100586,-3.8492116928100586,-1.055262439343089,headquarters_state
-1.875714659690857,-1.875714659690857,-0.005566571839153767,-0.005566571839153767,patch_matched_layer_random_13,California,277821_1993.txt_headquarters_state_153,0.6829540104623933,1,-0.59848952293396,-0.59848952293396,0.6829540104623933,headquarters_state
-1.875714659690857,-1.875714659690857,-0.005566571839153767,-0.005566571839153767,patch_matched_layer_random_14,California,277821_1993.txt_headquarters_state_153,-0.1454506528434999,1,-2.14772891998291,-2.14772891998291,-0.1454506528434999,headquarters_state
-1.875714659690857,-1.875714659690857,-0.005566571839153767,-0.005566571839153767,patch_matched_layer_random_15,California,277821_1993.txt_headquarters_state_153,-2.9607843564065077,1,-7.412819862365723,-7.412819862365723,-2.9607843564065077,headquarters_state
-1.875714659690857,-1.875714659690857,-0.005566571839153767,-0.005566571839153767,patch_matched_layer_random_16,California,277821_1993.txt_headquarters_state_153,0.4820115247978523,1,-0.9742817282676697,-0.9742817282676697,0.4820115247978523,headquarters_state
-1.875714659690857,-1.875714659690857,-0.005566571839153767,-0.005566571839153767,patch_matched_layer_random_17,California,277821_1993.txt_headquarters_state_153,-0.009554728507329704,1,-1.8935834169387817,-1.8935834169387817,-0.009554728507329704,headquarters_state
-1.875714659690857,-1.875714659690857,-0.005566571839153767,-0.005566571839153767,patch_matched_layer_random_18,California,277821_1993.txt_headquarters_state_153,0.8724499719795943,1,-0.24410401284694672,-0.24410401284694672,0.8724499719795943,headquarters_state
-1.875714659690857,-1.875714659690857,-0.005566571839153767,-0.005566571839153767,patch_matched_layer_random_19,California,277821_1993.txt_headquarters_state_153,0.9830398139864032,1,-0.03728463128209114,-0.03728463128209114,0.9830398139864032,headquarters_state
-2.3118700981140137,-4.623740196228027,-0.00015101949975360185,-0.0003020389995072037,patch_qr,Tennessee,764764_1993.txt_headquarters_state_43,0.8230480972074629,2,-0.4092141091823578,-0.8184282183647156,0.8230480972074629,headquarters_state
-2.3118700981140137,-4.623740196228027,-0.00015101949975360185,-0.0003020389995072037,patch_bottom,Tennessee,764764_1993.txt_headquarters_state_43,-0.13060005499897584,2,-2.6137807369232178,-5.2275614738464355,-0.13060005499897584,headquarters_state
-2.3118700981140137,-4.623740196228027,-0.00015101949975360185,-0.0003020389995072037,patch_same_layer,Tennessee,764764_1993.txt_headquarters_state_43,-1.4437570224523972,2,-5.649430751800537,-11.298861503601074,-1.4437570224523972,headquarters_state
-2.3118700981140137,-4.623740196228027,-0.00015101949975360185,-0.0003020389995072037,patch_random_00,Tennessee,764764_1993.txt_headquarters_state_43,-0.21745426635958998,2,-2.814563274383545,-5.62912654876709,-0.21745426635958998,headquarters_state
-2.3118700981140137,-4.623740196228027,-0.00015101949975360185,-0.0003020389995072037,patch_random_01,Tennessee,764764_1993.txt_headquarters_state_43,0.38207950813798475,2,-1.4286096096038818,-2.8572192192077637,0.38207950813798475,headquarters_state
-2.3118700981140137,-4.623740196228027,-0.00015101949975360185,-0.0003020389995072037,patch_random_02,Tennessee,764764_1993.txt_headquarters_state_43,0.24056831181159047,2,-1.7557437419891357,-3.5114874839782715,0.24056831181159047,headquarters_state
-2.3118700981140137,-4.623740196228027,-0.00015101949975360185,-0.0003020389995072037,patch_random_03,Tennessee,764764_1993.txt_headquarters_state_43,-0.2787255925206188,2,-2.956205368041992,-5.912410736083984,-0.2787255925206188,headquarters_state
-2.3118700981140137,-4.623740196228027,-0.00015101949975360185,-0.0003020389995072037,patch_random_04,Tennessee,764764_1993.txt_headquarters_state_43,0.07479992441692737,2,-2.138953685760498,-4.277907371520996,0.07479992441692737,headquarters_state
-2.3118700981140137,-4.623740196228027,-0.00015101949975360185,-0.0003020389995072037,patch_random_05,Tennessee,764764_1993.txt_headquarters_state_43,0.28590464806284294,2,-1.650938868522644,-3.301877737045288,0.28590464806284294,headquarters_state
-2.3118700981140137,-4.623740196228027,-0.00015101949975360185,-0.0003020389995072037,patch_random_06,Tennessee,764764_1993.txt_headquarters_state_43,-0.02697664826871655,2,-2.374232530593872,-4.748465061187744,-0.02697664826871655,headquarters_state
-2.3118700981140137,-4.623740196228027,-0.00015101949975360185,-0.0003020389995072037,patch_random_07,Tennessee,764764_1993.txt_headquarters_state_43,0.038330340826684225,2,-2.2232611179351807,-4.446522235870361,0.038330340826684225,headquarters_state
-2.3118700981140137,-4.623740196228027,-0.00015101949975360185,-0.0003020389995072037,patch_random_08,Tennessee,764764_1993.txt_headquarters_state_43,0.031081102084183,2,-2.2400193214416504,-4.480038642883301,0.031081102084183,headquarters_state
-2.3118700981140137,-4.623740196228027,-0.00015101949975360185,-0.0003020389995072037,patch_random_09,Tennessee,764764_1993.txt_headquarters_state_43,0.044025854496189946,2,-2.210094690322876,-4.420189380645752,0.044025854496189946,headquarters_state
-2.3118700981140137,-4.623740196228027,-0.00015101949975360185,-0.0003020389995072037,patch_random_10,Tennessee,764764_1993.txt_headquarters_state_43,-0.01504839199474105,2,-2.3466577529907227,-4.693315505981445,-0.01504839199474105,headquarters_state
-2.3118700981140137,-4.623740196228027,-0.00015101949975360185,-0.0003020389995072037,patch_random_11,Tennessee,764764_1993.txt_headquarters_state_43,0.1183130960496682,2,-2.038363456726074,-4.076726913452148,0.1183130960496682,headquarters_state
-2.3118700981140137,-4.623740196228027,-0.00015101949975360185,-0.0003020389995072037,patch_random_12,Tennessee,764764_1993.txt_headquarters_state_43,0.06121099232978402,2,-2.170367479324341,-4.340734958648682,0.06121099232978402,headquarters_state
-2.3118700981140137,-4.623740196228027,-0.00015101949975360185,-0.0003020389995072037,patch_random_13,Tennessee,764764_1993.txt_headquarters_state_43,-0.8579149022572133,2,-4.295128345489502,-8.590256690979004,-0.8579149022572133,headquarters_state
-2.3118700981140137,-4.623740196228027,-0.00015101949975360185,-0.0003020389995072037,patch_random_14,Tennessee,764764_1993.txt_headquarters_state_43,-0.137930357658329,2,-2.6307263374328613,-5.261452674865723,-0.137930357658329,headquarters_state
-2.3118700981140137,-4.623740196228027,-0.00015101949975360185,-0.0003020389995072037,patch_random_15,Tennessee,764764_1993.txt_headquarters_state_43,-1.4129816117798544,2,-5.578286647796631,-11.156573295593262,-1.4129816117798544,headquarters_state
-2.3118700981140137,-4.623740196228027,-0.00015101949975360185,-0.0003020389995072037,patch_random_16,Tennessee,764764_1993.txt_headquarters_state_43,-0.00688042886125118,2,-2.327775716781616,-4.655551433563232,-0.00688042886125118,headquarters_state
-2.3118700981140137,-4.623740196228027,-0.00015101949975360185,-0.0003020389995072037,patch_random_17,Tennessee,764764_1993.txt_headquarters_state_43,0.5265050863503868,2,-1.094738245010376,-2.189476490020752,0.5265050863503868,headquarters_state
-2.3118700981140137,-4.623740196228027,-0.00015101949975360185,-0.0003020389995072037,patch_random_18,Tennessee,764764_1993.txt_headquarters_state_43,0.5312503163940989,2,-1.083768606185913,-2.167537212371826,0.5312503163940989,headquarters_state
-2.3118700981140137,-4.623740196228027,-0.00015101949975360185,-0.0003020389995072037,patch_random_19,Tennessee,764764_1993.txt_headquarters_state_43,-0.17891889364142782,2,-2.725480318069458,-5.450960636138916,-0.17891889364142782,headquarters_state
-2.3118700981140137,-4.623740196228027,-0.00015101949975360185,-0.0003020389995072037,patch_matched_layer_random_00,Tennessee,764764_1993.txt_headquarters_state_43,0.7227557496622844,2,-0.6410618424415588,-1.2821236848831177,0.7227557496622844,headquarters_state
-2.3118700981140137,-4.623740196228027,-0.00015101949975360185,-0.0003020389995072037,patch_matched_layer_random_01,Tennessee,764764_1993.txt_headquarters_state_43,-1.4397778773633623,2,-5.640232086181641,-11.280464172363281,-1.4397778773633623,headquarters_state
-2.3118700981140137,-4.623740196228027,-0.00015101949975360185,-0.0003020389995072037,patch_matched_layer_random_02,Tennessee,764764_1993.txt_headquarters_state_43,0.6508218627153033,2,-0.8073527812957764,-1.6147055625915527,0.6508218627153033,headquarters_state
-2.3118700981140137,-4.623740196228027,-0.00015101949975360185,-0.0003020389995072037,patch_matched_layer_random_03,Tennessee,764764_1993.txt_headquarters_state_43,0.1264871441336597,2,-2.019467353820801,-4.038934707641602,0.1264871441336597,headquarters_state
-2.3118700981140137,-4.623740196228027,-0.00015101949975360185,-0.0003020389995072037,patch_matched_layer_random_04,Tennessee,764764_1993.txt_headquarters_state_43,0.4814032269629548,2,-1.1990010738372803,-2.3980021476745605,0.4814032269629548,headquarters_state
-2.3118700981140137,-4.623740196228027,-0.00015101949975360185,-0.0003020389995072037,patch_matched_layer_random_05,Tennessee,764764_1993.txt_headquarters_state_43,0.898258311014621,2,-0.23534922301769257,-0.47069844603538513,0.898258311014621,headquarters_state
-2.3118700981140137,-4.623740196228027,-0.00015101949975360185,-0.0003020389995072037,patch_matched_layer_random_06,Tennessee,764764_1993.txt_headquarters_state_43,-0.03462140879382234,2,-2.3919050693511963,-4.783810138702393,-0.03462140879382234,headquarters_state
-2.3118700981140137,-4.623740196228027,-0.00015101949975360185,-0.0003020389995072037,patch_matched_layer_random_07,Tennessee,764764_1993.txt_headquarters_state_43,0.6186351818490928,2,-0.8817593455314636,-1.7635186910629272,0.6186351818490928,headquarters_state
-2.3118700981140137,-4.623740196228027,-0.00015101949975360185,-0.0003020389995072037,patch_matched_layer_random_08,Tennessee,764764_1993.txt_headquarters_state_43,-0.17135365001186,2,-2.707991600036621,-5.415983200073242,-0.17135365001186,headquarters_state
-2.3118700981140137,-4.623740196228027,-0.00015101949975360185,-0.0003020389995072037,patch_matched_layer_random_09,Tennessee,764764_1993.txt_headquarters_state_43,0.4295466599797201,2,-1.3188788890838623,-2.6377577781677246,0.4295466599797201,headquarters_state
-2.3118700981140137,-4.623740196228027,-0.00015101949975360185,-0.0003020389995072037,patch_matched_layer_random_10,Tennessee,764764_1993.txt_headquarters_state_43,0.20486801035340663,2,-1.8382728099822998,-3.6765456199645996,0.20486801035340663,headquarters_state
-2.3118700981140137,-4.623740196228027,-0.00015101949975360185,-0.0003020389995072037,patch_matched_layer_random_11,Tennessee,764764_1993.txt_headquarters_state_43,0.006163023510586943,2,-2.2976229190826416,-4.595245838165283,0.006163023510586943,headquarters_state
-2.3118700981140137,-4.623740196228027,-0.00015101949975360185,-0.0003020389995072037,patch_matched_layer_random_12,Tennessee,764764_1993.txt_headquarters_state_43,-0.2054869220137482,2,-2.786898136138916,-5.573796272277832,-0.2054869220137482,headquarters_state
-2.3118700981140137,-4.623740196228027,-0.00015101949975360185,-0.0003020389995072037,patch_matched_layer_random_13,Tennessee,764764_1993.txt_headquarters_state_43,0.6899285761884024,2,-0.7169490456581116,-1.4338980913162231,0.6899285761884024,headquarters_state
-2.3118700981140137,-4.623740196228027,-0.00015101949975360185,-0.0003020389995072037,patch_matched_layer_random_14,Tennessee,764764_1993.txt_headquarters_state_43,0.0758298280730132,2,-2.13657283782959,-4.27314567565918,0.0758298280730132,headquarters_state
-2.3118700981140137,-4.623740196228027,-0.00015101949975360185,-0.0003020389995072037,patch_matched_layer_random_15,Tennessee,764764_1993.txt_headquarters_state_43,-1.8423833674298329,2,-6.5709428787231445,-13.141885757446289,-1.8423833674298329,headquarters_state
-2.3118700981140137,-4.623740196228027,-0.00015101949975360185,-0.0003020389995072037,patch_matched_layer_random_16,Tennessee,764764_1993.txt_headquarters_state_43,0.6066032235797043,2,-0.9095738530158997,-1.8191477060317993,0.6066032235797043,headquarters_state
-2.3118700981140137,-4.623740196228027,-0.00015101949975360185,-0.0003020389995072037,patch_matched_layer_random_17,Tennessee,764764_1993.txt_headquarters_state_43,-0.2722930778971385,2,-2.9413352012634277,-5.8826704025268555,-0.2722930778971385,headquarters_state
-2.3118700981140137,-4.623740196228027,-0.00015101949975360185,-0.0003020389995072037,patch_matched_layer_random_18,Tennessee,764764_1993.txt_headquarters_state_43,0.7713035216755151,2,-0.5288330316543579,-1.0576660633087158,0.7713035216755151,headquarters_state
-2.3118700981140137,-4.623740196228027,-0.00015101949975360185,-0.0003020389995072037,patch_matched_layer_random_19,Tennessee,764764_1993.txt_headquarters_state_43,0.8863721788418404,2,-0.2628266215324402,-0.5256532430648804,0.8863721788418404,headquarters_state
-1.9437835216522217,-3.8875670433044434,-0.00023395312018692493,-0.00046790624037384987,patch_qr,Illinois,310431_1993.txt_headquarters_state_67,0.9970859004570688,2,-0.00589765002951026,-0.01179530005902052,0.9970859004570688,headquarters_state
-1.9437835216522217,-3.8875670433044434,-0.00023395312018692493,-0.00046790624037384987,patch_bottom,Illinois,310431_1993.txt_headquarters_state_67,-0.0918906907690204,2,-2.122377634048462,-4.244755268096924,-0.0918906907690204,headquarters_state
-1.9437835216522217,-3.8875670433044434,-0.00023395312018692493,-0.00046790624037384987,patch_same_layer,Illinois,310431_1993.txt_headquarters_state_67,0.3003700001462776,2,-1.3599995374679565,-2.719999074935913,0.3003700001462776,headquarters_state
-1.9437835216522217,-3.8875670433044434,-0.00023395312018692493,-0.00046790624037384987,patch_random_00,Illinois,310431_1993.txt_headquarters_state_67,-0.34742595399729914,2,-2.619023084640503,-5.238046169281006,-0.34742595399729914,headquarters_state
-1.9437835216522217,-3.8875670433044434,-0.00023395312018692493,-0.00046790624037384987,patch_random_01,Illinois,310431_1993.txt_headquarters_state_67,0.9273383500570385,2,-0.14145547151565552,-0.28291094303131104,0.9273383500570385,headquarters_state
-1.9437835216522217,-3.8875670433044434,-0.00023395312018692493,-0.00046790624037384987,patch_random_02,Illinois,310431_1993.txt_headquarters_state_67,0.6811490469089473,2,-0.6199365854263306,-1.2398731708526611,0.6811490469089473,headquarters_state
-1.9437835216522217,-3.8875670433044434,-0.00023395312018692493,-0.00046790624037384987,patch_random_03,Illinois,310431_1993.txt_headquarters_state_67,0.2778498634492686,2,-1.403768539428711,-2.807537078857422,0.2778498634492686,headquarters_state
-1.9437835216522217,-3.8875670433044434,-0.00023395312018692493,-0.00046790624037384987,patch_random_04,Illinois,310431_1993.txt_headquarters_state_67,0.28678754135917206,2,-1.3863977193832397,-2.7727954387664795,0.28678754135917206,headquarters_state
-1.9437835216522217,-3.8875670433044434,-0.00023395312018692493,-0.00046790624037384987,patch_random_05,Illinois,310431_1993.txt_headquarters_state_67,0.00033900331332676687,2,-1.9431246519088745,-3.886249303817749,0.00033900331332676687,headquarters_state
-1.9437835216522217,-3.8875670433044434,-0.00023395312018692493,-0.00046790624037384987,patch_random_06,Illinois,310431_1993.txt_headquarters_state_67,-0.011769800035749345,2,-1.9666587114334106,-3.9333174228668213,-0.011769800035749345,headquarters_state
-1.9437835216522217,-3.8875670433044434,-0.00023395312018692493,-0.00046790624037384987,patch_random_07,Illinois,310431_1993.txt_headquarters_state_67,0.5197541512230197,2,-0.9336155652999878,-1.8672311305999756,0.5197541512230197,headquarters_state
-1.9437835216522217,-3.8875670433044434,-0.00023395312018692493,-0.00046790624037384987,patch_random_08,Illinois,310431_1993.txt_headquarters_state_67,0.32170653870012283,2,-1.3185309171676636,-2.637061834335327,0.32170653870012283,headquarters_state
-1.9437835216522217,-3.8875670433044434,-0.00023395312018692493,-0.00046790624037384987,patch_random_09,Illinois,310431_1993.txt_headquarters_state_67,0.05294125255200391,2,-1.840889573097229,-3.681779146194458,0.05294125255200391,headquarters_state
-1.9437835216522217,-3.8875670433044434,-0.00023395312018692493,-0.00046790624037384987,patch_random_10,Illinois,310431_1993.txt_headquarters_state_67,-0.08319915367626553,2,-2.105485200881958,-4.210970401763916,-0.08319915367626553,headquarters_state
-1.9437835216522217,-3.8875670433044434,-0.00023395312018692493,-0.00046790624037384987,patch_random_11,Illinois,310431_1993.txt_headquarters_state_67,0.6647371034380933,2,-0.6518340110778809,-1.3036680221557617,0.6647371034380933,headquarters_state
-1.9437835216522217,-3.8875670433044434,-0.00023395312018692493,-0.00046790624037384987,patch_random_12,Illinois,310431_1993.txt_headquarters_state_67,-0.15206914577251068,2,-2.23933744430542,-4.47867488861084,-0.15206914577251068,headquarters_state
-1.9437835216522217,-3.8875670433044434,-0.00023395312018692493,-0.00046790624037384987,patch_random_13,Illinois,310431_1993.txt_headquarters_state_67,-1.7059602339344293,2,-5.259401798248291,-10.518803596496582,-1.7059602339344293,headquarters_state
-1.9437835216522217,-3.8875670433044434,-0.00023395312018692493,-0.00046790624037384987,patch_random_14,Illinois,310431_1993.txt_headquarters_state_67,0.04634016433292424,2,-1.8537191152572632,-3.7074382305145264,0.04634016433292424,headquarters_state
-1.9437835216522217,-3.8875670433044434,-0.00023395312018692493,-0.00046790624037384987,patch_random_15,Illinois,310431_1993.txt_headquarters_state_67,-0.3108870765215627,2,-2.5480079650878906,-5.096015930175781,-0.3108870765215627,headquarters_state
-1.9437835216522217,-3.8875670433044434,-0.00023395312018692493,-0.00046790624037384987,patch_random_16,Illinois,310431_1993.txt_headquarters_state_67,0.04808106012488256,2,-1.8503355979919434,-3.7006711959838867,0.04808106012488256,headquarters_state
-1.9437835216522217,-3.8875670433044434,-0.00023395312018692493,-0.00046790624037384987,patch_random_17,Illinois,310431_1993.txt_headquarters_state_67,0.5570187546266161,2,-0.8611899614334106,-1.7223799228668213,0.5570187546266161,headquarters_state
-1.9437835216522217,-3.8875670433044434,-0.00023395312018692493,-0.00046790624037384987,patch_random_18,Illinois,310431_1993.txt_headquarters_state_67,0.4487860432702577,2,-1.0715456008911133,-2.1430912017822266,0.4487860432702577,headquarters_state
-1.9437835216522217,-3.8875670433044434,-0.00023395312018692493,-0.00046790624037384987,patch_random_19,Illinois,310431_1993.txt_headquarters_state_67,-0.2627663934293545,2,-2.4544830322265625,-4.908966064453125,-0.2627663934293545,headquarters_state
-1.9437835216522217,-3.8875670433044434,-0.00023395312018692493,-0.00046790624037384987,patch_matched_layer_random_00,Illinois,310431_1993.txt_headquarters_state_67,0.4700980474790096,2,-1.0301246643066406,-2.0602493286132812,0.4700980474790096,headquarters_state
-1.9437835216522217,-3.8875670433044434,-0.00023395312018692493,-0.00046790624037384987,patch_matched_layer_random_01,Illinois,310431_1993.txt_headquarters_state_67,-1.4103986587471262,2,-4.684963226318359,-9.369926452636719,-1.4103986587471262,headquarters_state
-1.9437835216522217,-3.8875670433044434,-0.00023395312018692493,-0.00046790624037384987,patch_matched_layer_random_02,Illinois,310431_1993.txt_headquarters_state_67,0.9605194187283906,2,-0.07696641981601715,-0.1539328396320343,0.9605194187283906,headquarters_state
-1.9437835216522217,-3.8875670433044434,-0.00023395312018692493,-0.00046790624037384987,patch_matched_layer_random_03,Illinois,310431_1993.txt_headquarters_state_67,0.2549114775042814,2,-1.448350429534912,-2.896700859069824,0.2549114775042814,headquarters_state
-1.9437835216522217,-3.8875670433044434,-0.00023395312018692493,-0.00046790624037384987,patch_matched_layer_random_04,Illinois,310431_1993.txt_headquarters_state_67,0.17038059957635115,2,-1.612640380859375,-3.22528076171875,0.17038059957635115,headquarters_state
-1.9437835216522217,-3.8875670433044434,-0.00023395312018692493,-0.00046790624037384987,patch_matched_layer_random_05,Illinois,310431_1993.txt_headquarters_state_67,0.9784759813137107,2,-0.04206695035099983,-0.08413390070199966,0.9784759813137107,headquarters_state
-1.9437835216522217,-3.8875670433044434,-0.00023395312018692493,-0.00046790624037384987,patch_matched_layer_random_06,Illinois,310431_1993.txt_headquarters_state_67,-0.06845572967934467,2,-2.0768306255340576,-4.153661251068115,-0.06845572967934467,headquarters_state
-1.9437835216522217,-3.8875670433044434,-0.00023395312018692493,-0.00046790624037384987,patch_matched_layer_random_07,Illinois,310431_1993.txt_headquarters_state_67,0.8689613753439213,2,-0.2549140155315399,-0.5098280310630798,0.8689613753439213,headquarters_state
-1.9437835216522217,-3.8875670433044434,-0.00023395312018692493,-0.00046790624037384987,patch_matched_layer_random_08,Illinois,310431_1993.txt_headquarters_state_67,-0.44698865714872205,2,-2.812528133392334,-5.625056266784668,-0.44698865714872205,headquarters_state
-1.9437835216522217,-3.8875670433044434,-0.00023395312018692493,-0.00046790624037384987,patch_matched_layer_random_09,Illinois,310431_1993.txt_headquarters_state_67,0.7482272957830282,2,-0.4895666837692261,-0.9791333675384521,0.7482272957830282,headquarters_state
-1.9437835216522217,-3.8875670433044434,-0.00023395312018692493,-0.00046790624037384987,patch_matched_layer_random_10,Illinois,310431_1993.txt_headquarters_state_67,0.009878263364918122,2,-1.9245846271514893,-3.8491692543029785,0.009878263364918122,headquarters_state
-1.9437835216522217,-3.8875670433044434,-0.00023395312018692493,-0.00046790624037384987,patch_matched_layer_random_11,Illinois,310431_1993.txt_headquarters_state_67,-0.2417615592211708,2,-2.41365909576416,-4.82731819152832,-0.2417615592211708,headquarters_state
-1.9437835216522217,-3.8875670433044434,-0.00023395312018692493,-0.00046790624037384987,patch_matched_layer_random_12,Illinois,310431_1993.txt_headquarters_state_67,-0.3374131197495442,2,-2.599562644958496,-5.199125289916992,-0.3374131197495442,headquarters_state
-1.9437835216522217,-3.8875670433044434,-0.00023395312018692493,-0.00046790624037384987,patch_matched_layer_random_13,Illinois,310431_1993.txt_headquarters_state_67,0.6207623259835462,2,-0.7373011708259583,-1.4746023416519165,0.6207623259835462,headquarters_state
-1.9437835216522217,-3.8875670433044434,-0.00023395312018692493,-0.00046790624037384987,patch_matched_layer_random_14,Illinois,310431_1993.txt_headquarters_state_67,-0.03747498541277149,2,-2.016618013381958,-4.033236026763916,-0.03747498541277149,headquarters_state
-1.9437835216522217,-3.8875670433044434,-0.00023395312018692493,-0.00046790624037384987,patch_matched_layer_random_15,Illinois,310431_1993.txt_headquarters_state_67,-2.163402852855684,2,-6.148464202880859,-12.296928405761719,-2.163402852855684,headquarters_state
-1.9437835216522217,-3.8875670433044434,-0.00023395312018692493,-0.00046790624037384987,patch_matched_layer_random_16,Illinois,310431_1993.txt_headquarters_state_67,0.5817779876606344,2,-0.8130691647529602,-1.6261383295059204,0.5817779876606344,headquarters_state
-1.9437835216522217,-3.8875670433044434,-0.00023395312018692493,-0.00046790624037384987,patch_matched_layer_random_17,Illinois,310431_1993.txt_headquarters_state_67,0.18550810874570775,2,-1.5832393169403076,-3.1664786338806152,0.18550810874570775,headquarters_state
-1.9437835216522217,-3.8875670433044434,-0.00023395312018692493,-0.00046790624037384987,patch_matched_layer_random_18,Illinois,310431_1993.txt_headquarters_state_67,0.8284093690393757,2,-0.3337288498878479,-0.6674576997756958,0.8284093690393757,headquarters_state
-1.9437835216522217,-3.8875670433044434,-0.00023395312018692493,-0.00046790624037384987,patch_matched_layer_random_19,Illinois,310431_1993.txt_headquarters_state_67,0.9029003789380513,2,-0.18895187973976135,-0.3779037594795227,0.9029003789380513,headquarters_state
-5.802614688873291,-11.605229377746582,-0.34315890073776245,-0.6863178014755249,patch_qr,Connecticut,40878_1993.txt_headquarters_state_15,0.7519500113047219,2,-1.6973768472671509,-3.3947536945343018,0.7519500113047219,headquarters_state
-5.802614688873291,-11.605229377746582,-0.34315890073776245,-0.6863178014755249,patch_bottom,Connecticut,40878_1993.txt_headquarters_state_15,-0.022418908285826735,2,-5.925009727478027,-11.850019454956055,-0.022418908285826735,headquarters_state
-5.802614688873291,-11.605229377746582,-0.34315890073776245,-0.6863178014755249,patch_same_layer,Connecticut,40878_1993.txt_headquarters_state_15,0.09439417133364243,2,-5.28727388381958,-10.57454776763916,0.09439417133364243,headquarters_state
-5.802614688873291,-11.605229377746582,-0.34315890073776245,-0.6863178014755249,patch_random_00,Connecticut,40878_1993.txt_headquarters_state_15,0.010067856826595065,2,-5.747649669647217,-11.495299339294434,0.010067856826595065,headquarters_state
-5.802614688873291,-11.605229377746582,-0.34315890073776245,-0.6863178014755249,patch_random_01,Connecticut,40878_1993.txt_headquarters_state_15,0.12336316945076672,2,-5.129118919372559,-10.258237838745117,0.12336316945076672,headquarters_state
-5.802614688873291,-11.605229377746582,-0.34315890073776245,-0.6863178014755249,patch_random_02,Connecticut,40878_1993.txt_headquarters_state_15,0.014903432651593843,2,-5.721250057220459,-11.442500114440918,0.014903432651593843,headquarters_state
-5.802614688873291,-11.605229377746582,-0.34315890073776245,-0.6863178014755249,patch_random_03,Connecticut,40878_1993.txt_headquarters_state_15,0.07653379157643242,2,-5.384781837463379,-10.769563674926758,0.07653379157643242,headquarters_state
-5.802614688873291,-11.605229377746582,-0.34315890073776245,-0.6863178014755249,patch_random_04,Connecticut,40878_1993.txt_headquarters_state_15,0.008042494356291317,2,-5.758707046508789,-11.517414093017578,0.008042494356291317,headquarters_state
-5.802614688873291,-11.605229377746582,-0.34315890073776245,-0.6863178014755249,patch_random_05,Connecticut,40878_1993.txt_headquarters_state_15,-0.04590713878149127,2,-6.0532426834106445,-12.106485366821289,-0.04590713878149127,headquarters_state
-5.802614688873291,-11.605229377746582,-0.34315890073776245,-0.6863178014755249,patch_random_06,Connecticut,40878_1993.txt_headquarters_state_15,0.0850124694756405,2,-5.3384928703308105,-10.676985740661621,0.0850124694756405,headquarters_state
-5.802614688873291,-11.605229377746582,-0.34315890073776245,-0.6863178014755249,patch_random_07,Connecticut,40878_1993.txt_headquarters_state_15,-0.004266545832587337,2,-5.8259077072143555,-11.651815414428711,-0.004266545832587337,headquarters_state
-5.802614688873291,-11.605229377746582,-0.34315890073776245,-0.6863178014755249,patch_random_08,Connecticut,40878_1993.txt_headquarters_state_15,0.039930882726117445,2,-5.584613800048828,-11.169227600097656,0.039930882726117445,headquarters_state
-5.802614688873291,-11.605229377746582,-0.34315890073776245,-0.6863178014755249,patch_random_09,Connecticut,40878_1993.txt_headquarters_state_15,0.01957279756706707,2,-5.695757865905762,-11.391515731811523,0.01957279756706707,headquarters_state
-5.802614688873291,-11.605229377746582,-0.34315890073776245,-0.6863178014755249,patch_random_10,Connecticut,40878_1993.txt_headquarters_state_15,-0.03085644832986586,2,-5.971074104309082,-11.942148208618164,-0.03085644832986586,headquarters_state
-5.802614688873291,-11.605229377746582,-0.34315890073776245,-0.6863178014755249,patch_random_11,Connecticut,40878_1993.txt_headquarters_state_15,0.12323704829818927,2,-5.129807472229004,-10.259614944458008,0.12323704829818927,headquarters_state
-5.802614688873291,-11.605229377746582,-0.34315890073776245,-0.6863178014755249,patch_random_12,Connecticut,40878_1993.txt_headquarters_state_15,-0.07070095029428032,2,-6.188603401184082,-12.377206802368164,-0.07070095029428032,headquarters_state
-5.802614688873291,-11.605229377746582,-0.34315890073776245,-0.6863178014755249,patch_random_13,Connecticut,40878_1993.txt_headquarters_state_15,-0.10571992070831264,2,-6.379787921905518,-12.759575843811035,-0.10571992070831264,headquarters_state
-5.802614688873291,-11.605229377746582,-0.34315890073776245,-0.6863178014755249,patch_random_14,Connecticut,40878_1993.txt_headquarters_state_15,0.03911677243306034,2,-5.5890583992004395,-11.178116798400879,0.03911677243306034,headquarters_state
-5.802614688873291,-11.605229377746582,-0.34315890073776245,-0.6863178014755249,patch_random_15,Connecticut,40878_1993.txt_headquarters_state_15,-0.03208665361660648,2,-5.977790355682373,-11.955580711364746,-0.03208665361660648,headquarters_state
-5.802614688873291,-11.605229377746582,-0.34315890073776245,-0.6863178014755249,patch_random_16,Connecticut,40878_1993.txt_headquarters_state_15,0.008238401382074718,2,-5.7576375007629395,-11.515275001525879,0.008238401382074718,headquarters_state
-5.802614688873291,-11.605229377746582,-0.34315890073776245,-0.6863178014755249,patch_random_17,Connecticut,40878_1993.txt_headquarters_state_15,0.06795973673912559,2,-5.431591510772705,-10.86318302154541,0.06795973673912559,headquarters_state
-5.802614688873291,-11.605229377746582,-0.34315890073776245,-0.6863178014755249,patch_random_18,Connecticut,40878_1993.txt_headquarters_state_15,0.0717536776156211,2,-5.410878658294678,-10.821757316589355,0.0717536776156211,headquarters_state
-5.802614688873291,-11.605229377746582,-0.34315890073776245,-0.6863178014755249,patch_random_19,Connecticut,40878_1993.txt_headquarters_state_15,-0.054347124388045745,2,-6.099320411682129,-12.198640823364258,-0.054347124388045745,headquarters_state
-5.802614688873291,-11.605229377746582,-0.34315890073776245,-0.6863178014755249,patch_matched_layer_random_00,Connecticut,40878_1993.txt_headquarters_state_15,-0.026344298147522423,2,-5.94644021987915,-11.8928804397583,-0.026344298147522423,headquarters_state
-5.802614688873291,-11.605229377746582,-0.34315890073776245,-0.6863178014755249,patch_matched_layer_random_01,Connecticut,40878_1993.txt_headquarters_state_15,-0.12361698390325293,2,-6.477496147155762,-12.954992294311523,-0.12361698390325293,headquarters_state
-5.802614688873291,-11.605229377746582,-0.34315890073776245,-0.6863178014755249,patch_matched_layer_random_02,Connecticut,40878_1993.txt_headquarters_state_15,0.04312539876179641,2,-5.567173480987549,-11.134346961975098,0.04312539876179641,headquarters_state
-5.802614688873291,-11.605229377746582,-0.34315890073776245,-0.6863178014755249,patch_matched_layer_random_03,Connecticut,40878_1993.txt_headquarters_state_15,0.16488628805741534,2,-4.902425289154053,-9.804850578308105,0.16488628805741534,headquarters_state
-5.802614688873291,-11.605229377746582,-0.34315890073776245,-0.6863178014755249,patch_matched_layer_random_04,Connecticut,40878_1993.txt_headquarters_state_15,0.07651326631960714,2,-5.384893894195557,-10.769787788391113,0.07651326631960714,headquarters_state
-5.802614688873291,-11.605229377746582,-0.34315890073776245,-0.6863178014755249,patch_matched_layer_random_05,Connecticut,40878_1993.txt_headquarters_state_15,0.14092877158335837,2,-5.033220291137695,-10.06644058227539,0.14092877158335837,headquarters_state
-5.802614688873291,-11.605229377746582,-0.34315890073776245,-0.6863178014755249,patch_matched_layer_random_06,Connecticut,40878_1993.txt_headquarters_state_15,-0.00031870920066145043,2,-5.804354667663574,-11.608709335327148,-0.00031870920066145043,headquarters_state
-5.802614688873291,-11.605229377746582,-0.34315890073776245,-0.6863178014755249,patch_matched_layer_random_07,Connecticut,40878_1993.txt_headquarters_state_15,0.0025267027859509727,2,-5.788820266723633,-11.577640533447266,0.0025267027859509727,headquarters_state
-5.802614688873291,-11.605229377746582,-0.34315890073776245,-0.6863178014755249,patch_matched_layer_random_08,Connecticut,40878_1993.txt_headquarters_state_15,0.017875315156857342,2,-5.7050251960754395,-11.410050392150879,0.017875315156857342,headquarters_state
-5.802614688873291,-11.605229377746582,-0.34315890073776245,-0.6863178014755249,patch_matched_layer_random_09,Connecticut,40878_1993.txt_headquarters_state_15,0.2790503867651659,2,-4.279151439666748,-8.558302879333496,0.2790503867651659,headquarters_state
-5.802614688873291,-11.605229377746582,-0.34315890073776245,-0.6863178014755249,patch_matched_layer_random_10,Connecticut,40878_1993.txt_headquarters_state_15,-0.03967951383614659,2,-6.019243240356445,-12.03848648071289,-0.03967951383614659,headquarters_state
-5.802614688873291,-11.605229377746582,-0.34315890073776245,-0.6863178014755249,patch_matched_layer_random_11,Connecticut,40878_1993.txt_headquarters_state_15,0.04763300718518276,2,-5.542564392089844,-11.085128784179688,0.04763300718518276,headquarters_state
-5.802614688873291,-11.605229377746582,-0.34315890073776245,-0.6863178014755249,patch_matched_layer_random_12,Connecticut,40878_1993.txt_headquarters_state_15,-0.008198660991200243,2,-5.84737491607666,-11.69474983215332,-0.008198660991200243,headquarters_state
-5.802614688873291,-11.605229377746582,-0.34315890073776245,-0.6863178014755249,patch_matched_layer_random_13,Connecticut,40878_1993.txt_headquarters_state_15,-0.01738463050645558,2,-5.897525310516357,-11.795050621032715,-0.01738463050645558,headquarters_state
-5.802614688873291,-11.605229377746582,-0.34315890073776245,-0.6863178014755249,patch_matched_layer_random_14,Connecticut,40878_1993.txt_headquarters_state_15,-0.04077014737647532,2,-6.025197505950928,-12.050395011901855,-0.04077014737647532,headquarters_state
-5.802614688873291,-11.605229377746582,-0.34315890073776245,-0.6863178014755249,patch_matched_layer_random_15,Connecticut,40878_1993.txt_headquarters_state_15,-0.1793999155123657,2,-6.782040596008301,-13.564081192016602,-0.1793999155123657,headquarters_state
-5.802614688873291,-11.605229377746582,-0.34315890073776245,-0.6863178014755249,patch_matched_layer_random_16,Connecticut,40878_1993.txt_headquarters_state_15,0.16117724313680992,2,-4.922674655914307,-9.845349311828613,0.16117724313680992,headquarters_state
-5.802614688873291,-11.605229377746582,-0.34315890073776245,-0.6863178014755249,patch_matched_layer_random_17,Connecticut,40878_1993.txt_headquarters_state_15,0.06042958772980058,2,-5.4727020263671875,-10.945404052734375,0.06042958772980058,headquarters_state
-5.802614688873291,-11.605229377746582,-0.34315890073776245,-0.6863178014755249,patch_matched_layer_random_18,Connecticut,40878_1993.txt_headquarters_state_15,-0.007313978751271542,2,-5.842545032501221,-11.685090065002441,-0.007313978751271542,headquarters_state
-5.802614688873291,-11.605229377746582,-0.34315890073776245,-0.6863178014755249,patch_matched_layer_random_19,Connecticut,40878_1993.txt_headquarters_state_15,0.12456979252753787,2,-5.122531414031982,-10.245062828063965,0.12456979252753787,headquarters_state
-1.686870813369751,-1.686870813369751,-0.5644394159317017,-0.5644394159317017,patch_qr,California,201461_1993.txt_headquarters_state_74,1.4283246582254605,1,-0.0836743712425232,-0.0836743712425232,1.4283246582254605,headquarters_state
-1.686870813369751,-1.686870813369751,-0.5644394159317017,-0.5644394159317017,patch_bottom,California,201461_1993.txt_headquarters_state_74,-0.3719960741902008,1,-2.1044108867645264,-2.1044108867645264,-0.3719960741902008,headquarters_state
-1.686870813369751,-1.686870813369751,-0.5644394159317017,-0.5644394159317017,patch_same_layer,California,201461_1993.txt_headquarters_state_74,-1.1843865688534934,1,-3.016263484954834,-3.016263484954834,-1.1843865688534934,headquarters_state
-1.686870813369751,-1.686870813369751,-0.5644394159317017,-0.5644394159317017,patch_random_00,California,201461_1993.txt_headquarters_state_74,-0.6277716526242463,1,-2.3915014266967773,-2.3915014266967773,-0.6277716526242463,headquarters_state
-1.686870813369751,-1.686870813369751,-0.5644394159317017,-0.5644394159317017,patch_random_01,California,201461_1993.txt_headquarters_state_74,1.0002781543086252,1,-0.5641272068023682,-0.5641272068023682,1.0002781543086252,headquarters_state
-1.686870813369751,-1.686870813369751,-0.5644394159317017,-0.5644394159317017,patch_random_02,California,201461_1993.txt_headquarters_state_74,0.1555613284581808,1,-1.5122638940811157,-1.5122638940811157,0.1555613284581808,headquarters_state
-1.686870813369751,-1.686870813369751,-0.5644394159317017,-0.5644394159317017,patch_random_03,California,201461_1993.txt_headquarters_state_74,0.4076049235967784,1,-1.2293622493743896,-1.2293622493743896,0.4076049235967784,headquarters_state
-1.686870813369751,-1.686870813369751,-0.5644394159317017,-0.5644394159317017,patch_random_04,California,201461_1993.txt_headquarters_state_74,-0.3806157777747804,1,-2.1140859127044678,-2.1140859127044678,-0.3806157777747804,headquarters_state
-1.686870813369751,-1.686870813369751,-0.5644394159317017,-0.5644394159317017,patch_random_05,California,201461_1993.txt_headquarters_state_74,0.10458145317199463,1,-1.5694853067398071,-1.5694853067398071,0.10458145317199463,headquarters_state
-1.686870813369751,-1.686870813369751,-0.5644394159317017,-0.5644394159317017,patch_random_06,California,201461_1993.txt_headquarters_state_74,0.4357416285270981,1,-1.197780728340149,-1.197780728340149,0.4357416285270981,headquarters_state
-1.686870813369751,-1.686870813369751,-0.5644394159317017,-0.5644394159317017,patch_random_07,California,201461_1993.txt_headquarters_state_74,0.21938090858855328,1,-1.4406307935714722,-1.4406307935714722,0.21938090858855328,headquarters_state
-1.686870813369751,-1.686870813369751,-0.5644394159317017,-0.5644394159317017,patch_random_08,California,201461_1993.txt_headquarters_state_74,0.10569704418299049,1,-1.5682331323623657,-1.5682331323623657,0.10569704418299049,headquarters_state
-1.686870813369751,-1.686870813369751,-0.5644394159317017,-0.5644394159317017,patch_random_09,California,201461_1993.txt_headquarters_state_74,0.1688537907737947,1,-1.4973440170288086,-1.4973440170288086,0.1688537907737947,headquarters_state
-1.686870813369751,-1.686870813369751,-0.5644394159317017,-0.5644394159317017,patch_random_10,California,201461_1993.txt_headquarters_state_74,-0.432510089333308,1,-2.1723337173461914,-2.1723337173461914,-0.432510089333308,headquarters_state
-1.686870813369751,-1.686870813369751,-0.5644394159317017,-0.5644394159317017,patch_random_11,California,201461_1993.txt_headquarters_state_74,-0.3859010282575677,1,-2.120018243789673,-2.120018243789673,-0.3859010282575677,headquarters_state
-1.686870813369751,-1.686870813369751,-0.5644394159317017,-0.5644394159317017,patch_random_12,California,201461_1993.txt_headquarters_state_74,-0.09519908212264343,1,-1.7937252521514893,-1.7937252521514893,-0.09519908212264343,headquarters_state
-1.686870813369751,-1.686870813369751,-0.5644394159317017,-0.5644394159317017,patch_random_13,California,201461_1993.txt_headquarters_state_74,-2.0363612148599186,1,-3.9725465774536133,-3.9725465774536133,-2.0363612148599186,headquarters_state
-1.686870813369751,-1.686870813369751,-0.5644394159317017,-0.5644394159317017,patch_random_14,California,201461_1993.txt_headquarters_state_74,0.3070802325960527,1,-1.3421943187713623,-1.3421943187713623,0.3070802325960527,headquarters_state
-1.686870813369751,-1.686870813369751,-0.5644394159317017,-0.5644394159317017,patch_random_15,California,201461_1993.txt_headquarters_state_74,-0.40559103967155913,1,-2.1421189308166504,-2.1421189308166504,-0.40559103967155913,headquarters_state
-1.686870813369751,-1.686870813369751,-0.5644394159317017,-0.5644394159317017,patch_random_16,California,201461_1993.txt_headquarters_state_74,-0.21206541840982188,1,-1.924899697303772,-1.924899697303772,-0.21206541840982188,headquarters_state
-1.686870813369751,-1.686870813369751,-0.5644394159317017,-0.5644394159317017,patch_random_17,California,201461_1993.txt_headquarters_state_74,0.8920083686318834,1,-0.6856526136398315,-0.6856526136398315,0.8920083686318834,headquarters_state
-1.686870813369751,-1.686870813369751,-0.5644394159317017,-0.5644394159317017,patch_random_18,California,201461_1993.txt_headquarters_state_74,-0.5366855158073744,1,-2.2892634868621826,-2.2892634868621826,-0.5366855158073744,headquarters_state
-1.686870813369751,-1.686870813369751,-0.5644394159317017,-0.5644394159317017,patch_random_19,California,201461_1993.txt_headquarters_state_74,0.5808800827814411,1,-1.0348727703094482,-1.0348727703094482,0.5808800827814411,headquarters_state
-1.686870813369751,-1.686870813369751,-0.5644394159317017,-0.5644394159317017,patch_matched_layer_random_00,California,201461_1993.txt_headquarters_state_74,0.17569963667885669,1,-1.4896600246429443,-1.4896600246429443,0.17569963667885669,headquarters_state
-1.686870813369751,-1.686870813369751,-0.5644394159317017,-0.5644394159317017,patch_matched_layer_random_01,California,201461_1993.txt_headquarters_state_74,-3.504773389203513,1,-5.620738506317139,-5.620738506317139,-3.504773389203513,headquarters_state
-1.686870813369751,-1.686870813369751,-0.5644394159317017,-0.5644394159317017,patch_matched_layer_random_02,California,201461_1993.txt_headquarters_state_74,0.9131203231390504,1,-0.6619558930397034,-0.6619558930397034,0.9131203231390504,headquarters_state
-1.686870813369751,-1.686870813369751,-0.5644394159317017,-0.5644394159317017,patch_matched_layer_random_03,California,201461_1993.txt_headquarters_state_74,0.867054188686331,1,-0.7136619687080383,-0.7136619687080383,0.867054188686331,headquarters_state
-1.686870813369751,-1.686870813369751,-0.5644394159317017,-0.5644394159317017,patch_matched_layer_random_04,California,201461_1993.txt_headquarters_state_74,0.8139611265812393,1,-0.7732552886009216,-0.7732552886009216,0.8139611265812393,headquarters_state
-1.686870813369751,-1.686870813369751,-0.5644394159317017,-0.5644394159317017,patch_matched_layer_random_05,California,201461_1993.txt_headquarters_state_74,1.2649635388450087,1,-0.2670360207557678,-0.2670360207557678,1.2649635388450087,headquarters_state
-1.686870813369751,-1.686870813369751,-0.5644394159317017,-0.5644394159317017,patch_matched_layer_random_06,California,201461_1993.txt_headquarters_state_74,0.20897173499785515,1,-1.4523143768310547,-1.4523143768310547,0.20897173499785515,headquarters_state
-1.686870813369751,-1.686870813369751,-0.5644394159317017,-0.5644394159317017,patch_matched_layer_random_07,California,201461_1993.txt_headquarters_state_74,0.903105971481271,1,-0.6731963157653809,-0.6731963157653809,0.903105971481271,headquarters_state
-1.686870813369751,-1.686870813369751,-0.5644394159317017,-0.5644394159317017,patch_matched_layer_random_08,California,201461_1993.txt_headquarters_state_74,0.7411047707128047,1,-0.8550315499305725,-0.8550315499305725,0.7411047707128047,headquarters_state
-1.686870813369751,-1.686870813369751,-0.5644394159317017,-0.5644394159317017,patch_matched_layer_random_09,California,201461_1993.txt_headquarters_state_74,0.6535818553752656,1,-0.9532700181007385,-0.9532700181007385,0.6535818553752656,headquarters_state
-1.686870813369751,-1.686870813369751,-0.5644394159317017,-0.5644394159317017,patch_matched_layer_random_10,California,201461_1993.txt_headquarters_state_74,-0.8149037606271354,1,-2.6015443801879883,-2.6015443801879883,-0.8149037606271354,headquarters_state
-1.686870813369751,-1.686870813369751,-0.5644394159317017,-0.5644394159317017,patch_matched_layer_random_11,California,201461_1993.txt_headquarters_state_74,0.8389697372572881,1,-0.7451848387718201,-0.7451848387718201,0.8389697372572881,headquarters_state
-1.686870813369751,-1.686870813369751,-0.5644394159317017,-0.5644394159317017,patch_matched_layer_random_12,California,201461_1993.txt_headquarters_state_74,-0.6033507876312564,1,-2.36409068107605,-2.36409068107605,-0.6033507876312564,headquarters_state
-1.686870813369751,-1.686870813369751,-0.5644394159317017,-0.5644394159317017,patch_matched_layer_random_13,California,201461_1993.txt_headquarters_state_74,0.9031296023837793,1,-0.6731697916984558,-0.6731697916984558,0.9031296023837793,headquarters_state
-1.686870813369751,-1.686870813369751,-0.5644394159317017,-0.5644394159317017,patch_matched_layer_random_14,California,201461_1993.txt_headquarters_state_74,0.22437026831004636,1,-1.4350305795669556,-1.4350305795669556,0.22437026831004636,headquarters_state
-1.686870813369751,-1.686870813369751,-0.5644394159317017,-0.5644394159317017,patch_matched_layer_random_15,California,201461_1993.txt_headquarters_state_74,-3.78512446900831,1,-5.935413360595703,-5.935413360595703,-3.78512446900831,headquarters_state
-1.686870813369751,-1.686870813369751,-0.5644394159317017,-0.5644394159317017,patch_matched_layer_random_16,California,201461_1993.txt_headquarters_state_74,0.2221453524599557,1,-1.4375278949737549,-1.4375278949737549,0.2221453524599557,headquarters_state
-1.686870813369751,-1.686870813369751,-0.5644394159317017,-0.5644394159317017,patch_matched_layer_random_17,California,201461_1993.txt_headquarters_state_74,-0.5071567648582884,1,-2.2561194896698,-2.2561194896698,-0.5071567648582884,headquarters_state
-1.686870813369751,-1.686870813369751,-0.5644394159317017,-0.5644394159317017,patch_matched_layer_random_18,California,201461_1993.txt_headquarters_state_74,1.1443569086191407,1,-0.4024086892604828,-0.4024086892604828,1.1443569086191407,headquarters_state
-1.686870813369751,-1.686870813369751,-0.5644394159317017,-0.5644394159317017,patch_matched_layer_random_19,California,201461_1993.txt_headquarters_state_74,1.303163171541129,1,-0.22415955364704132,-0.22415955364704132,1.303163171541129,headquarters_state
-1.3821160793304443,-2.7642321586608887,-0.00015202834038063884,-0.0003040566807612777,patch_qr,Illinois,865227_1993.txt_headquarters_state_49,0.9968216413525544,2,-0.004544405732303858,-0.009088811464607716,0.9968216413525544,headquarters_state
-1.3821160793304443,-2.7642321586608887,-0.00015202834038063884,-0.0003040566807612777,patch_bottom,Illinois,865227_1993.txt_headquarters_state_49,-0.052876733458814225,2,-1.455189824104309,-2.910379648208618,-0.052876733458814225,headquarters_state
-1.3821160793304443,-2.7642321586608887,-0.00015202834038063884,-0.0003040566807612777,patch_same_layer,Illinois,865227_1993.txt_headquarters_state_49,-1.5473956340609976,2,-3.5205612182617188,-7.0411224365234375,-1.5473956340609976,headquarters_state
-1.3821160793304443,-2.7642321586608887,-0.00015202834038063884,-0.0003040566807612777,patch_random_00,Illinois,865227_1993.txt_headquarters_state_49,-0.1407898332280064,2,-1.5766825675964355,-3.153365135192871,-0.1407898332280064,headquarters_state
-1.3821160793304443,-2.7642321586608887,-0.00015202834038063884,-0.0003040566807612777,patch_random_01,Illinois,865227_1993.txt_headquarters_state_49,0.635262730428373,2,-0.5042058229446411,-1.0084116458892822,0.635262730428373,headquarters_state
-1.3821160793304443,-2.7642321586608887,-0.00015202834038063884,-0.0003040566807612777,patch_random_02,Illinois,865227_1993.txt_headquarters_state_49,0.404435237682397,2,-0.8232011198997498,-1.6464022397994995,0.404435237682397,headquarters_state
-1.3821160793304443,-2.7642321586608887,-0.00015202834038063884,-0.0003040566807612777,patch_random_03,Illinois,865227_1993.txt_headquarters_state_49,-0.0420007162109971,2,-1.440159559249878,-2.880319118499756,-0.0420007162109971,headquarters_state
-1.3821160793304443,-2.7642321586608887,-0.00015202834038063884,-0.0003040566807612777,patch_random_04,Illinois,865227_1993.txt_headquarters_state_49,0.2213416972725016,2,-1.0762298107147217,-2.1524596214294434,0.2213416972725016,headquarters_state
-1.3821160793304443,-2.7642321586608887,-0.00015202834038063884,-0.0003040566807612777,patch_random_05,Illinois,865227_1993.txt_headquarters_state_49,0.7559418344848454,2,-0.3374316394329071,-0.6748632788658142,0.7559418344848454,headquarters_state
-1.3821160793304443,-2.7642321586608887,-0.00015202834038063884,-0.0003040566807612777,patch_random_06,Illinois,865227_1993.txt_headquarters_state_49,0.2350053177132984,2,-1.0573471784591675,-2.114694356918335,0.2350053177132984,headquarters_state
-1.3821160793304443,-2.7642321586608887,-0.00015202834038063884,-0.0003040566807612777,patch_random_07,Illinois,865227_1993.txt_headquarters_state_49,0.4656840968838104,2,-0.7385573983192444,-1.4771147966384888,0.4656840968838104,headquarters_state
-1.3821160793304443,-2.7642321586608887,-0.00015202834038063884,-0.0003040566807612777,patch_random_08,Illinois,865227_1993.txt_headquarters_state_49,0.40533679216845425,2,-0.8219552040100098,-1.6439104080200195,0.40533679216845425,headquarters_state
-1.3821160793304443,-2.7642321586608887,-0.00015202834038063884,-0.0003040566807612777,patch_random_09,Illinois,865227_1993.txt_headquarters_state_49,0.02385947148064745,2,-1.349143147468567,-2.698286294937134,0.02385947148064745,headquarters_state
-1.3821160793304443,-2.7642321586608887,-0.00015202834038063884,-0.0003040566807612777,patch_random_10,Illinois,865227_1993.txt_headquarters_state_49,-0.1230842916703186,2,-1.5522141456604004,-3.104428291320801,-0.1230842916703186,headquarters_state
-1.3821160793304443,-2.7642321586608887,-0.00015202834038063884,-0.0003040566807612777,patch_random_11,Illinois,865227_1993.txt_headquarters_state_49,0.36956781309913406,2,-0.8713866472244263,-1.7427732944488525,0.36956781309913406,headquarters_state
-1.3821160793304443,-2.7642321586608887,-0.00015202834038063884,-0.0003040566807612777,patch_random_12,Illinois,865227_1993.txt_headquarters_state_49,-0.12816927807404926,2,-1.5592414140701294,-3.118482828140259,-0.12816927807404926,headquarters_state
-1.3821160793304443,-2.7642321586608887,-0.00015202834038063884,-0.0003040566807612777,patch_random_13,Illinois,865227_1993.txt_headquarters_state_49,-1.296652296798573,2,-3.1740429401397705,-6.348085880279541,-1.296652296798573,headquarters_state
-1.3821160793304443,-2.7642321586608887,-0.00015202834038063884,-0.0003040566807612777,patch_random_14,Illinois,865227_1993.txt_headquarters_state_49,0.06254648003418958,2,-1.2956790924072266,-2.591358184814453,0.06254648003418958,headquarters_state
-1.3821160793304443,-2.7642321586608887,-0.00015202834038063884,-0.0003040566807612777,patch_random_15,Illinois,865227_1993.txt_headquarters_state_49,-0.2861644266276575,2,-1.7775850296020508,-3.5551700592041016,-0.2861644266276575,headquarters_state
-1.3821160793304443,-2.7642321586608887,-0.00015202834038063884,-0.0003040566807612777,patch_random_16,Illinois,865227_1993.txt_headquarters_state_49,-0.14186007065885486,2,-1.578161597251892,-3.156323194503784,-0.14186007065885486,headquarters_state
-1.3821160793304443,-2.7642321586608887,-0.00015202834038063884,-0.0003040566807612777,patch_random_17,Illinois,865227_1993.txt_headquarters_state_49,0.5774347578968938,2,-0.5841220021247864,-1.1682440042495728,0.5774347578968938,headquarters_state
-1.3821160793304443,-2.7642321586608887,-0.00015202834038063884,-0.0003040566807612777,patch_random_18,Illinois,865227_1993.txt_headquarters_state_49,0.6980857409408364,2,-0.4173866808414459,-0.8347733616828918,0.6980857409408364,headquarters_state
-1.3821160793304443,-2.7642321586608887,-0.00015202834038063884,-0.0003040566807612777,patch_random_19,Illinois,865227_1993.txt_headquarters_state_49,-0.24623664309182117,2,-1.722406268119812,-3.444812536239624,-0.24623664309182117,headquarters_state
-1.3821160793304443,-2.7642321586608887,-0.00015202834038063884,-0.0003040566807612777,patch_matched_layer_random_00,Illinois,865227_1993.txt_headquarters_state_49,0.8566828926579985,2,-0.19821111857891083,-0.39642223715782166,0.8566828926579985,headquarters_state
-1.3821160793304443,-2.7642321586608887,-0.00015202834038063884,-0.0003040566807612777,patch_matched_layer_random_01,Illinois,865227_1993.txt_headquarters_state_49,-1.3090010442516673,2,-3.191108465194702,-6.382216930389404,-1.3090010442516673,headquarters_state
-1.3821160793304443,-2.7642321586608887,-0.00015202834038063884,-0.0003040566807612777,patch_matched_layer_random_02,Illinois,865227_1993.txt_headquarters_state_49,0.8969508132108023,2,-0.14256229996681213,-0.28512459993362427,0.8969508132108023,headquarters_state
-1.3821160793304443,-2.7642321586608887,-0.00015202834038063884,-0.0003040566807612777,patch_matched_layer_random_03,Illinois,865227_1993.txt_headquarters_state_49,0.5325099739474505,2,-0.6462064385414124,-1.2924128770828247,0.5325099739474505,headquarters_state
-1.3821160793304443,-2.7642321586608887,-0.00015202834038063884,-0.0003040566807612777,patch_matched_layer_random_04,Illinois,865227_1993.txt_headquarters_state_49,-0.017588571947287985,2,-1.4064228534698486,-2.8128457069396973,-0.017588571947287985,headquarters_state
-1.3821160793304443,-2.7642321586608887,-0.00015202834038063884,-0.0003040566807612777,patch_matched_layer_random_05,Illinois,865227_1993.txt_headquarters_state_49,0.9495315482127682,2,-0.0698976144194603,-0.1397952288389206,0.9495315482127682,headquarters_state
-1.3821160793304443,-2.7642321586608887,-0.00015202834038063884,-0.0003040566807612777,patch_matched_layer_random_06,Illinois,865227_1993.txt_headquarters_state_49,0.4201217595490685,2,-0.8015229105949402,-1.6030458211898804,0.4201217595490685,headquarters_state
-1.3821160793304443,-2.7642321586608887,-0.00015202834038063884,-0.0003040566807612777,patch_matched_layer_random_07,Illinois,865227_1993.txt_headquarters_state_49,0.3549347940730326,2,-0.8916089534759521,-1.7832179069519043,0.3549347940730326,headquarters_state
-1.3821160793304443,-2.7642321586608887,-0.00015202834038063884,-0.0003040566807612777,patch_matched_layer_random_08,Illinois,865227_1993.txt_headquarters_state_49,0.38608325787962344,2,-0.8485628962516785,-1.697125792503357,0.38608325787962344,headquarters_state
-1.3821160793304443,-2.7642321586608887,-0.00015202834038063884,-0.0003040566807612777,patch_matched_layer_random_09,Illinois,865227_1993.txt_headquarters_state_49,0.5789348758981164,2,-0.5820488929748535,-1.164097785949707,0.5789348758981164,headquarters_state
-1.3821160793304443,-2.7642321586608887,-0.00015202834038063884,-0.0003040566807612777,patch_matched_layer_random_10,Illinois,865227_1993.txt_headquarters_state_49,0.18927373673873019,2,-1.120546579360962,-2.241093158721924,0.18927373673873019,headquarters_state
-1.3821160793304443,-2.7642321586608887,-0.00015202834038063884,-0.0003040566807612777,patch_matched_layer_random_11,Illinois,865227_1993.txt_headquarters_state_49,-0.12278203391601111,2,-1.5517964363098145,-3.103592872619629,-0.12278203391601111,headquarters_state
-1.3821160793304443,-2.7642321586608887,-0.00015202834038063884,-0.0003040566807612777,patch_matched_layer_random_12,Illinois,865227_1993.txt_headquarters_state_49,-1.310880839052429,2,-3.1937062740325928,-6.3874125480651855,-1.310880839052429,headquarters_state
-1.3821160793304443,-2.7642321586608887,-0.00015202834038063884,-0.0003040566807612777,patch_matched_layer_random_13,Illinois,865227_1993.txt_headquarters_state_49,0.7430037965498584,2,-0.3553115427494049,-0.7106230854988098,0.7430037965498584,headquarters_state
-1.3821160793304443,-2.7642321586608887,-0.00015202834038063884,-0.0003040566807612777,patch_matched_layer_random_14,Illinois,865227_1993.txt_headquarters_state_49,0.06704679090747041,2,-1.2894598245620728,-2.5789196491241455,0.06704679090747041,headquarters_state
-1.3821160793304443,-2.7642321586608887,-0.00015202834038063884,-0.0003040566807612777,patch_matched_layer_random_15,Illinois,865227_1993.txt_headquarters_state_49,-2.62203719501903,2,-5.005677223205566,-10.011354446411133,-2.62203719501903,headquarters_state
-1.3821160793304443,-2.7642321586608887,-0.00015202834038063884,-0.0003040566807612777,patch_matched_layer_random_16,Illinois,865227_1993.txt_headquarters_state_49,0.7267890999601204,2,-0.3777196705341339,-0.7554393410682678,0.7267890999601204,headquarters_state
-1.3821160793304443,-2.7642321586608887,-0.00015202834038063884,-0.0003040566807612777,patch_matched_layer_random_17,Illinois,865227_1993.txt_headquarters_state_49,0.572498053764754,2,-0.5909443497657776,-1.1818886995315552,0.572498053764754,headquarters_state
-1.3821160793304443,-2.7642321586608887,-0.00015202834038063884,-0.0003040566807612777,patch_matched_layer_random_18,Illinois,865227_1993.txt_headquarters_state_49,0.7865607433959758,2,-0.29511740803718567,-0.5902348160743713,0.7865607433959758,headquarters_state
-1.3821160793304443,-2.7642321586608887,-0.00015202834038063884,-0.0003040566807612777,patch_matched_layer_random_19,Illinois,865227_1993.txt_headquarters_state_49,0.9808515725696789,2,-0.026614466682076454,-0.05322893336415291,0.9808515725696789,headquarters_state
-0.35748836398124695,-4.289860248565674,-0.3286074995994568,-3.9432897567749023,patch_qr,"CABLE TV FUND 14-B, LTD.",821480_1993.txt_registrant_name_235,7.8021156126268085,12,-0.13215652108192444,-1.5858782529830933,7.802112584977388,registrant_name
-0.35748836398124695,-4.289860248565674,-0.3286074995994568,-3.9432897567749023,patch_bottom,"CABLE TV FUND 14-B, LTD.",821480_1993.txt_registrant_name_235,-0.33873432664555386,12,-0.3672713041305542,-4.40725564956665,-0.3387345541000343,registrant_name
-0.35748836398124695,-4.289860248565674,-0.3286074995994568,-3.9432897567749023,patch_same_layer,"CABLE TV FUND 14-B, LTD.",821480_1993.txt_registrant_name_235,-7.245723525690835,12,-0.5667511224746704,-6.801013469696045,-7.245721377359451,registrant_name
-0.35748836398124695,-4.289860248565674,-0.3286074995994568,-3.9432897567749023,patch_random_00,"CABLE TV FUND 14-B, LTD.",821480_1993.txt_registrant_name_235,0.343939257915489,12,-0.34755510091781616,-4.170660972595215,0.3439394835796376,registrant_name
-0.35748836398124695,-4.289860248565674,-0.3286074995994568,-3.9432897567749023,patch_random_01,"CABLE TV FUND 14-B, LTD.",821480_1993.txt_registrant_name_235,1.7736422445595363,12,-0.3062640428543091,-3.675168514251709,1.7736412905143153,registrant_name
-0.35748836398124695,-4.289860248565674,-0.3286074995994568,-3.9432897567749023,patch_random_02,"CABLE TV FUND 14-B, LTD.",821480_1993.txt_registrant_name_235,0.1418158028069893,12,-0.3533926010131836,-4.240711212158203,0.14181541005846088,registrant_name
-0.35748836398124695,-4.289860248565674,-0.3286074995994568,-3.9432897567749023,patch_random_03,"CABLE TV FUND 14-B, LTD.",821480_1993.txt_registrant_name_235,-0.9885664872183026,12,-0.38603901863098145,-4.632468223571777,-0.9885664911510695,registrant_name
-0.35748836398124695,-4.289860248565674,-0.3286074995994568,-3.9432897567749023,patch_random_04,"CABLE TV FUND 14-B, LTD.",821480_1993.txt_registrant_name_235,3.096466652426371,12,-0.26805973052978516,-3.2167165279388428,3.0964659313081393,registrant_name
-0.35748836398124695,-4.289860248565674,-0.3286074995994568,-3.9432897567749023,patch_random_05,"CABLE TV FUND 14-B, LTD.",821480_1993.txt_registrant_name_235,-1.7365906461895342,12,-0.4076426029205322,-4.891711235046387,-1.7365903928256452,registrant_name
-0.35748836398124695,-4.289860248565674,-0.3286074995994568,-3.9432897567749023,patch_random_06,"CABLE TV FUND 14-B, LTD.",821480_1993.txt_registrant_name_235,1.0211241371980257,12,-0.3279974162578583,-3.9359688758850098,1.0211237859636138,registrant_name
-0.35748836398124695,-4.289860248565674,-0.3286074995994568,-3.9432897567749023,patch_random_07,"CABLE TV FUND 14-B, LTD.",821480_1993.txt_registrant_name_235,2.147026925509839,12,-0.2954803705215454,-3.545764446258545,2.147025843032095,registrant_name
-0.35748836398124695,-4.289860248565674,-0.3286074995994568,-3.9432897567749023,patch_random_08,"CABLE TV FUND 14-B, LTD.",821480_1993.txt_registrant_name_235,-0.82793182406837,12,-0.3813997507095337,-4.576797008514404,-0.8279318832543812,registrant_name
-0.35748836398124695,-4.289860248565674,-0.3286074995994568,-3.9432897567749023,patch_random_09,"CABLE TV FUND 14-B, LTD.",821480_1993.txt_registrant_name_235,2.6100800655466365,12,-0.28210699558258057,-3.3852837085723877,2.6100795117300097,registrant_name
-0.35748836398124695,-4.289860248565674,-0.3286074995994568,-3.9432897567749023,patch_random_10,"CABLE TV FUND 14-B, LTD.",821480_1993.txt_registrant_name_235,-0.6153613578225143,12,-0.37526053190231323,-4.50312614440918,-0.6153608021892899,registrant_name
-0.35748836398124695,-4.289860248565674,-0.3286074995994568,-3.9432897567749023,patch_random_11,"CABLE TV FUND 14-B, LTD.",821480_1993.txt_registrant_name_235,0.615168391496686,12,-0.33972176909446716,-4.076661109924316,0.6151681798982129,registrant_name
-0.35748836398124695,-4.289860248565674,-0.3286074995994568,-3.9432897567749023,patch_random_12,"CABLE TV FUND 14-B, LTD.",821480_1993.txt_registrant_name_235,-0.6748073690434546,12,-0.3769773840904236,-4.523728370666504,-0.6748067929626822,registrant_name
-0.35748836398124695,-4.289860248565674,-0.3286074995994568,-3.9432897567749023,patch_random_13,"CABLE TV FUND 14-B, LTD.",821480_1993.txt_registrant_name_235,-3.270547044055141,12,-0.45194458961486816,-5.423335075378418,-3.2705462630587596,registrant_name
-0.35748836398124695,-4.289860248565674,-0.3286074995994568,-3.9432897567749023,patch_random_14,"CABLE TV FUND 14-B, LTD.",821480_1993.txt_registrant_name_235,-0.6221492321075328,12,-0.3754565715789795,-4.505478858947754,-0.6221493620762482,registrant_name
-0.35748836398124695,-4.289860248565674,-0.3286074995994568,-3.9432897567749023,patch_random_15,"CABLE TV FUND 14-B, LTD.",821480_1993.txt_registrant_name_235,-1.2083953766506619,12,-0.39238786697387695,-4.708654403686523,-1.2083953049692424,registrant_name
-0.35748836398124695,-4.289860248565674,-0.3286074995994568,-3.9432897567749023,patch_random_16,"CABLE TV FUND 14-B, LTD.",821480_1993.txt_registrant_name_235,0.5695777752324109,12,-0.34103846549987793,-4.092461585998535,0.5695772353472911,registrant_name
-0.35748836398124695,-4.289860248565674,-0.3286074995994568,-3.9432897567749023,patch_random_17,"CABLE TV FUND 14-B, LTD.",821480_1993.txt_registrant_name_235,2.151213366065375,12,-0.29535946249961853,-3.544313430786133,2.1512126261160054,registrant_name
-0.35748836398124695,-4.289860248565674,-0.3286074995994568,-3.9432897567749023,patch_random_18,"CABLE TV FUND 14-B, LTD.",821480_1993.txt_registrant_name_235,3.127301020244954,12,-0.26716920733451843,-3.2060303688049316,3.1272999445522975,registrant_name
-0.35748836398124695,-4.289860248565674,-0.3286074995994568,-3.9432897567749023,patch_random_19,"CABLE TV FUND 14-B, LTD.",821480_1993.txt_registrant_name_235,-0.45614350090446515,12,-0.3706621825695038,-4.447946071624756,-0.45614334400552553,registrant_name
-0.35748836398124695,-4.289860248565674,-0.3286074995994568,-3.9432897567749023,patch_matched_layer_random_00,"CABLE TV FUND 14-B, LTD.",821480_1993.txt_registrant_name_235,0.6451772349266985,12,-0.3388550877571106,-4.066260814666748,0.6451773569745092,registrant_name
-0.35748836398124695,-4.289860248565674,-0.3286074995994568,-3.9432897567749023,patch_matched_layer_random_01,"CABLE TV FUND 14-B, LTD.",821480_1993.txt_registrant_name_235,-3.637707271115624,12,-0.46254849433898926,-5.550581932067871,-3.637706363827735,registrant_name
-0.35748836398124695,-4.289860248565674,-0.3286074995994568,-3.9432897567749023,patch_matched_layer_random_02,"CABLE TV FUND 14-B, LTD.",821480_1993.txt_registrant_name_235,-1.0813585242100505,12,-0.38871893286705017,-4.6646270751953125,-1.081358152256914,registrant_name
-0.35748836398124695,-4.289860248565674,-0.3286074995994568,-3.9432897567749023,patch_matched_layer_random_03,"CABLE TV FUND 14-B, LTD.",821480_1993.txt_registrant_name_235,0.7616783323581826,12,-0.3354904353618622,-4.025885105133057,0.761678070364923,registrant_name
-0.35748836398124695,-4.289860248565674,-0.3286074995994568,-3.9432897567749023,patch_matched_layer_random_04,"CABLE TV FUND 14-B, LTD.",821480_1993.txt_registrant_name_235,-1.1143929145241729,12,-0.38967299461364746,-4.6760759353637695,-1.1143928751766277,registrant_name
-0.35748836398124695,-4.289860248565674,-0.3286074995994568,-3.9432897567749023,patch_matched_layer_random_05,"CABLE TV FUND 14-B, LTD.",821480_1993.txt_registrant_name_235,4.377734678525324,12,-0.2310556024312973,-2.772667169570923,4.377733000738844,registrant_name
-0.35748836398124695,-4.289860248565674,-0.3286074995994568,-3.9432897567749023,patch_matched_layer_random_06,"CABLE TV FUND 14-B, LTD.",821480_1993.txt_registrant_name_235,1.8765190938631549,12,-0.3032928705215454,-3.639514446258545,1.8765181044315509,registrant_name
-0.35748836398124695,-4.289860248565674,-0.3286074995994568,-3.9432897567749023,patch_matched_layer_random_07,"CABLE TV FUND 14-B, LTD.",821480_1993.txt_registrant_name_235,1.4156783591877253,12,-0.31660234928131104,-3.7992281913757324,1.415677528270761,registrant_name
-0.35748836398124695,-4.289860248565674,-0.3286074995994568,-3.9432897567749023,patch_matched_layer_random_08,"CABLE TV FUND 14-B, LTD.",821480_1993.txt_registrant_name_235,-7.135815272407569,12,-0.563576877117157,-6.762922286987305,-7.135812473944395,registrant_name
-0.35748836398124695,-4.289860248565674,-0.3286074995994568,-3.9432897567749023,patch_matched_layer_random_09,"CABLE TV FUND 14-B, LTD.",821480_1993.txt_registrant_name_235,3.5288577528607,12,-0.2555719017982483,-3.0668625831604004,3.5288568830136033,registrant_name
-0.35748836398124695,-4.289860248565674,-0.3286074995994568,-3.9432897567749023,patch_matched_layer_random_10,"CABLE TV FUND 14-B, LTD.",821480_1993.txt_registrant_name_235,1.9459838754448802,12,-0.3012866675853729,-3.6154398918151855,1.9459832060879652,registrant_name
-0.35748836398124695,-4.289860248565674,-0.3286074995994568,-3.9432897567749023,patch_matched_layer_random_11,"CABLE TV FUND 14-B, LTD.",821480_1993.txt_registrant_name_235,-2.4619479692615993,12,-0.4285915493965149,-5.1430983543396,-2.4619467784609754,registrant_name
-0.35748836398124695,-4.289860248565674,-0.3286074995994568,-3.9432897567749023,patch_matched_layer_random_12,"CABLE TV FUND 14-B, LTD.",821480_1993.txt_registrant_name_235,2.402103642523174,12,-0.288113534450531,-3.457362413406372,2.402102472307106,registrant_name
-0.35748836398124695,-4.289860248565674,-0.3286074995994568,-3.9432897567749023,patch_matched_layer_random_13,"CABLE TV FUND 14-B, LTD.",821480_1993.txt_registrant_name_235,3.1253321445782136,12,-0.26722607016563416,-3.2067127227783203,3.1253310695627885,registrant_name
-0.35748836398124695,-4.289860248565674,-0.3286074995994568,-3.9432897567749023,patch_matched_layer_random_14,"CABLE TV FUND 14-B, LTD.",821480_1993.txt_registrant_name_235,0.43460041007924,12,-0.344936728477478,-4.139240741729736,0.43459991662206543,registrant_name
-0.35748836398124695,-4.289860248565674,-0.3286074995994568,-3.9432897567749023,patch_matched_layer_random_15,"CABLE TV FUND 14-B, LTD.",821480_1993.txt_registrant_name_235,-3.811920778552051,12,-0.4675799310207367,-5.610959053039551,-3.8119194673718475,registrant_name
-0.35748836398124695,-4.289860248565674,-0.3286074995994568,-3.9432897567749023,patch_matched_layer_random_16,"CABLE TV FUND 14-B, LTD.",821480_1993.txt_registrant_name_235,-0.7114296947314002,12,-0.3780350685119629,-4.536420822143555,-0.7114297939904597,registrant_name
-0.35748836398124695,-4.289860248565674,-0.3286074995994568,-3.9432897567749023,patch_matched_layer_random_17,"CABLE TV FUND 14-B, LTD.",821480_1993.txt_registrant_name_235,-2.6298451832199787,12,-0.43344056606292725,-5.201286792755127,-2.629844622604776,registrant_name
-0.35748836398124695,-4.289860248565674,-0.3286074995994568,-3.9432897567749023,patch_matched_layer_random_18,"CABLE TV FUND 14-B, LTD.",821480_1993.txt_registrant_name_235,1.373572487748702,12,-0.31781840324401855,-3.8138208389282227,1.373571671314826,registrant_name
-0.35748836398124695,-4.289860248565674,-0.3286074995994568,-3.9432897567749023,patch_matched_layer_random_19,"CABLE TV FUND 14-B, LTD.",821480_1993.txt_registrant_name_235,3.852104726023934,12,-0.24623624980449677,-2.9548349380493164,3.852103229037535,registrant_name
-1.046790361404419,-6.2807416915893555,-0.025628753006458282,-0.1537725180387497,patch_qr,Acceptance Insurance Companies Inc.,74783_1993.txt_registrant_name_201,0.9685389522454039,6,-0.057755567133426666,-0.3465333878993988,0.9685389522289789,registrant_name
-1.046790361404419,-6.2807416915893555,-0.025628753006458282,-0.1537725180387497,patch_bottom,Acceptance Insurance Companies Inc.,74783_1993.txt_registrant_name_201,-0.008054984550298858,6,-1.0550158023834229,-6.330094337463379,-0.008054985177185633,registrant_name
-1.046790361404419,-6.2807416915893555,-0.025628753006458282,-0.1537725180387497,patch_same_layer,Acceptance Insurance Companies Inc.,74783_1993.txt_registrant_name_201,-0.12319620240165348,6,-1.172593593597412,-7.0355610847473145,-0.12319621198951419,registrant_name
-1.046790361404419,-6.2807416915893555,-0.025628753006458282,-0.1537725180387497,patch_random_00,Acceptance Insurance Companies Inc.,74783_1993.txt_registrant_name_201,-0.07959293668619438,6,-1.1280676126480103,-6.768405437469482,-0.07959298179356167,registrant_name
-1.046790361404419,-6.2807416915893555,-0.025628753006458282,-0.1537725180387497,patch_random_01,Acceptance Insurance Companies Inc.,74783_1993.txt_registrant_name_201,0.3074094964663534,6,-0.7328755855560303,-4.397253513336182,0.30740944256484387,registrant_name
-1.046790361404419,-6.2807416915893555,-0.025628753006458282,-0.1537725180387497,patch_random_02,Acceptance Insurance Companies Inc.,74783_1993.txt_registrant_name_201,0.04943408224916999,6,-0.9963101744651794,-5.977860927581787,0.049434027726966284,registrant_name
-1.046790361404419,-6.2807416915893555,-0.025628753006458282,-0.1537725180387497,patch_random_03,Acceptance Insurance Companies Inc.,74783_1993.txt_registrant_name_201,-0.05408711995493937,6,-1.1020220518112183,-6.6121320724487305,-0.05408716307729239,registrant_name
-1.046790361404419,-6.2807416915893555,-0.025628753006458282,-0.1537725180387497,patch_random_04,Acceptance Insurance Companies Inc.,74783_1993.txt_registrant_name_201,0.2128244240790017,6,-0.8294622302055359,-4.976773262023926,0.21282438227280556,registrant_name
-1.046790361404419,-6.2807416915893555,-0.025628753006458282,-0.1537725180387497,patch_random_05,Acceptance Insurance Companies Inc.,74783_1993.txt_registrant_name_201,0.20481981236686886,6,-0.8376362323760986,-5.025817394256592,0.2048197504812203,registrant_name
-1.046790361404419,-6.2807416915893555,-0.025628753006458282,-0.1537725180387497,patch_random_06,Acceptance Insurance Companies Inc.,74783_1993.txt_registrant_name_201,-0.06800718390801452,6,-1.116236686706543,-6.697420120239258,-0.06800726702668154,registrant_name
-1.046790361404419,-6.2807416915893555,-0.025628753006458282,-0.1537725180387497,patch_random_07,Acceptance Insurance Companies Inc.,74783_1993.txt_registrant_name_201,0.2553267835364667,6,-0.7860604524612427,-4.716362476348877,0.2553267644945427,registrant_name
-1.046790361404419,-6.2807416915893555,-0.025628753006458282,-0.1537725180387497,patch_random_08,Acceptance Insurance Companies Inc.,74783_1993.txt_registrant_name_201,-0.11109212887849786,6,-1.1602333784103394,-6.961400032043457,-0.1110921764373195,registrant_name
-1.046790361404419,-6.2807416915893555,-0.025628753006458282,-0.1537725180387497,patch_random_09,Acceptance Insurance Companies Inc.,74783_1993.txt_registrant_name_201,-0.005683783880941316,6,-1.0525944232940674,-6.315566062927246,-0.005683784323287161,registrant_name
-1.046790361404419,-6.2807416915893555,-0.025628753006458282,-0.1537725180387497,patch_random_10,Acceptance Insurance Companies Inc.,74783_1993.txt_registrant_name_201,-0.11539909409587071,6,-1.1646314859390259,-6.987788677215576,-0.11539914198988598,registrant_name
-1.046790361404419,-6.2807416915893555,-0.025628753006458282,-0.1537725180387497,patch_random_11,Acceptance Insurance Companies Inc.,74783_1993.txt_registrant_name_201,0.16419058703406794,6,-0.8791252374649048,-5.27475118637085,0.16419056089938344,registrant_name
-1.046790361404419,-6.2807416915893555,-0.025628753006458282,-0.1537725180387497,patch_random_12,Acceptance Insurance Companies Inc.,74783_1993.txt_registrant_name_201,-0.0020633601728482945,6,-1.048897385597229,-6.293384075164795,-0.0020633992464031176,registrant_name
-1.046790361404419,-6.2807416915893555,-0.025628753006458282,-0.1537725180387497,patch_random_13,Acceptance Insurance Companies Inc.,74783_1993.txt_registrant_name_201,-0.04087939680948628,6,-1.0885348320007324,-6.531208515167236,-0.04087939999096392,registrant_name
-1.046790361404419,-6.2807416915893555,-0.025628753006458282,-0.1537725180387497,patch_random_14,Acceptance Insurance Companies Inc.,74783_1993.txt_registrant_name_201,0.0034604914061523054,6,-1.0432566404342651,-6.259539604187012,0.003460452762496444,registrant_name
-1.046790361404419,-6.2807416915893555,-0.025628753006458282,-0.1537725180387497,patch_random_15,Acceptance Insurance Companies Inc.,74783_1993.txt_registrant_name_201,-0.25969550363539184,6,-1.311981439590454,-7.871888637542725,-0.2596956016723832,registrant_name
-1.046790361404419,-6.2807416915893555,-0.025628753006458282,-0.1537725180387497,patch_random_16,Acceptance Insurance Companies Inc.,74783_1993.txt_registrant_name_201,-0.01828177971760873,6,-1.0654590129852295,-6.392754077911377,-0.01828185896634923,registrant_name
-1.046790361404419,-6.2807416915893555,-0.025628753006458282,-0.1537725180387497,patch_random_17,Acceptance Insurance Companies Inc.,74783_1993.txt_registrant_name_201,0.1922225169636406,6,-0.8505001068115234,-5.103000640869141,0.19222245409759564,registrant_name
-1.046790361404419,-6.2807416915893555,-0.025628753006458282,-0.1537725180387497,patch_random_18,Acceptance Insurance Companies Inc.,74783_1993.txt_registrant_name_201,0.11776749303147162,6,-0.9265307188034058,-5.5591840744018555,0.11776746328386603,registrant_name
-1.046790361404419,-6.2807416915893555,-0.025628753006458282,-0.1537725180387497,patch_random_19,Acceptance Insurance Companies Inc.,74783_1993.txt_registrant_name_201,-0.36324197981276407,6,-1.4177191257476807,-8.506314277648926,-0.36324200808241397,registrant_name
-1.046790361404419,-6.2807416915893555,-0.025628753006458282,-0.1537725180387497,patch_matched_layer_random_00,Acceptance Insurance Companies Inc.,74783_1993.txt_registrant_name_201,-0.13337863678448345,6,-1.1829915046691895,-7.097949028015137,-0.13337872499074546,registrant_name
-1.046790361404419,-6.2807416915893555,-0.025628753006458282,-0.1537725180387497,patch_matched_layer_random_01,Acceptance Insurance Companies Inc.,74783_1993.txt_registrant_name_201,-0.18445155817291967,6,-1.2351452112197876,-7.4108710289001465,-0.18445161144100813,registrant_name
-1.046790361404419,-6.2807416915893555,-0.025628753006458282,-0.1537725180387497,patch_matched_layer_random_02,Acceptance Insurance Companies Inc.,74783_1993.txt_registrant_name_201,-0.036706914812431476,6,-1.0842740535736084,-6.50564432144165,-0.0367069954951255,registrant_name
-1.046790361404419,-6.2807416915893555,-0.025628753006458282,-0.1537725180387497,patch_matched_layer_random_03,Acceptance Insurance Companies Inc.,74783_1993.txt_registrant_name_201,0.21243358221995243,6,-0.8298613429069519,-4.979167938232422,0.21243354038333864,registrant_name
-1.046790361404419,-6.2807416915893555,-0.025628753006458282,-0.1537725180387497,patch_matched_layer_random_04,Acceptance Insurance Companies Inc.,74783_1993.txt_registrant_name_201,-0.05954676513535063,6,-1.1075972318649292,-6.645583152770996,-0.059546808682605694,registrant_name
-1.046790361404419,-6.2807416915893555,-0.025628753006458282,-0.1537725180387497,patch_matched_layer_random_05,Acceptance Insurance Companies Inc.,74783_1993.txt_registrant_name_201,0.3764415896042136,6,-0.6623826622962952,-3.9742958545684814,0.37644156053167777,registrant_name
-1.046790361404419,-6.2807416915893555,-0.025628753006458282,-0.1537725180387497,patch_matched_layer_random_06,Acceptance Insurance Companies Inc.,74783_1993.txt_registrant_name_201,-0.16995725553864277,6,-1.2203441858291626,-7.3220648765563965,-0.16995730767869843,registrant_name
-1.046790361404419,-6.2807416915893555,-0.025628753006458282,-0.1537725180387497,patch_matched_layer_random_07,Acceptance Insurance Companies Inc.,74783_1993.txt_registrant_name_201,0.21628439016007464,6,-0.8259290456771851,-4.955574035644531,0.21628436807963955,registrant_name
-1.046790361404419,-6.2807416915893555,-0.025628753006458282,-0.1537725180387497,patch_matched_layer_random_08,Acceptance Insurance Companies Inc.,74783_1993.txt_registrant_name_201,-0.03504525321693939,6,-1.0825772285461426,-6.495462894439697,-0.035045255944369295,registrant_name
-1.046790361404419,-6.2807416915893555,-0.025628753006458282,-0.1537725180387497,patch_matched_layer_random_09,Acceptance Insurance Companies Inc.,74783_1993.txt_registrant_name_201,0.27090880093230024,6,-0.7701486945152283,-4.62089204788208,0.27090876364657557,registrant_name
-1.046790361404419,-6.2807416915893555,-0.025628753006458282,-0.1537725180387497,patch_matched_layer_random_10,Acceptance Insurance Companies Inc.,74783_1993.txt_registrant_name_201,0.06677593866088406,6,-0.978601336479187,-5.871607780456543,0.06677590494481264,registrant_name
-1.046790361404419,-6.2807416915893555,-0.025628753006458282,-0.1537725180387497,patch_matched_layer_random_11,Acceptance Insurance Companies Inc.,74783_1993.txt_registrant_name_201,0.21072680103708802,6,-0.8316042423248291,-4.989625453948975,0.21072673961115643,registrant_name
-1.046790361404419,-6.2807416915893555,-0.025628753006458282,-0.1537725180387497,patch_matched_layer_random_12,Acceptance Insurance Companies Inc.,74783_1993.txt_registrant_name_201,0.047256843273005514,6,-0.9985334873199463,-5.991200923919678,0.047256769124870195,registrant_name
-1.046790361404419,-6.2807416915893555,-0.025628753006458282,-0.1537725180387497,patch_matched_layer_random_13,Acceptance Insurance Companies Inc.,74783_1993.txt_registrant_name_201,0.17262100390775464,6,-0.8705164194107056,-5.223098278045654,0.17262097842917531,registrant_name
-1.046790361404419,-6.2807416915893555,-0.025628753006458282,-0.1537725180387497,patch_matched_layer_random_14,Acceptance Insurance Companies Inc.,74783_1993.txt_registrant_name_201,-0.05620534741385491,6,-1.1041851043701172,-6.625110626220703,-0.05620542961403286,registrant_name
-1.046790361404419,-6.2807416915893555,-0.025628753006458282,-0.1537725180387497,patch_matched_layer_random_15,Acceptance Insurance Companies Inc.,74783_1993.txt_registrant_name_201,-0.34115684652053596,6,-1.3951666355133057,-8.370999336242676,-0.34115687307138953,registrant_name
-1.046790361404419,-6.2807416915893555,-0.025628753006458282,-0.1537725180387497,patch_matched_layer_random_16,Acceptance Insurance Companies Inc.,74783_1993.txt_registrant_name_201,0.05265537563585038,6,-0.9930207133293152,-5.958124160766602,0.05265532136434687,registrant_name
-1.046790361404419,-6.2807416915893555,-0.025628753006458282,-0.1537725180387497,patch_matched_layer_random_17,Acceptance Insurance Companies Inc.,74783_1993.txt_registrant_name_201,-0.11387063159272487,6,-1.1630706787109375,-6.978424072265625,-0.11387071828075797,registrant_name
-1.046790361404419,-6.2807416915893555,-0.025628753006458282,-0.1537725180387497,patch_matched_layer_random_18,Acceptance Insurance Companies Inc.,74783_1993.txt_registrant_name_201,-0.006757665082074638,6,-1.053691029548645,-6.322145938873291,-0.006757704520968171,registrant_name
-1.046790361404419,-6.2807416915893555,-0.025628753006458282,-0.1537725180387497,patch_matched_layer_random_19,Acceptance Insurance Companies Inc.,74783_1993.txt_registrant_name_201,0.4736300563460032,6,-0.5631375312805176,-3.3788249492645264,0.47363005429373745,registrant_name
-0.9146268963813782,-8.23164176940918,-1.2119272469135467e-05,-0.0001090734513127245,patch_qr,"JMB Income Properties, Ltd. - XII",765813_1993.txt_registrant_name_231,0.9997069990102057,9,-0.0002801023074425757,-0.0025209207087755203,0.9997069990065584,registrant_name
-0.9146268963813782,-8.23164176940918,-1.2119272469135467e-05,-0.0001090734513127245,patch_bottom,"JMB Income Properties, Ltd. - XII",765813_1993.txt_registrant_name_231,-0.01178199128561038,9,-0.9254028797149658,-8.328625679016113,-0.011781998953191063,registrant_name
-0.9146268963813782,-8.23164176940918,-1.2119272469135467e-05,-0.0001090734513127245,patch_same_layer,"JMB Income Properties, Ltd. - XII",765813_1993.txt_registrant_name_231,-0.24658256900551698,9,-1.1401549577713013,-10.261394500732422,-0.24658259965607157,registrant_name
-0.9146268963813782,-8.23164176940918,-1.2119272469135467e-05,-0.0001090734513127245,patch_random_00,"JMB Income Properties, Ltd. - XII",765813_1993.txt_registrant_name_231,-0.1371948892386993,9,-1.0401073694229126,-9.360965728759766,-0.13719485800076403,registrant_name
-0.9146268963813782,-8.23164176940918,-1.2119272469135467e-05,-0.0001090734513127245,patch_random_01,"JMB Income Properties, Ltd. - XII",765813_1993.txt_registrant_name_231,0.4931955068233039,9,-0.46354299783706665,-4.171886920928955,0.493195495715371,registrant_name
-0.9146268963813782,-8.23164176940918,-1.2119272469135467e-05,-0.0001090734513127245,patch_random_02,"JMB Income Properties, Ltd. - XII",765813_1993.txt_registrant_name_231,0.09931624767533036,9,-0.8237907886505127,-7.414116859436035,0.099316244030057,registrant_name
-0.9146268963813782,-8.23164176940918,-1.2119272469135467e-05,-0.0001090734513127245,patch_random_03,"JMB Income Properties, Ltd. - XII",765813_1993.txt_registrant_name_231,0.060849910942325565,9,-0.8589726686477661,-7.7307538986206055,0.060849891422351705,registrant_name
-0.9146268963813782,-8.23164176940918,-1.2119272469135467e-05,-0.0001090734513127245,patch_random_04,"JMB Income Properties, Ltd. - XII",765813_1993.txt_registrant_name_231,0.17623647383845678,9,-0.753438413143158,-6.780945777893066,0.17623643677300638,registrant_name
-0.9146268963813782,-8.23164176940918,-1.2119272469135467e-05,-0.0001090734513127245,patch_random_05,"JMB Income Properties, Ltd. - XII",765813_1993.txt_registrant_name_231,0.24184158032777933,9,-0.69343501329422,-6.240915298461914,0.2418415311555309,registrant_name
-0.9146268963813782,-8.23164176940918,-1.2119272469135467e-05,-0.0001090734513127245,patch_random_06,"JMB Income Properties, Ltd. - XII",765813_1993.txt_registrant_name_231,0.015403374395112973,9,-0.9005387425422668,-8.104848861694336,0.015403317024678285,registrant_name
-0.9146268963813782,-8.23164176940918,-1.2119272469135467e-05,-0.0001090734513127245,patch_random_07,"JMB Income Properties, Ltd. - XII",765813_1993.txt_registrant_name_231,0.274527480838614,9,-0.6635400056838989,-5.971859931945801,0.2745274690548281,registrant_name
-0.9146268963813782,-8.23164176940918,-1.2119272469135467e-05,-0.0001090734513127245,patch_random_08,"JMB Income Properties, Ltd. - XII",765813_1993.txt_registrant_name_231,-0.03675584270800678,9,-0.9482443332672119,-8.534198760986328,-0.03675585127976476,registrant_name
-0.9146268963813782,-8.23164176940918,-1.2119272469135467e-05,-0.0001090734513127245,patch_random_09,"JMB Income Properties, Ltd. - XII",765813_1993.txt_registrant_name_231,0.09427346077951955,9,-0.8284029960632324,-7.455626964569092,0.09427342798761568,registrant_name
-0.9146268963813782,-8.23164176940918,-1.2119272469135467e-05,-0.0001090734513127245,patch_random_10,"JMB Income Properties, Ltd. - XII",765813_1993.txt_registrant_name_231,0.11191467775947676,9,-0.812268078327179,-7.310412406921387,0.11191468181134323,registrant_name
-0.9146268963813782,-8.23164176940918,-1.2119272469135467e-05,-0.0001090734513127245,patch_random_11,"JMB Income Properties, Ltd. - XII",765813_1993.txt_registrant_name_231,0.19162023232693187,9,-0.739368200302124,-6.654313564300537,0.1916202320235206,registrant_name
-0.9146268963813782,-8.23164176940918,-1.2119272469135467e-05,-0.0001090734513127245,patch_random_12,"JMB Income Properties, Ltd. - XII",765813_1993.txt_registrant_name_231,0.03976952372648539,9,-0.8782531023025513,-7.904277801513672,0.03976950344329695,registrant_name
-0.9146268963813782,-8.23164176940918,-1.2119272469135467e-05,-0.0001090734513127245,patch_random_13,"JMB Income Properties, Ltd. - XII",765813_1993.txt_registrant_name_231,-0.3288497263710289,9,-1.2153977155685425,-10.938579559326172,-0.32884978896411926,registrant_name
-0.9146268963813782,-8.23164176940918,-1.2119272469135467e-05,-0.0001090734513127245,patch_random_14,"JMB Income Properties, Ltd. - XII",765813_1993.txt_registrant_name_231,-0.09347344460049431,9,-1.0001190900802612,-9.00107192993164,-0.09347349867179575,registrant_name
-0.9146268963813782,-8.23164176940918,-1.2119272469135467e-05,-0.0001090734513127245,patch_random_15,"JMB Income Properties, Ltd. - XII",765813_1993.txt_registrant_name_231,-0.25223794567672997,9,-1.1453274488449097,-10.307947158813477,-0.2522380054960939,registrant_name
-0.9146268963813782,-8.23164176940918,-1.2119272469135467e-05,-0.0001090734513127245,patch_random_16,"JMB Income Properties, Ltd. - XII",765813_1993.txt_registrant_name_231,-0.03760271548793779,9,-0.9490188956260681,-8.541170120239258,-0.03760276029542754,registrant_name
-0.9146268963813782,-8.23164176940918,-1.2119272469135467e-05,-0.0001090734513127245,patch_random_17,"JMB Income Properties, Ltd. - XII",765813_1993.txt_registrant_name_231,0.29041238989866813,9,-0.6490114331245422,-5.841102600097656,0.2904124004130372,registrant_name
-0.9146268963813782,-8.23164176940918,-1.2119272469135467e-05,-0.0001090734513127245,patch_random_18,"JMB Income Properties, Ltd. - XII",765813_1993.txt_registrant_name_231,0.13893119023721426,9,-0.787558376789093,-7.0880255699157715,0.13893113733909923,registrant_name
-0.9146268963813782,-8.23164176940918,-1.2119272469135467e-05,-0.0001090734513127245,patch_random_19,"JMB Income Properties, Ltd. - XII",765813_1993.txt_registrant_name_231,0.09328315075536937,9,-0.8293087482452393,-7.463778495788574,0.09328314689166799,registrant_name
-0.9146268963813782,-8.23164176940918,-1.2119272469135467e-05,-0.0001090734513127245,patch_matched_layer_random_00,"JMB Income Properties, Ltd. - XII",765813_1993.txt_registrant_name_231,0.18396103539890327,9,-0.7463734149932861,-6.717360496520996,0.1839610348181911,registrant_name
-0.9146268963813782,-8.23164176940918,-1.2119272469135467e-05,-0.0001090734513127245,patch_matched_layer_random_01,"JMB Income Properties, Ltd. - XII",765813_1993.txt_registrant_name_231,-0.19311065021666038,9,-1.0912487506866455,-9.82123851776123,-0.19311066444923797,registrant_name
-0.9146268963813782,-8.23164176940918,-1.2119272469135467e-05,-0.0001090734513127245,patch_matched_layer_random_02,"JMB Income Properties, Ltd. - XII",765813_1993.txt_registrant_name_231,0.2898754614774406,9,-0.6495025157928467,-5.845522403717041,0.289875464731356,registrant_name
-0.9146268963813782,-8.23164176940918,-1.2119272469135467e-05,-0.0001090734513127245,patch_matched_layer_random_03,"JMB Income Properties, Ltd. - XII",765813_1993.txt_registrant_name_231,0.3066118703253038,9,-0.6341951489448547,-5.707756519317627,0.3066118234980611,registrant_name
-0.9146268963813782,-8.23164176940918,-1.2119272469135467e-05,-0.0001090734513127245,patch_matched_layer_random_04,"JMB Income Properties, Ltd. - XII",765813_1993.txt_registrant_name_231,0.08654062274019261,9,-0.8354755640029907,-7.519279956817627,0.08654060415034995,registrant_name
-0.9146268963813782,-8.23164176940918,-1.2119272469135467e-05,-0.0001090734513127245,patch_matched_layer_random_05,"JMB Income Properties, Ltd. - XII",765813_1993.txt_registrant_name_231,0.9649661668742133,9,-0.03205458074808121,-0.28849121928215027,0.9649661665108311,registrant_name
-0.9146268963813782,-8.23164176940918,-1.2119272469135467e-05,-0.0001090734513127245,patch_matched_layer_random_06,"JMB Income Properties, Ltd. - XII",765813_1993.txt_registrant_name_231,-0.2702544716478086,9,-1.1618056297302246,-10.456250190734863,-0.27025445970931855,registrant_name
-0.9146268963813782,-8.23164176940918,-1.2119272469135467e-05,-0.0001090734513127245,patch_matched_layer_random_07,"JMB Income Properties, Ltd. - XII",765813_1993.txt_registrant_name_231,0.4627457870846249,9,-0.49139276146888733,-4.422534942626953,0.4627457567717257,registrant_name
-0.9146268963813782,-8.23164176940918,-1.2119272469135467e-05,-0.0001090734513127245,patch_matched_layer_random_08,"JMB Income Properties, Ltd. - XII",765813_1993.txt_registrant_name_231,-0.6503739869033733,9,-1.5094685554504395,-13.585216522216797,-0.6503739887270952,registrant_name
-0.9146268963813782,-8.23164176940918,-1.2119272469135467e-05,-0.0001090734513127245,patch_matched_layer_random_09,"JMB Income Properties, Ltd. - XII",765813_1993.txt_registrant_name_231,0.43126307154489263,9,-0.5201873183250427,-4.681685924530029,0.43126304371267005,registrant_name
-0.9146268963813782,-8.23164176940918,-1.2119272469135467e-05,-0.0001090734513127245,patch_matched_layer_random_10,"JMB Income Properties, Ltd. - XII",765813_1993.txt_registrant_name_231,0.330487230975979,9,-0.6123583912849426,-5.511225700378418,0.3304871850131428,registrant_name
-0.9146268963813782,-8.23164176940918,-1.2119272469135467e-05,-0.0001090734513127245,patch_matched_layer_random_11,"JMB Income Properties, Ltd. - XII",765813_1993.txt_registrant_name_231,-0.07470929842692484,9,-0.982957124710083,-8.846613883972168,-0.07470930837278618,registrant_name
-0.9146268963813782,-8.23164176940918,-1.2119272469135467e-05,-0.0001090734513127245,patch_matched_layer_random_12,"JMB Income Properties, Ltd. - XII",765813_1993.txt_registrant_name_231,0.41539184800109746,9,-0.5347033739089966,-4.81233024597168,0.4153918413173004,registrant_name
-0.9146268963813782,-8.23164176940918,-1.2119272469135467e-05,-0.0001090734513127245,patch_matched_layer_random_13,"JMB Income Properties, Ltd. - XII",765813_1993.txt_registrant_name_231,0.634313707727829,9,-0.33447420597076416,-3.010267734527588,0.6343137089700892,registrant_name
-0.9146268963813782,-8.23164176940918,-1.2119272469135467e-05,-0.0001090734513127245,patch_matched_layer_random_14,"JMB Income Properties, Ltd. - XII",765813_1993.txt_registrant_name_231,0.14535914688580948,9,-0.7816792726516724,-7.035113334655762,0.14535913042548915,registrant_name
-0.9146268963813782,-8.23164176940918,-1.2119272469135467e-05,-0.0001090734513127245,patch_matched_layer_random_15,"JMB Income Properties, Ltd. - XII",765813_1993.txt_registrant_name_231,0.08907003199047828,9,-0.8331621289253235,-7.4984588623046875,0.08907003521525525,registrant_name
-0.9146268963813782,-8.23164176940918,-1.2119272469135467e-05,-0.0001090734513127245,patch_matched_layer_random_16,"JMB Income Properties, Ltd. - XII",765813_1993.txt_registrant_name_231,0.30725671881760214,9,-0.6336053609848022,-5.70244836807251,0.3072566792547204,registrant_name
-0.9146268963813782,-8.23164176940918,-1.2119272469135467e-05,-0.0001090734513127245,patch_matched_layer_random_17,"JMB Income Properties, Ltd. - XII",765813_1993.txt_registrant_name_231,0.011202181580104711,9,-0.9043812155723572,-8.13943099975586,0.011202138539594314,registrant_name
-0.9146268963813782,-8.23164176940918,-1.2119272469135467e-05,-0.0001090734513127245,patch_matched_layer_random_18,"JMB Income Properties, Ltd. - XII",765813_1993.txt_registrant_name_231,-0.13139978996339458,9,-1.0348070859909058,-9.313263893127441,-0.13139984540781785,registrant_name
-0.9146268963813782,-8.23164176940918,-1.2119272469135467e-05,-0.0001090734513127245,patch_matched_layer_random_19,"JMB Income Properties, Ltd. - XII",765813_1993.txt_registrant_name_231,0.8207336067991592,9,-0.16397181153297424,-1.4757462739944458,0.8207336039292231,registrant_name
-0.2245994210243225,-2.021394729614258,-0.0008096987730823457,-0.007287289015948772,patch_qr,"JILCO INDUSTRIES, INC.",53540_1993.txt_registrant_name_21,0.997865099060738,9,-0.0012874676613137126,-0.011587209068238735,0.9978650989685969,registrant_name
-0.2245994210243225,-2.021394729614258,-0.0008096987730823457,-0.007287289015948772,patch_bottom,"JILCO INDUSTRIES, INC.",53540_1993.txt_registrant_name_21,-0.35131440454802615,9,-0.3032199740409851,-2.7289798259735107,-0.35131447414198436,registrant_name
-0.2245994210243225,-2.021394729614258,-0.0008096987730823457,-0.007287289015948772,patch_same_layer,"JILCO INDUSTRIES, INC.",53540_1993.txt_registrant_name_21,-1.4382113383627095,9,-0.5464563369750977,-4.918107032775879,-1.4382114105596702,registrant_name
-0.2245994210243225,-2.021394729614258,-0.0008096987730823457,-0.007287289015948772,patch_random_00,"JILCO INDUSTRIES, INC.",53540_1993.txt_registrant_name_21,-0.3079018260803689,9,-0.2935046851634979,-2.6415421962738037,-0.3079018795915502,registrant_name
-0.2245994210243225,-2.021394729614258,-0.0008096987730823457,-0.007287289015948772,patch_random_01,"JILCO INDUSTRIES, INC.",53540_1993.txt_registrant_name_21,0.30852180411367713,9,-0.15555541217327118,-1.399998664855957,0.308521805854463,registrant_name
-0.2245994210243225,-2.021394729614258,-0.0008096987730823457,-0.007287289015948772,patch_random_02,"JILCO INDUSTRIES, INC.",53540_1993.txt_registrant_name_21,-0.037759398894474897,9,-0.23304958641529083,-2.0974462032318115,-0.03775939261460745,registrant_name
-0.2245994210243225,-2.021394729614258,-0.0008096987730823457,-0.007287289015948772,patch_random_03,"JILCO INDUSTRIES, INC.",53540_1993.txt_registrant_name_21,0.024901996003304987,9,-0.2190266102552414,-1.971239447593689,0.024901989342569413,registrant_name
-0.2245994210243225,-2.021394729614258,-0.0008096987730823457,-0.007287289015948772,patch_random_04,"JILCO INDUSTRIES, INC.",53540_1993.txt_registrant_name_21,0.5382901844163808,9,-0.10413561016321182,-0.9372204542160034,0.5382901892642781,registrant_name
-0.2245994210243225,-2.021394729614258,-0.0008096987730823457,-0.007287289015948772,patch_random_05,"JILCO INDUSTRIES, INC.",53540_1993.txt_registrant_name_21,0.29073274264265836,9,-0.1595364212989807,-1.4358277320861816,0.29073275125488246,registrant_name
-0.2245994210243225,-2.021394729614258,-0.0008096987730823457,-0.007287289015948772,patch_random_06,"JILCO INDUSTRIES, INC.",53540_1993.txt_registrant_name_21,-0.0255290321046543,9,-0.2303125560283661,-2.072813034057617,-0.025529077251253834,registrant_name
-0.2245994210243225,-2.021394729614258,-0.0008096987730823457,-0.007287289015948772,patch_random_07,"JILCO INDUSTRIES, INC.",53540_1993.txt_registrant_name_21,0.16551941948728316,9,-0.1875578761100769,-1.6880208253860474,0.16551942439037845,registrant_name
-0.2245994210243225,-2.021394729614258,-0.0008096987730823457,-0.007287289015948772,patch_random_08,"JILCO INDUSTRIES, INC.",53540_1993.txt_registrant_name_21,0.17564594931647584,9,-0.18529166281223297,-1.6676249504089355,0.17564593232436088,registrant_name
-0.2245994210243225,-2.021394729614258,-0.0008096987730823457,-0.007287289015948772,patch_random_09,"JILCO INDUSTRIES, INC.",53540_1993.txt_registrant_name_21,0.007851900939079724,9,-0.2228422462940216,-2.005580186843872,0.0078518863748837,registrant_name
-0.2245994210243225,-2.021394729614258,-0.0008096987730823457,-0.007287289015948772,patch_random_10,"JILCO INDUSTRIES, INC.",53540_1993.txt_registrant_name_21,-0.4765138779095094,9,-0.331238329410553,-2.981144905090332,-0.476513892025031,registrant_name
-0.2245994210243225,-2.021394729614258,-0.0008096987730823457,-0.007287289015948772,patch_random_11,"JILCO INDUSTRIES, INC.",53540_1993.txt_registrant_name_21,0.06300284558565493,9,-0.21050003170967102,-1.8945002555847168,0.06300283265516653,registrant_name
-0.2245994210243225,-2.021394729614258,-0.0008096987730823457,-0.007287289015948772,patch_random_12,"JILCO INDUSTRIES, INC.",53540_1993.txt_registrant_name_21,0.29918817498479955,9,-0.15764418244361877,-1.4187976121902466,0.2991881690507058,registrant_name
-0.2245994210243225,-2.021394729614258,-0.0008096987730823457,-0.007287289015948772,patch_random_13,"JILCO INDUSTRIES, INC.",53540_1993.txt_registrant_name_21,-2.710113019959723,9,-0.8310948610305786,-7.479853630065918,-2.7101130706464076,registrant_name
-0.2245994210243225,-2.021394729614258,-0.0008096987730823457,-0.007287289015948772,patch_random_14,"JILCO INDUSTRIES, INC.",53540_1993.txt_registrant_name_21,0.16433040136454824,9,-0.18782396614551544,-1.6904157400131226,0.16433035444366112,registrant_name
-0.2245994210243225,-2.021394729614258,-0.0008096987730823457,-0.007287289015948772,patch_random_15,"JILCO INDUSTRIES, INC.",53540_1993.txt_registrant_name_21,-0.6423900627606058,9,-0.3683597147464752,-3.315237522125244,-0.6423901557737349,registrant_name
-0.2245994210243225,-2.021394729614258,-0.0008096987730823457,-0.007287289015948772,patch_random_16,"JILCO INDUSTRIES, INC.",53540_1993.txt_registrant_name_21,-0.20842701316226403,9,-0.27124324440956116,-2.4411892890930176,-0.2084270933203325,registrant_name
-0.2245994210243225,-2.021394729614258,-0.0008096987730823457,-0.007287289015948772,patch_random_17,"JILCO INDUSTRIES, INC.",53540_1993.txt_registrant_name_21,0.603903050295196,9,-0.08945212513208389,-0.8050691485404968,0.6039030274931313,registrant_name
-0.2245994210243225,-2.021394729614258,-0.0008096987730823457,-0.007287289015948772,patch_random_18,"JILCO INDUSTRIES, INC.",53540_1993.txt_registrant_name_21,0.6693870065539398,9,-0.07479748874902725,-0.6731773614883423,0.6693870152852497,registrant_name
-0.2245994210243225,-2.021394729614258,-0.0008096987730823457,-0.007287289015948772,patch_random_19,"JILCO INDUSTRIES, INC.",53540_1993.txt_registrant_name_21,0.0011037220363137117,9,-0.2243524193763733,-2.019171714782715,0.001103722069008693,registrant_name
-0.2245994210243225,-2.021394729614258,-0.0008096987730823457,-0.007287289015948772,patch_matched_layer_random_00,"JILCO INDUSTRIES, INC.",53540_1993.txt_registrant_name_21,0.18246311084651148,9,-0.18376605212688446,-1.6538944244384766,0.1824631088531265,registrant_name
-0.2245994210243225,-2.021394729614258,-0.0008096987730823457,-0.007287289015948772,patch_matched_layer_random_01,"JILCO INDUSTRIES, INC.",53540_1993.txt_registrant_name_21,-4.121093799135493,9,-1.1468578577041626,-10.321721076965332,-4.121094128367544,registrant_name
-0.2245994210243225,-2.021394729614258,-0.0008096987730823457,-0.007287289015948772,patch_matched_layer_random_02,"JILCO INDUSTRIES, INC.",53540_1993.txt_registrant_name_21,0.3951970769814396,9,-0.13615837693214417,-1.225425362586975,0.3951970738913673,registrant_name
-0.2245994210243225,-2.021394729614258,-0.0008096987730823457,-0.007287289015948772,patch_matched_layer_random_03,"JILCO INDUSTRIES, INC.",53540_1993.txt_registrant_name_21,0.33413220375744673,9,-0.14982406795024872,-1.3484165668487549,0.33413220625687606,registrant_name
-0.2245994210243225,-2.021394729614258,-0.0008096987730823457,-0.007287289015948772,patch_matched_layer_random_04,"JILCO INDUSTRIES, INC.",53540_1993.txt_registrant_name_21,0.3014975615307376,9,-0.15712736546993256,-1.4141463041305542,0.30149753346987035,registrant_name
-0.2245994210243225,-2.021394729614258,-0.0008096987730823457,-0.007287289015948772,patch_matched_layer_random_05,"JILCO INDUSTRIES, INC.",53540_1993.txt_registrant_name_21,0.9560454544502935,9,-0.01064627431333065,-0.095816470682621,0.9560454522523516,registrant_name
-0.2245994210243225,-2.021394729614258,-0.0008096987730823457,-0.007287289015948772,patch_matched_layer_random_06,"JILCO INDUSTRIES, INC.",53540_1993.txt_registrant_name_21,-0.4900649690351337,9,-0.3342709243297577,-3.0084383487701416,-0.4900650279424386,registrant_name
-0.2245994210243225,-2.021394729614258,-0.0008096987730823457,-0.007287289015948772,patch_matched_layer_random_07,"JILCO INDUSTRIES, INC.",53540_1993.txt_registrant_name_21,0.7305911600970361,9,-0.06110062822699547,-0.5499056577682495,0.7305911502957801,registrant_name
-0.2245994210243225,-2.021394729614258,-0.0008096987730823457,-0.007287289015948772,patch_matched_layer_random_08,"JILCO INDUSTRIES, INC.",53540_1993.txt_registrant_name_21,-1.4308222069791547,9,-0.544802725315094,-4.903224468231201,-1.4308222493636533,registrant_name
-0.2245994210243225,-2.021394729614258,-0.0008096987730823457,-0.007287289015948772,patch_matched_layer_random_09,"JILCO INDUSTRIES, INC.",53540_1993.txt_registrant_name_21,-0.14812154810816489,9,-0.25774750113487244,-2.3197274208068848,-0.14812153769910333,registrant_name
-0.2245994210243225,-2.021394729614258,-0.0008096987730823457,-0.007287289015948772,patch_matched_layer_random_10,"JILCO INDUSTRIES, INC.",53540_1993.txt_registrant_name_21,-0.1553247726429391,9,-0.2593595087528229,-2.334235429763794,-0.15532473285367732,registrant_name
-0.2245994210243225,-2.021394729614258,-0.0008096987730823457,-0.007287289015948772,patch_matched_layer_random_11,"JILCO INDUSTRIES, INC.",53540_1993.txt_registrant_name_21,0.1470503864046068,9,-0.191691055893898,-1.725219488143921,0.1470503685654204,registrant_name
-0.2245994210243225,-2.021394729614258,-0.0008096987730823457,-0.007287289015948772,patch_matched_layer_random_12,"JILCO INDUSTRIES, INC.",53540_1993.txt_registrant_name_21,0.004556582190457283,9,-0.22357970476150513,-2.0122172832489014,0.004556582325434536,registrant_name
-0.2245994210243225,-2.021394729614258,-0.0008096987730823457,-0.007287289015948772,patch_matched_layer_random_13,"JILCO INDUSTRIES, INC.",53540_1993.txt_registrant_name_21,0.6227494236758808,9,-0.08523450046777725,-0.7671105265617371,0.6227494014320925,registrant_name
-0.2245994210243225,-2.021394729614258,-0.0008096987730823457,-0.007287289015948772,patch_matched_layer_random_14,"JILCO INDUSTRIES, INC.",53540_1993.txt_registrant_name_21,0.1632366005748206,9,-0.18806874752044678,-1.692618727684021,0.16323657581671558,registrant_name
-0.2245994210243225,-2.021394729614258,-0.0008096987730823457,-0.007287289015948772,patch_matched_layer_random_15,"JILCO INDUSTRIES, INC.",53540_1993.txt_registrant_name_21,-4.372576758572696,9,-1.2031371593475342,-10.828234672546387,-4.372577036067141,registrant_name
-0.2245994210243225,-2.021394729614258,-0.0008096987730823457,-0.007287289015948772,patch_matched_layer_random_16,"JILCO INDUSTRIES, INC.",53540_1993.txt_registrant_name_21,0.05406360265496065,9,-0.21250054240226746,-1.9125049114227295,0.054063559866092153,registrant_name
-0.2245994210243225,-2.021394729614258,-0.0008096987730823457,-0.007287289015948772,patch_matched_layer_random_17,"JILCO INDUSTRIES, INC.",53540_1993.txt_registrant_name_21,-1.2736731235042342,9,-0.5096343755722046,-4.586709499359131,-1.2736732500143204,registrant_name
-0.2245994210243225,-2.021394729614258,-0.0008096987730823457,-0.007287289015948772,patch_matched_layer_random_18,"JILCO INDUSTRIES, INC.",53540_1993.txt_registrant_name_21,0.7147664222181253,9,-0.0646420419216156,-0.581778347492218,0.7147664285944888,registrant_name
-0.2245994210243225,-2.021394729614258,-0.0008096987730823457,-0.007287289015948772,patch_matched_layer_random_19,"JILCO INDUSTRIES, INC.",53540_1993.txt_registrant_name_21,0.9241506692120764,9,-0.0177839994430542,-0.1600559949874878,0.9241506669941313,registrant_name
